'Date (YYYY-MM-DD HH:MM:SS),'Date Millisecond Offset,'Date (J2000 mseconds),'Reset Reason,'Reset Count,'SEU Count,'Ping Pointer,'Control Pointer,'Battery Temperature(°C),'Heater On,'Mode,'Bus Voltage(V),'Battery Voltage(V),'Battery Current(mA),'State of Charge(mA*h),'Bus Target(V),'Discharge Command
2014-02-24 07:50:09,268,446500276452,0,0,0,0,0,14.0301,0,Fixed,5.07038,4.11122,-580.586,143.275,4.2,0
2014-02-24 07:51:09,850,446500337034,0,0,0,0,0,14.0301,0,Fixed,4.96884,4.10056,-450.526,133.642,4.2,0
2014-02-24 07:52:09,971,446500397155,0,0,0,0,0,14.0301,0,Fixed,5.01838,4.11081,-545.04,124.576,4.2,0
2014-02-24 07:53:13,509,446500460693,0,0,0,0,0,0,0,Fault,0,0,0,0,0,0
2014-02-24 07:54:17,819,446500525003,0,0,0,0,0,0,0,Fault,0,0,0,0,0,0
2014-02-24 07:55:17,941,446500585125,0,0,0,0,0,14.0301,0,Fixed,4.72406,4.10172,-460.997,97.9248,4.2,0
2014-02-24 07:56:18,103,446500645287,0,0,0,0,0,14.6425,0,Fixed,5.01284,4.10378,-421.042,90.5434,4.2,0
2014-02-24 07:57:21,310,446500708494,0,0,0,0,0,0,0,Fault,0,0,0,0,0,0
2014-02-24 07:58:21,847,446500769031,0,0,0,0,0,14.0301,0,Full,5.32824,4.04803,5.78657,0.0135253,4.2,0
2014-02-24 07:59:21,975,446500829159,0,0,0,0,0,14.0301,0,Full,5.3227,4.035,6.06212,0.114923,4.2,0
2014-02-24 08:00:22,96,446500889280,0,0,0,0,0,13.4183,0,Full,5.27224,4.02962,6.06212,0.216506,4.2,0
2014-02-24 08:01:24,457,446500951641,0,0,0,0,0,14.0301,0,Full,5.32778,4.02641,6.06212,0.321859,4.2,0
2014-02-24 08:02:29,883,446501017067,0,0,0,0,0,14.0301,0,Full,5.33209,4.02425,6.06212,0.432402,4.2,0
2014-02-24 08:03:35,53,446501082237,0,0,0,0,0,14.0301,0,Full,5.25301,4.02288,6.06212,0.542493,4.2,0
2014-02-24 08:04:40,41,446501147225,0,0,0,0,0,14.0301,0,Full,5.20747,4.02191,6.06212,0.652302,4.2,0
2014-02-24 08:05:45,175,446501212359,0,0,0,0,0,13.4183,0,Full,5.28732,4.02106,6.33768,0.764237,4.2,0
2014-02-24 08:06:50,17,446501277201,0,0,0,0,0,14.0301,0,Full,5.32624,4.02047,6.61323,0.879006,4.2,0
2014-02-24 08:07:55,201,446501342385,0,0,0,0,0,13.4183,0,Full,5.24131,4.02,6.61323,0.999131,4.2,0
2014-02-24 08:08:59,983,446501407167,0,0,0,0,0,13.4183,0,Full,5.25501,4.01966,6.61323,1.11855,4.2,0
2014-02-24 08:10:05,625,446501472809,0,0,0,0,0,13.4183,0,Full,5.28147,4.01931,6.61323,1.2389,4.2,0
2014-02-24 08:11:10,283,446501537467,0,0,0,0,0,13.4183,0,Full,5.29609,4.01894,6.61323,1.35872,4.2,0
2014-02-24 08:12:15,720,446501602904,0,0,0,0,0,13.4183,0,Full,5.23501,4.01872,6.61323,1.47871,4.2,0
2014-02-24 08:13:20,324,446501667508,0,0,0,0,0,13.4183,0,Full,5.25439,4.01844,6.61323,1.59842,4.2,0
2014-02-24 08:14:25,854,446501733038,0,0,0,0,0,14.0301,0,Full,5.25501,4.01828,6.61323,1.71913,4.2,0
2014-02-24 08:15:30,357,446501797541,0,0,0,0,0,13.4183,0,Full,5.26916,4.01809,6.61323,1.83811,4.2,0
2014-02-24 08:16:35,856,446501863040,0,0,0,0,0,1698.89,0,Full,5.22593,4.018,6.61323,1.95885,4.2,0
2014-02-24 08:17:40,394,446501927578,0,0,0,0,0,14.0301,0,Full,5.24532,4.01775,6.88878,2.08125,4.2,0
2014-02-24 08:18:45,904,446501993088,0,0,0,0,0,14.0301,0,Full,5.20362,4.01766,6.88878,2.20701,4.2,0
2014-02-24 08:19:50,420,446502057604,0,0,0,0,0,14.0301,0,Full,5.22624,4.01744,6.88878,2.33088,4.2,0
2014-02-24 08:20:55,842,446502123026,0,0,0,0,0,14.6425,0,Full,5.20501,4.01737,7.16433,2.46071,4.2,0
2014-02-24 08:22:01,49,446502188233,0,0,0,0,0,14.6425,0,Full,5.14162,4.01731,7.16433,2.5909,4.2,0
2014-02-24 08:23:05,909,446502253093,0,0,0,0,0,14.6425,0,Full,5.16454,4.01709,7.16433,2.72045,4.2,0
2014-02-24 08:24:11,50,446502318234,0,0,0,0,0,14.6425,0,Full,5.14469,4.017,7.16433,2.85051,4.2,0
2014-02-24 08:25:15,914,446502383098,0,0,0,0,0,14.6425,0,Full,5.1587,4.01691,7.16433,2.98006,4.2,0
2014-02-24 08:26:21,201,446502448385,0,0,0,0,0,14.0301,0,Full,5.13269,4.01684,7.16433,3.11043,4.2,0
2014-02-24 08:27:25,939,446502513123,0,0,0,0,0,14.0301,0,Full,5.15377,4.01681,7.71543,3.24717,4.2,0
2014-02-24 08:28:31,256,446502578440,0,0,0,0,0,14.6425,0,Full,5.11992,4.01662,7.71543,3.38763,4.2,0
2014-02-24 08:29:36,10,446502643194,0,0,0,0,0,14.6425,0,Full,5.10962,4.01656,7.71543,3.52694,4.2,0
2014-02-24 08:30:41,799,446502708983,0,0,0,0,0,14.6425,0,Full,5.10608,4.01653,7.71543,3.66742,4.2,0
2014-02-24 08:31:46,301,446502773485,0,0,0,0,0,15.2553,0,Full,5.13316,4.01638,7.71543,3.80719,4.2,0
2014-02-24 08:32:51,721,446502838905,0,0,0,0,0,15.2553,0,Full,5.14485,4.01631,7.71543,3.94736,4.2,0
2014-02-24 08:33:56,291,446502903475,0,0,0,0,0,14.6425,0,Full,5.11916,4.01625,7.71543,4.08677,4.2,0
2014-02-24 08:35:01,811,446502968995,0,0,0,0,0,14.6425,0,Full,5.06654,4.01619,7.71543,4.22674,4.2,0
2014-02-24 08:36:06,351,446503033535,0,0,0,0,0,14.6425,0,Full,5.09177,4.01619,7.71543,4.36652,4.2,0
2014-02-24 08:37:11,941,446503099125,0,0,0,0,0,15.2553,0,Full,5.16393,4.01606,7.71543,4.5076,4.2,0
2014-02-24 08:38:16,397,446503163581,0,0,0,0,0,15.2553,0,Full,5.20839,4.01603,7.71543,4.64624,4.2,0
2014-02-24 08:39:21,971,446503229155,0,0,0,0,0,15.2553,0,Full,4.19958,3.99259,296.769,4.99818,4.2,0
2014-02-24 08:40:26,463,446503293647,0,0,0,0,0,15.2553,0,Full,4.2045,3.969,410.296,12.3803,4.2,0
2014-02-24 08:41:31,991,446503359175,0,0,0,0,0,15.2553,0,Full,4.19742,3.96716,370.892,19.9517,4.2,0
2014-02-24 08:42:37,252,446503424436,0,0,0,0,0,15.8684,0,Full,4.19742,3.95672,451.077,27.491,4.2,0
2014-02-24 08:43:42,51,446503489235,0,0,0,0,0,15.2553,0,Full,4.19927,3.96109,375.301,35.0132,4.2,0
2014-02-24 08:44:47,828,446503555012,0,0,0,0,0,15.2553,0,Full,4.20358,3.95113,469.539,42.626,4.2,0
2014-02-24 08:45:52,316,446503619500,0,0,0,0,0,1699.76,0,Full,4.20096,3.95784,384.118,50.1707,4.2,0
2014-02-24 08:46:57,876,446503685060,0,0,0,0,0,16.4818,0,Full,4.20434,3.95709,357.114,57.7463,4.2,0
2014-02-24 08:48:02,418,446503749602,0,0,0,0,0,15.8684,0,Full,4.19865,3.95503,390.18,65.2905,4.2,0
2014-02-24 08:49:07,961,446503815145,0,0,0,0,0,15.8684,0,Full,4.20404,3.95216,407.265,72.9106,4.2,0
2014-02-24 08:50:12,424,446503879608,0,0,0,0,0,17.0962,0,Full,4.20234,3.95141,399.549,80.3815,4.2,0
2014-02-24 08:51:17,980,446503945164,0,0,0,0,0,16.4818,0,Full,4.19958,3.94956,417.736,88.0026,4.2,0
2014-02-24 08:52:23,249,446504010433,0,0,0,0,0,16.4818,0,Full,4.20388,3.94491,438.402,95.5703,4.2,0
2014-02-24 08:53:28,306,446504075490,0,0,0,0,0,16.4818,0,Full,4.20265,3.94806,405.336,103.07,4.2,0
2014-02-24 08:54:33,869,446504141053,0,0,0,0,0,15.8684,0,Full,4.20604,3.94691,364.554,110.609,4.2,0
2014-02-24 08:55:38,449,446504205633,0,0,0,0,0,15.8684,0,Full,4.19696,3.94694,391.007,118.14,4.2,0
2014-02-24 08:56:43,968,446504271152,0,0,0,0,0,15.8684,0,Full,4.20142,3.94559,381.363,125.736,4.2,0
2014-02-24 08:57:48,393,446504335577,0,0,0,0,0,16.4818,0,Full,4.19742,3.94509,378.883,133.176,4.2,0
2014-02-24 08:58:54,27,446504401211,0,0,0,0,0,16.4818,0,Full,4.19804,3.94197,404.509,140.826,4.2,0
2014-02-24 08:59:58,428,446504465612,0,0,0,0,0,16.4818,0,Full,4.19696,3.94028,416.082,148.281,4.2,0
2014-02-24 09:01:03,987,446504531171,0,0,0,0,0,15.8684,0,Full,4.19542,3.93881,412.776,155.853,4.2,0
2014-02-24 09:02:08,450,446504595634,0,0,0,0,0,16.4818,0,Full,4.20096,3.93988,367.034,163.323,4.2,0
2014-02-24 09:03:14,54,446504661238,0,0,0,0,0,16.4818,0,Full,4.19773,3.93847,385.22,170.904,4.2,0
2014-02-24 09:04:18,457,446504725641,0,0,0,0,0,15.8684,0,Full,4.19742,3.93747,385.772,178.307,4.2,0
2014-02-24 09:05:24,64,446504791248,0,0,0,0,0,16.4818,0,Full,4.19727,3.93547,370.616,185.899,4.2,0
2014-02-24 09:06:29,247,446504856431,0,0,0,0,0,15.8684,0,Full,4.20865,3.92569,449.975,193.461,4.2,0
2014-02-24 09:07:34,344,446504921528,0,0,0,0,0,15.8684,0,Full,4.19558,3.93231,373.923,201.005,4.2,0
2014-02-24 09:08:39,932,446504987116,0,0,0,0,0,15.2553,0,Full,4.19742,3.92906,393.487,208.604,4.2,0
2014-02-24 09:09:44,415,446505051599,0,0,0,0,0,15.8684,0,Full,4.20065,3.92756,401.754,216.067,4.2,0
2014-02-24 09:10:50,23,446505117207,0,0,0,0,0,15.2553,0,Full,4.19927,3.92509,401.478,223.678,4.2,0
2014-02-24 09:11:54,420,446505181604,0,0,0,0,0,15.8684,0,Full,5.47225,3.96744,8.26653,227.95,4.2,0
2014-02-24 09:13:00,14,446505247198,0,0,0,0,0,15.2553,0,Full,5.41025,3.97228,7.99098,228.097,4.2,0
2014-02-24 09:14:04,434,446505311618,0,0,0,0,0,15.2553,0,Full,5.38655,3.97453,7.71543,228.237,4.2,0
2014-02-24 09:15:09,891,446505377075,0,0,0,0,0,15.2553,0,Full,5.41455,3.976,7.71543,228.377,4.2,0
2014-02-24 09:16:15,253,446505442437,0,0,0,0,0,15.2553,0,Full,5.39009,3.97684,7.71543,228.518,4.2,0
2014-02-24 09:17:19,982,446505507166,0,0,0,0,0,14.6425,0,Full,5.34824,3.97741,7.43988,228.653,4.2,0
2014-02-24 09:18:25,782,446505572966,0,0,0,0,0,14.6425,0,Full,5.33886,3.97791,7.43988,228.788,4.2,0
2014-02-24 09:19:30,26,446505637210,0,0,0,0,0,14.6425,0,Full,5.39963,3.97819,7.43988,228.922,4.2,0
2014-02-24 09:20:35,803,446505702987,0,0,0,0,0,14.6425,0,Full,5.37301,3.9785,7.43988,229.058,4.2,0
2014-02-24 09:21:40,300,446505767484,0,0,0,0,0,14.0301,0,Full,5.37686,3.97875,7.43988,229.192,4.2,0
2014-02-24 09:22:45,696,446505832880,0,0,0,0,0,14.6425,0,Full,5.09931,3.97891,7.43988,229.327,4.2,0
2014-02-24 09:23:50,411,446505897595,0,0,0,0,0,14.6425,0,Full,5.13623,3.97909,7.43988,229.462,4.2,0
2014-02-24 09:24:57,494,446505964678,0,0,0,0,0,14.0301,0,Full,5.26008,3.97931,7.43988,229.601,4.2,0
2014-02-24 09:25:57,937,446506025121,0,0,0,0,0,14.0301,0,Full,5.22516,3.97941,7.43988,229.727,4.2,0
2014-02-24 09:26:58,274,446506085458,0,0,0,0,0,14.0301,0,Full,5.19516,3.97947,7.43988,229.852,4.2,0
2014-02-24 09:27:58,406,446506145590,0,0,0,0,0,14.0301,0,Full,5.13669,3.97966,7.43988,229.976,4.2,0
2014-02-24 09:28:58,576,446506205760,0,0,0,0,0,14.0301,0,Full,5.21424,3.97972,7.43988,230.101,4.2,0
2014-02-24 09:29:58,713,446506265897,0,0,0,0,0,14.0301,0,Full,5.20962,3.97981,7.43988,230.226,4.2,0
2014-02-24 09:31:03,909,446506331093,0,0,0,0,0,0,0,Fault,0,0,0,0,0,0
2014-02-24 09:32:04,25,446506391209,0,0,0,0,0,13.4183,0,Full,5.03346,3.97997,7.71543,230.487,4.2,0
2014-02-24 09:33:04,141,446506451325,0,0,0,0,0,13.4183,0,Full,5.05331,3.98003,7.71543,230.617,4.2,0
2014-02-24 09:34:04,379,446506511563,0,0,0,0,0,14.0301,0,Full,5.12854,3.98013,7.71543,230.746,4.2,0
2014-02-24 09:35:04,538,446506571722,0,0,0,0,0,13.4183,0,Full,5.17623,3.98016,7.71543,230.876,4.2,0
2014-02-24 09:36:04,670,446506631854,0,0,0,0,0,13.4183,0,Full,5.057,3.98022,7.71543,231.005,4.2,0
2014-02-24 09:37:05,8,446506692192,0,0,0,0,0,13.4183,0,Full,5.08992,3.98028,7.71543,231.134,4.2,0
2014-02-24 09:38:05,182,446506752366,0,0,0,0,0,13.4183,0,Full,5.28609,3.98034,7.71543,231.264,4.2,0
2014-02-24 09:39:07,214,446506814398,0,0,0,0,0,14.0301,0,Full,5.2907,3.98041,7.71543,231.397,4.2,0
2014-02-24 09:40:12,5,446506879189,0,0,0,0,0,13.4183,0,Full,5.21547,3.98034,7.71543,231.537,4.2,0
2014-02-24 09:41:17,708,446506944892,0,0,0,0,0,14.0301,0,Full,5.27224,3.98041,7.71543,231.677,4.2,0
2014-02-24 09:42:22,34,446507009218,0,0,0,0,0,13.4183,0,Full,5.30363,3.98044,7.71543,231.816,4.2,0
2014-02-24 09:43:27,251,446507074435,0,0,0,0,0,14.0301,0,Full,5.28701,3.9805,7.71543,231.956,4.2,0
2014-02-24 09:44:32,275,446507139459,0,0,0,0,0,13.4183,0,Full,5.17362,3.98063,7.71543,232.096,4.2,0
2014-02-24 09:45:37,280,446507204464,0,0,0,0,0,13.4183,0,Full,5.27701,3.98059,7.71543,232.236,4.2,0
2014-02-24 09:46:42,288,446507269472,0,0,0,0,0,14.0301,0,Full,5.27947,3.98066,7.71543,232.376,4.2,0
2014-02-24 09:47:47,829,446507335013,0,0,0,0,0,13.4183,0,Full,5.28593,3.98069,7.71543,232.517,4.2,0
2014-02-24 09:48:52,367,446507399551,0,0,0,0,0,14.0301,0,Full,5.17593,3.98072,7.71543,232.655,4.2,0
2014-02-24 09:49:57,655,446507464839,0,0,0,0,0,14.0301,0,Full,5.28209,3.98072,7.71543,232.795,4.2,0
2014-02-24 09:51:02,386,446507529570,0,0,0,0,0,14.0301,0,Full,5.27439,3.98072,7.71543,232.935,4.2,0
2014-02-24 09:52:07,882,446507595066,0,0,0,0,0,14.0301,0,Full,5.26855,3.98075,7.71543,233.076,4.2,0
2014-02-24 09:53:12,429,446507659613,0,0,0,0,0,14.0301,0,Full,5.18331,3.98078,7.71543,233.215,4.2,0
2014-02-24 09:54:17,827,446507725011,0,0,0,0,0,14.0301,0,Full,5.25901,3.98081,7.71543,233.355,4.2,0
2014-02-24 09:55:22,462,446507789646,0,0,0,0,0,14.6425,0,Full,5.25162,3.98088,7.71543,233.494,4.2,0
2014-02-24 09:56:27,920,446507855104,0,0,0,0,0,14.0301,0,Full,5.23608,3.98084,7.71543,233.635,4.2,0
2014-02-24 09:57:32,481,446507919665,0,0,0,0,0,14.0301,0,Full,5.14439,3.98091,7.71543,233.774,4.2,0
2014-02-24 09:58:37,930,446507985114,0,0,0,0,0,14.0301,0,Full,5.22116,3.98091,7.71543,233.915,4.2,0
2014-02-24 09:59:43,50,446508050234,0,0,0,0,0,14.0301,0,Full,5.19054,3.98088,7.71543,234.055,4.2,0
2014-02-24 10:00:47,862,446508115046,0,0,0,0,0,14.6425,0,Full,5.23408,3.98094,7.71543,234.194,4.2,0
2014-02-24 10:01:53,49,446508180233,0,0,0,0,0,1699.2,0,Full,5.08885,3.98097,7.71543,234.334,4.2,0
2014-02-24 10:02:57,946,446508245130,0,0,0,0,0,14.6425,0,Full,5.20777,3.98094,7.71543,234.474,4.2,0
2014-02-24 10:04:03,180,446508310364,0,0,0,0,0,14.6425,0,Full,5.20254,3.98097,7.71543,234.614,4.2,0
2014-02-24 10:05:08,2,446508375186,0,0,0,0,0,14.6425,0,Full,5.25747,3.98094,7.71543,234.754,4.2,0
2014-02-24 10:06:13,260,446508440444,0,0,0,0,0,14.6425,0,Full,5.15685,3.98097,7.71543,234.894,4.2,0
2014-02-24 10:07:18,229,446508505413,0,0,0,0,0,14.6425,0,Full,5.22531,3.981,7.71543,235.034,4.2,0
2014-02-24 10:08:23,691,446508570875,0,0,0,0,0,15.2553,0,Full,5.21162,3.98094,7.71543,235.174,4.2,0
2014-02-24 10:09:28,321,446508635505,0,0,0,0,0,15.2553,0,Full,5.23208,3.98097,7.71543,235.314,4.2,0
2014-02-24 10:10:33,781,446508700965,0,0,0,0,0,1699.45,0,Full,5.17639,3.98106,7.71543,235.453,4.2,0
2014-02-24 10:11:38,318,446508765502,0,0,0,0,0,15.2553,0,Full,5.19224,3.981,7.71543,235.593,4.2,0
2014-02-24 10:12:43,787,446508830971,0,0,0,0,0,15.8684,0,Full,5.1807,3.981,7.71543,235.734,4.2,0
2014-02-24 10:13:48,360,446508895544,0,0,0,0,0,15.2553,0,Full,5.18962,3.98097,7.71543,235.873,4.2,0
2014-02-24 10:14:53,988,446508961172,0,0,0,0,0,15.8684,0,Full,5.10654,3.98103,7.99098,236.016,4.2,0
2014-02-24 10:15:59,233,446509026417,0,0,0,0,0,15.8684,0,Full,5.18931,3.98103,7.99098,236.161,4.2,0
2014-02-24 10:17:03,996,446509091180,0,0,0,0,0,15.8684,0,Full,5.22685,3.981,11.8487,236.306,4.2,0
2014-02-24 10:18:09,723,446509156907,0,0,0,0,0,15.2553,0,Full,5.21593,3.98094,9.36874,236.549,4.2,0
2014-02-24 10:19:14,244,446509221428,0,0,0,0,0,15.8684,0,Full,4.19988,3.94022,377.505,238.519,4.2,0
2014-02-24 10:20:19,854,446509287038,0,0,0,0,0,15.8684,0,Full,4.20034,3.92747,415.531,246.121,4.2,0
2014-02-24 10:21:24,303,446509351487,0,0,0,0,0,15.8684,0,Full,4.19711,3.92788,383.016,253.763,4.2,0
2014-02-24 10:22:29,906,446509417090,0,0,0,0,0,16.4818,0,Full,4.20265,3.92181,412.5,261.464,4.2,0
2014-02-24 10:23:34,339,446509481523,0,0,0,0,0,16.4818,0,Full,4.19804,3.92241,381.914,269.017,4.2,0
2014-02-24 10:24:39,997,446509547181,0,0,0,0,0,15.8684,0,Full,4.20358,3.91981,378.056,276.734,4.2,0
2014-02-24 10:25:44,433,446509611617,0,0,0,0,0,15.8684,0,Fixed,4.20065,3.91622,395.416,284.328,4.2,0
2014-02-24 10:26:50,22,446509677206,0,0,0,0,0,16.4818,0,Fixed,4.19773,3.91459,410.571,292.057,4.2,0
2014-02-24 10:27:54,480,446509741664,0,0,0,0,0,16.4818,0,Fixed,4.20358,3.91281,390.18,299.706,4.2,0
2014-02-24 10:28:59,980,446509807164,0,0,0,0,0,16.4818,0,Fixed,4.19804,3.91328,371.443,307.387,4.2,0
2014-02-24 10:30:05,248,446509872432,0,0,0,0,0,17.0962,0,Fixed,4.2025,3.90197,459.068,315.143,4.2,0
2014-02-24 10:31:10,331,446509937515,0,0,0,0,0,16.4818,0,Fixed,4.19958,3.90759,386.598,322.843,4.2,0
2014-02-24 10:32:15,871,446510003055,0,0,0,0,0,16.4818,0,Fixed,4.19527,3.90203,416.633,330.559,4.2,0
2014-02-24 10:33:20,425,446510067609,0,0,0,0,0,17.0962,0,Fixed,4.20388,3.90416,380.812,338.237,4.2,0
2014-02-24 10:34:25,970,446510133154,0,0,0,0,0,17.0962,0,Fixed,4.20019,3.89872,427.104,345.99,4.2,0
2014-02-24 10:35:30,438,446510197622,0,0,0,0,0,16.4818,0,Fixed,4.19804,3.89753,430.411,353.628,4.2,0
2014-02-24 10:36:36,75,446510263259,0,0,0,0,0,17.0962,0,Fixed,4.20188,3.89853,370.065,361.393,4.2,0
2014-02-24 10:37:41,258,446510328442,0,0,0,0,0,16.4818,0,Fixed,4.20311,3.88653,471.192,369.147,4.2,0
2014-02-24 10:38:46,290,446510393474,0,0,0,0,0,16.4818,0,Fixed,4.20142,3.89369,374.198,376.859,4.2,0
2014-02-24 10:39:51,863,446510459047,0,0,0,0,0,17.0962,0,Fixed,4.20896,3.88638,411.398,384.565,4.2,0
2014-02-24 10:40:56,317,446510523501,0,0,0,0,0,16.4818,0,Fixed,4.20296,3.88681,397.896,392.333,4.2,0
2014-02-24 10:42:01,870,446510589054,0,0,0,0,0,17.0962,0,Fixed,4.20542,3.88306,413.327,400.057,4.2,0
2014-02-24 10:43:06,362,446510653546,0,0,0,0,0,17.0962,0,Fixed,4.20096,3.88172,439.78,407.795,4.2,0
2014-02-24 10:44:11,962,446510719146,0,0,0,0,0,16.4818,0,Fixed,4.19665,3.88119,395.967,415.666,4.2,0
2014-02-24 10:45:16,414,446510783598,0,0,0,0,0,16.4818,0,Fixed,4.2005,3.87819,415.531,423.376,4.2,0
2014-02-24 10:46:22,18,446510849202,0,0,0,0,0,15.8684,0,Fixed,4.20081,3.878,381.087,431.238,4.2,0
2014-02-24 10:47:26,425,446510913609,0,0,0,0,0,15.8684,0,Fixed,4.19942,3.8755,391.834,438.954,4.2,0
2014-02-24 10:48:32,29,446510979213,0,0,0,0,0,16.4818,0,Fixed,4.2005,3.87475,380.261,446.805,4.2,0
2014-02-24 10:49:37,251,446511044435,0,0,0,0,0,15.8684,0,Fixed,4.20096,3.86581,438.402,454.637,4.2,0
2014-02-24 10:50:42,316,446511109500,0,0,0,0,0,16.4818,0,Fixed,4.20004,3.87097,382.189,462.383,4.2,0
2014-02-24 10:51:47,803,446511174987,0,0,0,0,0,16.4818,0,Fixed,4.6516,4.11344,-1836.27,453.627,4.2,0
2014-02-24 10:52:52,364,446511239548,0,0,0,0,0,17.0962,0,Fixed,5.13716,4.11828,-1329.53,426.657,4.2,0
2014-02-24 10:53:57,844,446511305028,0,0,0,0,0,16.4818,0,Fixed,5.20193,4.10441,-1261.2,403.457,4.2,0
2014-02-24 10:55:02,363,446511369547,0,0,0,0,0,15.8684,0,Fixed,4.98346,4.10025,-994.74,382.898,4.2,0
2014-02-24 10:56:07,917,446511435101,0,0,0,0,0,15.8684,0,Fixed,5.19285,4.10556,-1137.2,363.216,4.2,0
2014-02-24 10:57:12,455,446511499639,0,0,0,0,0,15.8684,0,Fixed,5.23208,4.12088,-1303.08,344.133,4.2,0
2014-02-24 10:58:17,973,446511565157,0,0,0,0,0,15.8684,0,Fixed,5.12485,4.113,-1113.5,325.618,4.2,0
2014-02-24 10:59:23,15,446511630199,0,0,0,0,0,15.8684,0,Fixed,5.07608,4.09922,-1061.42,308.453,4.2,0
2014-02-24 11:00:27,886,446511695070,0,0,0,0,0,15.2553,0,Fixed,5.11239,4.11066,-906.012,293.251,4.2,0
2014-02-24 11:01:33,232,446511760416,0,0,0,0,0,15.2553,0,Fixed,5.19485,4.1065,-763.828,276.902,4.2,0
2014-02-24 11:02:37,953,446511825137,0,0,0,0,0,15.2553,0,Fixed,5.137,4.09894,-780.361,261.491,4.2,0
2014-02-24 11:03:44,687,446511891871,0,0,0,0,0,15.8684,0,Fixed,4.16819,4.05178,-359.319,251.97,4.2,0
2014-02-24 11:04:48,83,446511955267,0,0,0,0,0,15.8684,0,Fixed,4.21958,4.04472,-335.346,246.238,4.2,0
2014-02-24 11:05:48,424,446512015608,0,0,0,0,0,14.6425,0,Fixed,4.2085,4.08216,-678.131,236.742,4.2,0
2014-02-24 11:06:49,304,446512076488,0,0,0,0,0,15.2553,0,Fixed,4.22958,4.09413,-802.129,229.094,4.2,0
2014-02-24 11:07:49,952,446512137136,0,0,0,0,0,15.2553,0,Fixed,4.87868,4.10194,-752.53,216.172,4.2,0
2014-02-24 11:08:50,101,446512197285,0,0,0,0,0,15.8684,0,Fixed,4.83914,4.10316,-675.651,204.137,4.2,0
2014-02-24 11:09:50,237,446512257421,0,0,0,0,0,15.2553,0,Fixed,4.20019,4.09841,-626.603,193.092,4.2,0
2014-02-24 11:10:50,419,446512317603,0,0,0,0,0,15.2553,0,Fixed,4.78329,4.10369,-674.274,182.469,4.2,0
2014-02-24 11:11:50,569,446512377753,0,0,0,0,0,15.2553,0,Fixed,4.95022,4.1045,-661.598,171.755,4.2,0
2014-02-24 11:12:50,706,446512437890,0,0,0,0,0,15.2553,0,Fixed,4.93453,4.1005,-592.71,161.294,4.2,0
2014-02-24 11:13:51,13,446512498197,0,0,0,0,0,14.6425,0,Fixed,4.23281,4.09484,-512.525,151.592,4.2,0
2014-02-24 11:14:51,189,446512558373,0,0,0,0,0,15.2553,0,Fixed,4.95453,4.10744,-611.724,144.182,4.2,0
2014-02-24 11:15:51,678,446512618862,0,0,0,0,0,14.6425,0,Fixed,5.04315,4.10066,-688.602,134.228,4.2,0
2014-02-24 11:16:51,851,446512679035,0,0,0,0,0,15.2553,0,Fixed,5.03438,4.09912,-508.116,124.779,4.2,0
2014-02-24 11:17:52,121,446512739305,0,0,0,0,0,14.6425,0,Fixed,4.8753,4.10059,-520.241,115.791,4.2,0
2014-02-24 11:18:57,172,446512804356,0,0,0,0,0,15.2553,0,Fixed,4.98576,4.10116,-406.438,106.579,4.2,0
2014-02-24 11:20:01,964,446512869148,0,0,0,0,0,15.2553,0,Fixed,5.09992,4.10372,-391.283,97.5289,4.2,0
2014-02-24 11:21:07,213,446512934397,0,0,0,0,0,14.6425,0,Fixed,5.017,4.09888,-516.107,88.769,4.2,0
2014-02-24 11:22:11,980,446512999164,0,0,0,0,0,15.2553,0,Fixed,4.79853,4.10134,-419.389,80.442,4.2,0
2014-02-24 11:23:17,298,446513064482,0,0,0,0,0,14.0301,0,Fixed,5.08731,4.10509,-563.778,72.2065,4.2,0
2014-02-24 11:24:21,996,446513129180,0,0,0,0,0,15.2553,0,Fixed,5.13377,4.10803,-489.103,64.4483,4.2,0
2014-02-24 11:25:27,697,446513194881,0,0,0,0,0,15.2553,0,Fixed,5.10023,4.10831,-357.941,56.6626,4.2,0
2014-02-24 11:26:32,277,446513259461,0,0,0,0,0,14.6425,0,Fixed,4.86453,4.10597,-424.9,49.1715,4.2,0
2014-02-24 11:27:37,288,446513324472,0,0,0,0,0,15.2553,0,Fixed,4.97915,4.101,-280.787,41.9371,4.2,0
2014-02-24 11:28:42,296,446513389480,0,0,0,0,0,15.2553,0,Full,5.3107,4.04691,6.61323,0.0736974,4.2,0
2014-02-24 11:29:47,653,446513454837,0,0,0,0,0,15.2553,0,Full,5.2187,4.03978,6.61323,0.193586,4.2,0
2014-02-24 11:30:52,389,446513519573,0,0,0,0,0,14.6425,0,Full,5.037,4.03591,7.16433,0.316827,4.2,0
2014-02-24 11:31:57,652,446513584836,0,0,0,0,0,14.6425,0,Full,5.15977,4.03359,7.16433,0.44683,4.2,0
2014-02-24 11:33:02,340,446513649524,0,0,0,0,0,14.6425,0,Full,5.25132,4.03209,7.16433,0.576337,4.2,0
2014-02-24 11:34:07,795,446513714979,0,0,0,0,0,15.2553,0,Full,5.23547,4.03094,7.16433,0.707057,4.2,0
2014-02-24 11:35:12,408,446513779592,0,0,0,0,0,14.6425,0,Full,5.09608,4.03013,7.16433,0.83608,4.2,0
2014-02-24 11:36:17,862,446513845046,0,0,0,0,0,15.2553,0,Full,5.16331,4.02947,7.16433,0.966742,4.2,0
2014-02-24 11:37:22,425,446513909609,0,0,0,0,0,14.6425,0,Full,5.24485,4.02891,7.16433,1.09571,4.2,0
2014-02-24 11:38:27,922,446513975106,0,0,0,0,0,14.6425,0,Full,5.22793,4.02847,7.16433,1.22651,4.2,0
2014-02-24 11:39:33,18,446514040202,0,0,0,0,0,14.6425,0,Full,5.09623,4.02809,7.16433,1.35629,4.2,0
2014-02-24 11:40:37,913,446514105097,0,0,0,0,0,14.6425,0,Full,5.21378,4.02778,7.16433,1.48611,4.2,0
2014-02-24 11:41:43,30,446514170214,0,0,0,0,0,15.2553,0,Full,5.17639,4.0275,7.43988,1.61919,4.2,0
2014-02-24 11:42:47,946,446514235130,0,0,0,0,0,15.2553,0,Full,5.15577,4.02719,7.71543,1.75465,4.2,0
2014-02-24 11:43:53,52,446514300236,0,0,0,0,0,15.2553,0,Full,4.97161,4.027,7.71543,1.89472,4.2,0
2014-02-24 11:44:57,914,446514365098,0,0,0,0,0,15.2553,0,Full,5.21085,4.02675,7.71543,2.03426,4.2,0
2014-02-24 11:46:03,222,446514430406,0,0,0,0,0,15.2553,0,Full,5.19454,4.02659,7.71543,2.17471,4.2,0
2014-02-24 11:47:08,4,446514495188,0,0,0,0,0,15.2553,0,Full,5.15516,4.02644,7.71543,2.31408,4.2,0
2014-02-24 11:48:13,249,446514560433,0,0,0,0,0,15.2553,0,Full,4.88114,4.02625,7.71543,2.4544,4.2,0
2014-02-24 11:49:17,992,446514625176,0,0,0,0,0,15.2553,0,Full,5.19224,4.02612,7.71543,2.59368,4.2,0
2014-02-24 11:50:23,803,446514690987,0,0,0,0,0,14.6425,0,Full,5.19377,4.026,7.71543,2.73429,4.2,0
2014-02-24 11:51:28,279,446514755463,0,0,0,0,0,14.6425,0,Full,5.08315,4.02581,7.71543,2.87392,4.2,0
2014-02-24 11:52:33,802,446514820986,0,0,0,0,0,15.2553,0,Full,4.92053,4.02578,7.71543,3.01386,4.2,0
2014-02-24 11:53:38,325,446514885509,0,0,0,0,0,15.2553,0,Full,5.17793,4.02572,7.71543,3.15362,4.2,0
2014-02-24 11:54:43,895,446514951079,0,0,0,0,0,15.2553,0,Full,5.15223,4.0255,7.71543,3.29467,4.2,0
2014-02-24 11:55:48,341,446515015525,0,0,0,0,0,14.6425,0,Full,5.09577,4.02538,7.71543,3.43329,4.2,0
2014-02-24 11:56:53,877,446515081061,0,0,0,0,0,15.8684,0,Full,4.94853,4.02534,7.71543,3.57425,4.2,0
2014-02-24 11:57:58,360,446515145544,0,0,0,0,0,15.8684,0,Full,5.025,4.02519,7.71543,3.71294,4.2,0
2014-02-24 11:59:03,983,446515211167,0,0,0,0,0,15.2553,0,Full,4.19958,3.98238,423.522,6.75444,4.2,0
2014-02-24 12:00:08,393,446515275577,0,0,0,0,0,15.2553,0,Full,4.19865,3.97969,374.474,14.1518,4.2,0
2014-02-24 12:01:14,8,446515341192,0,0,0,0,0,15.8684,0,Full,4.19834,3.97438,396.243,21.6276,4.2,0
2014-02-24 12:02:18,411,446515405595,0,0,0,0,0,15.2553,0,Full,4.20234,3.97281,362.35,29.0525,4.2,0
2014-02-24 12:03:24,71,446515471255,0,0,0,0,0,15.8684,0,Full,4.19988,3.97013,371.994,36.571,4.2,0
2014-02-24 12:04:29,860,446515537044,0,0,0,0,0,15.8684,0,Full,4.20619,3.96597,370.065,44.1209,4.2,0
2014-02-24 12:05:34,264,446515601448,0,0,0,0,0,15.8684,0,Full,4.19911,3.96569,393.211,51.5878,4.2,0
2014-02-24 12:06:39,820,446515667004,0,0,0,0,0,15.8684,0,Full,4.20188,3.96169,396.518,59.1382,4.2,0
2014-02-24 12:07:44,308,446515731492,0,0,0,0,0,15.8684,0,Full,4.19911,3.96319,379.158,66.6107,4.2,0
2014-02-24 12:08:49,976,446515797160,0,0,0,0,0,15.2553,0,Full,4.19773,3.9605,398.447,74.1953,4.2,0
2014-02-24 12:09:54,339,446515861523,0,0,0,0,0,15.8684,0,Full,4.19834,3.95831,426.829,81.6341,4.2,0
2014-02-24 12:10:59,923,446515927107,0,0,0,0,0,15.8684,0,Full,4.20034,3.95769,397.896,89.1991,4.2,0
2014-02-24 12:12:04,363,446515991547,0,0,0,0,0,16.4818,0,Full,4.20204,3.95769,380.261,96.6566,4.2,0
2014-02-24 12:13:10,14,446516057198,0,0,0,0,0,15.2553,0,Full,4.19788,3.95559,398.171,104.226,4.2,0
2014-02-24 12:14:14,464,446516121648,0,0,0,0,0,15.2553,0,Full,4.20419,3.95381,405.06,111.639,4.2,0
2014-02-24 12:15:20,56,446516187240,0,0,0,0,0,15.2553,0,Full,4.19758,3.95281,400.927,119.236,4.2,0
2014-02-24 12:16:25,249,446516252433,0,0,0,0,0,15.8684,0,Full,4.20188,3.94634,434.269,126.763,4.2,0
2014-02-24 12:17:30,311,446516317495,0,0,0,0,0,15.8684,0,Full,4.19681,3.94866,423.247,134.258,4.2,0
2014-02-24 12:18:35,824,446516383008,0,0,0,0,0,15.8684,0,Full,4.19711,3.94931,362.074,141.795,4.2,0
2014-02-24 12:19:40,420,446516447604,0,0,0,0,0,15.8684,0,Full,4.19973,3.94991,355.185,149.24,4.2,0
2014-02-24 12:20:45,977,446516513161,0,0,0,0,0,15.2553,0,Full,4.19865,3.94613,397.896,156.822,4.2,0
2014-02-24 12:21:50,496,446516577680,0,0,0,0,0,14.6425,0,Full,4.19681,3.94775,351.879,164.253,4.2,0
2014-02-24 12:22:56,13,446516643197,0,0,0,0,0,15.2553,0,Full,4.2005,3.94275,401.478,171.817,4.2,0
2014-02-24 12:24:01,246,446516708430,0,0,0,0,0,14.6425,0,Full,4.20127,3.93434,457.966,179.318,4.2,0
2014-02-24 12:25:06,279,446516773463,0,0,0,0,0,15.2553,0,Full,4.20081,3.94234,362.074,186.769,4.2,0
2014-02-24 12:26:11,869,446516839053,0,0,0,0,0,15.2553,0,Full,4.20434,3.93428,422.144,194.246,4.2,0
2014-02-24 12:27:16,362,446516903546,0,0,0,0,0,15.2553,0,Full,4.19927,3.93663,411.949,201.718,4.2,0
2014-02-24 12:28:21,876,446516969060,0,0,0,0,0,14.6425,0,Full,4.2065,3.93369,375.852,209.248,4.2,0
2014-02-24 12:29:26,351,446517033535,0,0,0,0,0,14.6425,0,Full,4.20265,3.93288,420.491,216.694,4.2,0
2014-02-24 12:30:31,849,446517099033,0,0,0,0,0,14.6425,0,Full,4.20434,3.93356,372.545,224.241,4.2,0
2014-02-24 12:31:36,331,446517163515,0,0,0,0,0,14.0301,0,Full,5.36594,3.97775,7.99098,225.853,4.2,0
2014-02-24 12:32:41,874,446517229058,0,0,0,0,0,14.0301,0,Full,5.37701,3.98131,7.71543,225.994,4.2,0
2014-02-24 12:33:46,442,446517293626,0,0,0,0,0,14.6425,0,Full,5.3304,3.98316,7.43988,226.132,4.2,0
2014-02-24 12:34:51,879,446517359063,0,0,0,0,0,14.0301,0,Full,5.25193,3.98431,7.43988,226.268,4.2,0
2014-02-24 12:35:57,181,446517424365,0,0,0,0,0,14.6425,0,Full,5.28624,3.98509,7.43988,226.403,4.2,0
2014-02-24 12:37:01,985,446517489169,0,0,0,0,0,14.0301,0,Full,5.33593,3.98559,7.43988,226.537,4.2,0
2014-02-24 12:38:07,720,446517554904,0,0,0,0,0,14.0301,0,Full,5.26347,3.98597,7.43988,226.673,4.2,0
2014-02-24 12:39:12,292,446517619476,0,0,0,0,0,13.4183,0,Full,5.17131,3.98634,7.43988,226.807,4.2,0
2014-02-24 12:40:17,823,446517685007,0,0,0,0,0,14.0301,0,Full,5.33393,3.98653,7.43988,226.943,4.2,0
2014-02-24 12:41:22,430,446517749614,0,0,0,0,0,13.4183,0,Full,5.31316,3.98672,7.16433,227.074,4.2,0
2014-02-24 12:42:27,930,446517815114,0,0,0,0,0,13.4183,0,Full,5.31209,3.98694,7.16433,227.204,4.2,0
2014-02-24 12:43:32,442,446517879626,0,0,0,0,0,13.4183,0,Full,5.131,3.98709,7.16433,227.333,4.2,0
2014-02-24 12:44:37,984,446517945168,0,0,0,0,0,13.4183,0,Full,5.35501,3.98722,7.16433,227.464,4.2,0
2014-02-24 12:45:43,30,446518010214,0,0,0,0,0,13.4183,0,Full,5.33147,3.98731,7.16433,227.594,4.2,0
2014-02-24 12:46:47,951,446518075135,0,0,0,0,0,12.8067,0,Full,5.38871,3.98747,6.88878,227.722,4.2,0
2014-02-24 12:47:53,272,446518140456,0,0,0,0,0,13.4183,0,Full,5.09069,3.98766,6.88878,227.847,4.2,0
2014-02-24 12:48:58,59,446518205243,0,0,0,0,0,12.1959,0,Full,5.3487,3.98766,6.88878,227.971,4.2,0
2014-02-24 12:50:03,725,446518270909,0,0,0,0,0,12.8067,0,Full,5.44532,3.98778,6.88878,228.097,4.2,0
2014-02-24 12:51:08,327,446518335511,0,0,0,0,0,12.1959,0,Full,5.3704,3.98784,6.88878,228.221,4.2,0
2014-02-24 12:52:13,847,446518401031,0,0,0,0,0,12.8067,0,Full,5.18839,3.98794,6.88878,228.346,4.2,0
2014-02-24 12:53:18,383,446518465567,0,0,0,0,0,12.8067,0,Full,5.31024,3.988,6.88878,228.471,4.2,0
2014-02-24 12:54:23,800,446518530984,0,0,0,0,0,12.1959,0,Full,5.40378,3.98806,6.88878,228.596,4.2,0
2014-02-24 12:55:28,443,446518595627,0,0,0,0,0,12.1959,0,Full,5.34363,3.98813,6.88878,228.721,4.2,0
2014-02-24 12:56:33,871,446518661055,0,0,0,0,0,12.8067,0,Full,5.21808,3.98822,6.88878,228.846,4.2,0
2014-02-24 12:57:39,17,446518726201,0,0,0,0,0,12.1959,0,Full,5.26301,3.98825,6.88878,228.971,4.2,0
2014-02-24 12:58:43,911,446518791095,0,0,0,0,0,12.8067,0,Full,5.34486,3.98828,6.88878,229.096,4.2,0
2014-02-24 12:59:49,218,446518856402,0,0,0,0,0,12.8067,0,Full,5.30947,3.98841,6.88878,229.221,4.2,0
2014-02-24 13:00:53,900,446518921084,0,0,0,0,0,12.1959,0,Full,5.24978,3.98841,6.88878,229.345,4.2,0
2014-02-24 13:01:59,202,446518986386,0,0,0,0,0,12.1959,0,Full,5.21578,3.98844,6.88878,229.47,4.2,0
2014-02-24 13:03:03,965,446519051149,0,0,0,0,0,12.1959,0,Full,5.28839,3.98841,6.88878,229.595,4.2,0
2014-02-24 13:04:09,238,446519116422,0,0,0,0,0,12.8067,0,Full,5.26885,3.9885,6.88878,229.72,4.2,0
2014-02-24 13:05:13,995,446519181179,0,0,0,0,0,12.1959,0,Full,5.24055,3.9885,6.88878,229.844,4.2,0
2014-02-24 13:06:19,751,446519246935,0,0,0,0,0,12.1959,0,Full,5.18039,3.98856,6.88878,229.97,4.2,0
2014-02-24 13:07:24,288,446519311472,0,0,0,0,0,12.8067,0,Full,5.24455,3.98863,6.88878,230.094,4.2,0
2014-02-24 13:08:29,844,446519377028,0,0,0,0,0,12.1959,0,Full,5.26593,3.98872,6.88878,230.22,4.2,0
2014-02-24 13:09:34,411,446519441595,0,0,0,0,0,12.8067,0,Full,5.22516,3.98869,6.88878,230.344,4.2,0
2014-02-24 13:10:39,903,446519507087,0,0,0,0,0,12.1959,0,Full,5.091,3.98872,6.88878,230.47,4.2,0
2014-02-24 13:11:44,443,446519571627,0,0,0,0,0,12.8067,0,Full,5.25008,3.98872,6.88878,230.594,4.2,0
2014-02-24 13:12:49,857,446519637041,0,0,0,0,0,12.8067,0,Full,5.28839,3.98872,6.88878,230.719,4.2,0
2014-02-24 13:13:54,444,446519701628,0,0,0,0,0,12.8067,0,Full,5.22839,3.98875,6.88878,230.843,4.2,0
2014-02-24 13:14:59,808,446519766992,0,0,0,0,0,12.1959,0,Full,5.02777,3.98878,6.88878,230.969,4.2,0
2014-02-24 13:16:04,428,446519831612,0,0,0,0,0,12.8067,0,Full,5.23024,3.98878,6.88878,231.093,4.2,0
2014-02-24 13:17:09,906,446519897090,0,0,0,0,0,13.4183,0,Full,5.27609,3.98878,6.88878,231.218,4.2,0
2014-02-24 13:18:15,202,446519962386,0,0,0,0,0,12.8067,0,Full,5.20885,3.98881,6.88878,231.344,4.2,0
2014-02-24 13:19:20,168,446520027352,0,0,0,0,0,13.4183,0,Full,5.04946,3.98894,6.88878,231.468,4.2,0
2014-02-24 13:20:25,240,446520092424,0,0,0,0,0,12.8067,0,Full,5.21039,3.98881,6.88878,231.593,4.2,0
2014-02-24 13:21:30,217,446520157401,0,0,0,0,0,12.8067,0,Full,5.25716,3.98888,6.88878,231.718,4.2,0
2014-02-24 13:22:35,225,446520222409,0,0,0,0,0,12.8067,0,Full,5.20977,3.98888,6.88878,231.843,4.2,0
2014-02-24 13:23:40,393,446520287577,0,0,0,0,0,12.8067,0,Full,5.16316,3.98891,6.88878,231.968,4.2,0
2014-02-24 13:24:45,830,446520353014,0,0,0,0,0,13.4183,0,Full,5.23485,3.98894,6.88878,232.094,4.2,0
2014-02-24 13:25:51,14,446520418198,0,0,0,0,0,13.4183,0,Full,5.21085,3.98888,6.88878,232.218,4.2,0
2014-02-24 13:26:55,856,446520483040,0,0,0,0,0,13.4183,0,Full,5.21685,3.98894,6.88878,232.343,4.2,0
2014-02-24 13:28:01,19,446520548203,0,0,0,0,0,13.4183,0,Full,5.25793,3.98894,6.88878,232.468,4.2,0
2014-02-24 13:29:05,880,446520613064,0,0,0,0,0,12.8067,0,Full,5.19162,3.98894,6.88878,232.593,4.2,0
2014-02-24 13:30:11,33,446520678217,0,0,0,0,0,14.0301,0,Full,5.14008,3.98897,6.88878,232.718,4.2,0
2014-02-24 13:31:15,968,446520743152,0,0,0,0,0,14.0301,0,Full,5.24439,3.98891,6.88878,232.843,4.2,0
2014-02-24 13:32:21,267,446520808451,0,0,0,0,0,14.0301,0,Full,5.165,3.98894,6.88878,232.968,4.2,0
2014-02-24 13:33:26,280,446520873464,0,0,0,0,0,14.0301,0,Full,5.21685,3.98894,6.88878,233.093,4.2,0
2014-02-24 13:34:31,819,446520939003,0,0,0,0,0,14.0301,0,Full,5.22254,3.98894,6.88878,233.218,4.2,0
2014-02-24 13:35:36,308,446521003492,0,0,0,0,0,14.0301,0,Full,5.19839,3.98894,6.88878,233.342,4.2,0
2014-02-24 13:36:41,952,446521069136,0,0,0,0,0,14.6425,0,Full,5.22116,3.98897,6.88878,233.468,4.2,0
2014-02-24 13:37:46,381,446521133565,0,0,0,0,0,14.6425,0,Full,5.21301,3.98897,6.88878,233.592,4.2,0
2014-02-24 13:38:51,961,446521199145,0,0,0,0,0,14.6425,0,Full,4.19804,3.94253,383.567,237.63,4.2,0
2014-02-24 13:39:56,449,446521263633,0,0,0,0,0,14.0301,0,Full,4.20158,3.93863,351.879,245.117,4.2,0
2014-02-24 13:41:02,51,446521329235,0,0,0,0,0,14.0301,0,Full,4.19865,3.93403,364.554,252.726,4.2,0
2014-02-24 13:42:07,816,446521395000,0,0,0,0,0,14.6425,0,Full,4.19927,3.92466,422.695,260.394,4.2,0
2014-02-24 13:43:12,293,446521459477,0,0,0,0,0,15.2553,0,Full,4.19958,3.92609,397.62,267.964,4.2,0
2014-02-24 13:44:17,755,446521524939,0,0,0,0,0,15.2553,0,Full,4.19942,3.92384,388.252,275.596,4.2,0
2014-02-24 13:45:22,328,446521589512,0,0,0,0,0,15.2553,0,Full,4.20388,3.92525,357.665,283.183,4.2,0
2014-02-24 13:46:27,999,446521655183,0,0,0,0,0,15.2553,0,Full,4.1985,3.92166,387.7,290.86,4.2,0
2014-02-24 13:47:32,402,446521719586,0,0,0,0,0,15.8684,0,Full,4.19927,3.92247,367.861,298.354,4.2,0
2014-02-24 13:48:37,982,446521785166,0,0,0,0,0,15.8684,0,Fixed,4.1965,3.918,405.336,306.086,4.2,0
2014-02-24 13:49:42,448,446521849632,0,0,0,0,0,15.2553,0,Fixed,4.20158,3.91806,389.354,313.656,4.2,0
2014-02-24 13:50:48,46,446521915230,0,0,0,0,0,15.2553,0,Fixed,4.20142,3.91697,379.434,321.304,4.2,0
2014-02-24 13:51:53,253,446521980437,0,0,0,0,0,15.8684,0,Fixed,4.1965,3.90706,458.793,328.98,4.2,0
2014-02-24 13:52:58,261,446522045445,0,0,0,0,0,15.2553,0,Fixed,4.20065,3.913,393.763,336.588,4.2,0
2014-02-24 13:54:03,807,446522110991,0,0,0,0,0,15.8684,0,Fixed,4.20634,3.90925,374.474,344.236,4.2,0
2014-02-24 13:55:08,362,446522175546,0,0,0,0,0,15.8684,0,Fixed,4.20096,3.90963,386.598,351.832,4.2,0
2014-02-24 13:56:13,971,446522241155,0,0,0,0,0,15.8684,0,Fixed,4.19896,3.90753,386.323,359.568,4.2,0
2014-02-24 13:57:18,416,446522305600,0,0,0,0,0,15.8684,0,Fixed,4.20081,3.90544,412.5,367.152,4.2,0
2014-02-24 13:58:24,49,446522371233,0,0,0,0,0,15.2553,0,Fixed,4.19911,3.90369,392.66,374.854,4.2,0
2014-02-24 13:59:28,477,446522435661,0,0,0,0,0,15.2553,0,Fixed,4.19958,3.89878,434.82,382.42,4.2,0
2014-02-24 14:00:34,27,446522501211,0,0,0,0,0,15.2553,0,Fixed,4.20096,3.89866,415.531,390.111,4.2,0
2014-02-24 14:01:39,819,446522567003,0,0,0,0,0,15.8684,0,Fixed,4.20173,3.89528,375.576,397.787,4.2,0
2014-02-24 14:02:44,401,446522631585,0,0,0,0,0,15.8684,0,Fixed,4.20127,3.89491,387.149,405.431,4.2,0
2014-02-24 14:03:49,878,446522697062,0,0,0,0,0,15.2553,0,Fixed,4.19804,3.89106,403.958,413.089,4.2,0
2014-02-24 14:04:54,374,446522761558,0,0,0,0,0,15.2553,0,Fixed,4.20065,3.89203,371.167,420.718,4.2,0
2014-02-24 14:05:59,994,446522827178,0,0,0,0,0,15.8684,0,Fixed,4.19696,3.88747,408.091,428.493,4.2,0
2014-02-24 14:07:04,372,446522891556,0,0,0,0,0,15.2553,0,Fixed,4.19865,3.88766,380.812,436.112,4.2,0
2014-02-24 14:08:10,25,446522957209,0,0,0,0,0,15.2553,0,Fixed,4.20434,3.88384,389.078,443.844,4.2,0
2014-02-24 14:09:14,455,446523021639,0,0,0,0,0,15.2553,0,Fixed,4.19758,3.87844,443.362,451.482,4.2,0
2014-02-24 14:10:19,872,446523087056,0,0,0,0,0,15.2553,0,Fixed,4.19804,3.88016,389.629,459.277,4.2,0
2014-02-24 14:11:25,159,446523152343,0,0,0,0,0,15.2553,0,Fixed,5.15377,4.10016,-1131.14,437.32,4.2,0
2014-02-24 14:12:30,181,446523217365,0,0,0,0,0,15.2553,0,Fixed,5.17824,4.09966,-1376.65,414.947,4.2,0
2014-02-24 14:13:35,214,446523282398,0,0,0,0,0,15.2553,0,Fixed,5.181,4.09747,-1006.59,394.843,4.2,0
2014-02-24 14:14:40,248,446523347432,0,0,0,0,0,15.2553,0,Fixed,5.23747,4.10878,-1155.66,376.464,4.2,0
2014-02-24 14:15:45,689,446523412873,0,0,0,0,0,15.2553,0,Fixed,5.18762,4.10744,-818.111,359.038,4.2,0
2014-02-24 14:16:50,268,446523477452,0,0,0,0,0,15.2553,0,Fixed,5.18716,4.11606,-1066.11,341.684,4.2,0
2014-02-24 14:17:55,699,446523542883,0,0,0,0,0,15.2553,0,Fixed,5.25947,4.09781,-1143.81,325.086,4.2,0
2014-02-24 14:19:00,332,446523607516,0,0,0,0,0,15.2553,0,Fixed,5.1667,4.09975,-672.62,309.679,4.2,0
2014-02-24 14:20:05,786,446523672970,0,0,0,0,0,14.6425,0,Fixed,5.11685,4.1065,-689.704,294.652,4.2,0
2014-02-24 14:21:10,325,446523737509,0,0,0,0,0,14.6425,0,Fixed,5.24178,4.11406,-1048.47,279.949,4.2,0
2014-02-24 14:22:15,868,446523803052,0,0,0,0,0,14.6425,0,Fixed,5.27393,4.10997,-898.572,265.649,4.2,0
2014-02-24 14:23:20,401,446523867585,0,0,0,0,0,15.2553,0,Fixed,5.13177,4.10834,-728.833,252.602,4.2,0
2014-02-24 14:24:25,932,446523933116,0,0,0,0,0,15.2553,0,Fixed,5.09177,4.10363,-753.632,239.99,4.2,0
2014-02-24 14:25:31,178,446523998362,0,0,0,0,0,14.6425,0,Fixed,5.16116,4.12009,-845.391,227.392,4.2,0
2014-02-24 14:26:35,978,446524063162,0,0,0,0,0,14.6425,0,Fixed,5.27978,4.09938,-652.23,215.101,4.2,0
2014-02-24 14:27:41,214,446524128398,0,0,0,0,0,14.6425,0,Fixed,5.12623,4.10853,-693.838,203.471,4.2,0
2014-02-24 14:28:46,35,446524193219,0,0,0,0,0,14.6425,0,Fixed,4.92669,4.09978,-560.471,192.738,4.2,0
2014-02-24 14:29:51,711,446524258895,0,0,0,0,0,14.6425,0,Fixed,5.1927,4.0995,-535.671,182.326,4.2,0
2014-02-24 14:30:56,227,446524323411,0,0,0,0,0,14.6425,0,Fixed,5.20362,4.11353,-505.361,171.834,4.2,0
2014-02-24 14:32:01,707,446524388891,0,0,0,0,0,14.6425,0,Fixed,5.2347,4.10009,-605.386,161.752,4.2,0
2014-02-24 14:33:06,273,446524453457,0,0,0,0,0,14.6425,0,Fixed,5.03284,4.09809,-454.659,152.174,4.2,0
2014-02-24 14:34:11,711,446524518895,0,0,0,0,0,14.0301,0,Fixed,5.17731,4.10703,-512.801,143.305,4.2,0
2014-02-24 14:35:16,313,446524583497,0,0,0,0,0,14.0301,0,Full,5.32963,4.04769,5.78657,0.00994549,4.2,0
2014-02-24 14:36:21,722,446524648906,0,0,0,0,0,14.0301,0,Full,5.26655,4.03272,5.78657,0.115063,4.2,0
2014-02-24 14:37:26,377,446524713561,0,0,0,0,0,14.0301,0,Full,5.19285,4.02706,6.06212,0.224596,4.2,0
2014-02-24 14:38:31,787,446524778971,0,0,0,0,0,13.4183,0,Full,5.21731,4.02397,6.33768,0.337193,4.2,0
2014-02-24 14:39:36,423,446524843607,0,0,0,0,0,14.0301,0,Full,5.29701,4.02197,6.33768,0.451324,4.2,0
2014-02-24 14:40:41,858,446524909042,0,0,0,0,0,13.4183,0,Full,5.33116,4.02069,6.33768,0.566863,4.2,0
2014-02-24 14:41:46,419,446524973603,0,0,0,0,0,13.4183,0,Full,5.23393,4.01984,6.33768,0.680847,4.2,0
2014-02-24 14:42:51,811,446525038995,0,0,0,0,0,13.4183,0,Full,5.14793,4.01906,6.33768,0.796306,4.2,0
2014-02-24 14:43:57,46,446525104230,0,0,0,0,0,13.4183,0,Full,5.22547,4.01856,6.33768,0.91143,4.2,0
2014-02-24 14:45:01,922,446525169106,0,0,0,0,0,13.4183,0,Full,5.3384,4.01819,6.33768,1.02603,4.2,0
2014-02-24 14:46:07,221,446525234405,0,0,0,0,0,12.8067,0,Full,5.22162,4.01781,6.33768,1.14131,4.2,0
2014-02-24 14:47:12,3,446525299187,0,0,0,0,0,13.4183,0,Full,5.147,4.0175,6.33768,1.25565,4.2,0
2014-02-24 14:48:17,248,446525364432,0,0,0,0,0,12.8067,0,Full,5.25608,4.01741,6.33768,1.3709,4.2,0
2014-02-24 14:49:22,254,446525429438,0,0,0,0,0,13.4183,0,Full,5.30193,4.017,6.33768,1.48568,4.2,0
2014-02-24 14:50:27,712,446525494896,0,0,0,0,0,13.4183,0,Full,5.24424,4.01684,6.33768,1.60064,4.2,0
2014-02-24 14:51:32,360,446525559544,0,0,0,0,0,13.4183,0,Full,5.21085,4.01662,6.33768,1.71541,4.2,0
2014-02-24 14:52:37,748,446525624932,0,0,0,0,0,13.4183,0,Full,5.24285,4.01647,6.61323,1.83249,4.2,0
2014-02-24 14:53:42,333,446525689517,0,0,0,0,0,13.4183,0,Full,5.23131,4.01631,6.61323,1.95208,4.2,0
2014-02-24 14:54:47,779,446525754963,0,0,0,0,0,12.8067,0,Full,5.2747,4.01619,6.61323,2.07268,4.2,0
2014-02-24 14:55:52,416,446525819600,0,0,0,0,0,12.8067,0,Full,5.23455,4.01613,6.61323,2.1918,4.2,0
2014-02-24 14:56:57,875,446525885059,0,0,0,0,0,-1.#INF,1,Full,5.12254,4.00941,123.722,2.31384,4.2,0
2014-02-24 14:58:02,436,446525949620,0,0,0,0,0,12.8067,0,Full,5.25778,4.01575,7.71543,2.5278,4.2,0
2014-02-24 14:59:07,825,446526015009,0,0,0,0,0,14.0301,0,Full,5.28055,4.01575,7.71543,2.66839,4.2,0
2014-02-24 15:00:13,162,446526080346,0,0,0,0,0,12.8067,0,Full,5.21901,4.01563,7.71543,2.80887,4.2,0
2014-02-24 15:01:18,211,446526145395,0,0,0,0,0,13.4183,0,Full,5.16116,4.01553,7.71543,2.94874,4.2,0
2014-02-24 15:02:23,213,446526210397,0,0,0,0,0,12.8067,0,Full,5.22762,4.01547,7.71543,3.08852,4.2,0
2014-02-24 15:03:28,227,446526275411,0,0,0,0,0,12.8067,0,Full,5.24624,4.01538,7.71543,3.22834,4.2,0
2014-02-24 15:04:33,639,446526340823,0,0,0,0,0,13.4183,0,Full,5.22639,4.01528,7.71543,3.36833,4.2,0
2014-02-24 15:05:38,307,446526405491,0,0,0,0,0,13.4183,0,Full,5.18316,4.01519,7.71543,3.50807,4.2,0
2014-02-24 15:06:43,721,446526470905,0,0,0,0,0,13.4183,0,Full,5.07946,4.01516,7.71543,3.64811,4.2,0
2014-02-24 15:07:49,12,446526536196,0,0,0,0,0,13.4183,0,Full,5.22362,4.01506,7.71543,3.78873,4.2,0
2014-02-24 15:08:53,875,446526601059,0,0,0,0,0,13.4183,0,Full,5.21378,4.01506,7.71543,3.92865,4.2,0
2014-02-24 15:09:59,156,446526666340,0,0,0,0,0,13.4183,0,Full,5.15777,4.01494,7.71543,4.06903,4.2,0
2014-02-24 15:11:04,226,446526731410,0,0,0,0,0,13.4183,0,Full,5.01284,4.01487,7.71543,4.20897,4.2,0
2014-02-24 15:12:09,830,446526797014,0,0,0,0,0,13.4183,0,Full,5.20654,4.01481,7.71543,4.35004,4.2,0
2014-02-24 15:13:14,398,446526861582,0,0,0,0,0,14.0301,0,Full,5.17685,4.01475,7.71543,4.48888,4.2,0
2014-02-24 15:14:19,927,446526927111,0,0,0,0,0,14.0301,0,Full,5.16008,4.01469,7.71543,4.6298,4.2,0
2014-02-24 15:15:24,495,446526991679,0,0,0,0,0,14.6425,0,Full,5.04454,4.01466,7.71543,4.76865,4.2,0
2014-02-24 15:16:29,984,446527057168,0,0,0,0,0,14.0301,0,Full,5.14131,4.01459,7.71543,4.90948,4.2,0
2014-02-24 15:17:35,782,446527122966,0,0,0,0,0,14.6425,0,Full,5.16193,4.01456,7.71543,5.05019,4.2,0
2014-02-24 15:18:40,191,446527187375,0,0,0,0,0,14.0301,0,Full,4.19788,3.96794,396.243,10.0822,4.2,0
2014-02-24 15:19:45,832,446527253016,0,0,0,0,0,14.0301,0,Full,4.19573,3.96181,389.078,17.6047,4.2,0
2014-02-24 15:20:50,347,446527317531,0,0,0,0,0,14.0301,0,Full,4.20188,3.96009,386.323,25.1226,4.2,0
2014-02-24 15:21:55,986,446527383170,0,0,0,0,0,14.0301,0,Full,4.19758,3.95634,402.58,32.6903,4.2,0
2014-02-24 15:23:00,475,446527447659,0,0,0,0,0,14.0301,0,Full,4.19927,3.95563,379.158,40.1296,4.2,0
2014-02-24 15:24:05,942,446527513126,0,0,0,0,0,14.6425,0,Full,4.19542,3.95125,422.42,47.7007,4.2,0
2014-02-24 15:25:10,475,446527577659,0,0,0,0,0,14.6425,0,Full,4.20004,3.95084,405.887,55.1361,4.2,0
2014-02-24 15:26:16,76,446527643260,0,0,0,0,0,14.6425,0,Full,4.20034,3.94928,410.571,62.7116,4.2,0
2014-02-24 15:27:21,245,446527708429,0,0,0,0,0,14.6425,0,Full,4.20034,3.94072,478.081,70.2714,4.2,0
2014-02-24 15:28:26,284,446527773468,0,0,0,0,0,14.6425,0,Full,4.19604,3.94853,392.936,77.7978,4.2,0
2014-02-24 15:29:31,876,446527839060,0,0,0,0,0,14.6425,0,Full,4.20942,3.94725,346.368,85.3624,4.2,0
2014-02-24 15:30:36,386,446527903570,0,0,0,0,0,14.6425,0,Full,4.19604,3.9465,381.638,92.8437,4.2,0
2014-02-24 15:31:41,966,446527969150,0,0,0,0,0,14.6425,0,Full,4.2025,3.94591,352.705,100.401,4.2,0
2014-02-24 15:32:46,324,446528033508,0,0,0,0,0,14.6425,0,Full,4.20158,3.94272,381.914,107.847,4.2,0
2014-02-24 15:33:51,989,446528099173,0,0,0,0,0,14.6425,0,Full,4.20004,3.94147,392.66,115.437,4.2,0
2014-02-24 15:34:56,387,446528163571,0,0,0,0,0,14.6425,0,Full,4.19481,3.93916,418.838,122.888,4.2,0
2014-02-24 15:36:01,999,446528229183,0,0,0,0,0,14.6425,0,Full,4.19988,3.94053,384.118,130.455,4.2,0
2014-02-24 15:37:06,448,446528293632,0,0,0,0,0,14.6425,0,Full,4.20188,3.93769,389.905,137.868,4.2,0
2014-02-24 15:38:12,10,446528359194,0,0,0,0,0,15.2553,0,Full,4.20019,3.93813,357.941,145.39,4.2,0
2014-02-24 15:39:17,249,446528424433,0,0,0,0,0,14.6425,0,Full,4.19758,3.92703,475.326,152.907,4.2,0
2014-02-24 15:40:22,286,446528489470,0,0,0,0,0,14.6425,0,Full,4.20019,3.93397,380.261,160.396,4.2,0
2014-02-24 15:41:27,886,446528555070,0,0,0,0,0,14.0301,0,Full,4.20158,3.933,365.105,167.967,4.2,0
2014-02-24 15:42:32,328,446528619512,0,0,0,0,0,14.6425,0,Full,4.19819,3.93022,387.149,175.438,4.2,0
2014-02-24 15:43:37,956,446528685140,0,0,0,0,0,14.6425,0,Full,4.20311,3.93125,352.981,183.024,4.2,0
2014-02-24 15:44:42,472,446528749656,0,0,0,0,0,14.6425,0,Full,4.20096,3.92734,395.691,190.501,4.2,0
2014-02-24 15:45:48,15,446528815199,0,0,0,0,0,14.6425,0,Full,4.2025,3.92663,362.901,198.094,4.2,0
2014-02-24 15:46:53,799,446528880983,0,0,0,0,0,14.0301,0,Full,4.20681,3.9195,410.296,205.629,4.2,0
2014-02-24 15:47:58,267,446528945451,0,0,0,0,0,14.0301,0,Full,4.20019,3.92022,412.225,213.151,4.2,0
2014-02-24 15:49:03,861,446529011045,0,0,0,0,0,14.0301,0,Full,4.20419,3.91625,418.011,220.635,4.2,0
2014-02-24 15:50:08,353,446529075537,0,0,0,0,0,14.0301,0,Fixed,4.19958,3.99022,-297.32,227.497,4.2,0
2014-02-24 15:51:13,823,446529141007,0,0,0,0,0,10.9753,0,Fixed,5.04946,4.10463,-935.772,209.017,4.2,0
2014-02-24 15:52:18,349,446529205533,0,0,0,0,0,14.0301,0,Fixed,5.19393,4.10953,-1073.82,191.358,4.2,0
2014-02-24 15:53:23,938,446529271122,0,0,0,0,0,13.4183,0,Fixed,5.2847,4.10678,-992.811,175.28,4.2,0
2014-02-24 15:54:28,387,446529335571,0,0,0,0,0,14.0301,0,Fixed,5.35809,4.09753,-869.639,160.005,4.2,0
2014-02-24 15:55:33,987,446529401171,0,0,0,0,0,13.4183,0,Fixed,5.25701,4.11013,-988.953,145.209,4.2,0
2014-02-24 15:56:38,423,446529465607,0,0,0,0,0,14.0301,0,Fixed,5.13793,4.1055,-638.452,131.807,4.2,0
2014-02-24 15:57:43,987,446529531171,0,0,0,0,0,14.6425,0,Fixed,5.15254,4.10803,-694.113,118.696,4.2,0
2014-02-24 15:58:48,423,446529595607,0,0,0,0,0,14.0301,0,Fixed,5.23608,4.12197,-910.972,106.594,4.2,0
2014-02-24 15:59:54,22,446529661206,0,0,0,0,0,14.0301,0,Fixed,5.27193,4.11525,-742.059,94.4979,4.2,0
2014-02-24 16:00:58,470,446529725654,0,0,0,0,0,14.0301,0,Fixed,5.22885,4.12544,-700.175,83.0927,4.2,0
2014-02-24 16:02:03,898,446529791082,0,0,0,0,0,13.4183,0,Fixed,5.22101,4.10216,-673.998,72.2649,4.2,0
2014-02-24 16:03:09,49,446529856233,0,0,0,0,0,14.0301,0,Fixed,5.15885,4.10594,-585.822,62.2365,4.2,0
2014-02-24 16:04:13,988,446529921172,0,0,0,0,0,14.0301,0,Full,5.38824,4.04306,5.23547,0.00962773,4.2,0
2014-02-24 16:05:19,219,446529986403,0,0,0,0,0,14.0301,0,Full,5.38271,4.02791,6.06212,0.117521,4.2,0
2014-02-24 16:06:23,966,446530051150,0,0,0,0,0,14.0301,0,Full,5.40471,4.02241,6.06212,0.226874,4.2,0
2014-02-24 16:07:29,267,446530116451,0,0,0,0,0,13.4183,0,Full,5.27085,4.01941,6.06212,0.337164,4.2,0
2014-02-24 16:08:34,239,446530181423,0,0,0,0,0,14.0301,0,Full,5.29732,4.01759,6.06212,0.446815,4.2,0
2014-02-24 16:09:39,757,446530246941,0,0,0,0,0,13.4183,0,Full,5.36563,4.01641,6.06212,0.55692,4.2,0
2014-02-24 16:10:44,308,446530311492,0,0,0,0,0,13.4183,0,Full,5.34532,4.01559,6.06212,0.66658,4.2,0
2014-02-24 16:11:49,767,446530376951,0,0,0,0,0,13.4183,0,Full,5.36901,4.01503,6.06212,0.777144,4.2,0
2014-02-24 16:12:54,447,446530441631,0,0,0,0,0,12.8067,0,Full,5.23285,4.01456,6.06212,0.886408,4.2,0
2014-02-24 16:13:59,839,446530507023,0,0,0,0,0,12.8067,0,Full,5.24055,4.01422,6.06212,0.996873,4.2,0
2014-02-24 16:15:04,378,446530571562,0,0,0,0,0,13.4183,0,Full,5.32701,4.01397,6.06212,1.1059,4.2,0
2014-02-24 16:16:09,897,446530637081,0,0,0,0,0,13.4183,0,Full,5.34963,4.01372,6.33768,1.21811,4.2,0
2014-02-24 16:17:14,403,446530701587,0,0,0,0,0,2546.56,0,Full,5.27116,4.01366,6.33768,1.33202,4.2,0
2014-02-24 16:18:19,887,446530767071,0,0,0,0,0,12.8067,0,Full,5.14685,4.01338,6.33768,1.44767,4.2,0
2014-02-24 16:19:24,480,446530831664,0,0,0,0,0,12.8067,0,Full,5.2827,4.01325,6.33768,1.56172,4.2,0
2014-02-24 16:20:29,915,446530897099,0,0,0,0,0,13.4183,0,Full,5.31978,4.01322,6.33768,1.67727,4.2,0
2014-02-24 16:21:35,186,446530962370,0,0,0,0,0,13.4183,0,Full,5.29024,4.01297,6.33768,1.79253,4.2,0
2014-02-24 16:22:39,898,446531027082,0,0,0,0,0,13.4183,0,Full,5.14516,4.01291,6.33768,1.90684,4.2,0
2014-02-24 16:23:45,201,446531092385,0,0,0,0,0,12.8067,0,Full,5.20793,4.01278,6.33768,2.02217,4.2,0
2014-02-24 16:24:49,944,446531157128,0,0,0,0,0,13.4183,0,Full,5.29055,4.01269,6.33768,2.13651,4.2,0
2014-02-24 16:25:55,250,446531222434,0,0,0,0,0,12.8067,0,Full,5.26516,4.01266,6.33768,2.25184,4.2,0
2014-02-24 16:27:00,290,446531287474,0,0,0,0,0,13.4183,0,Full,5.29901,4.0125,6.33768,2.3667,4.2,0
2014-02-24 16:28:05,653,446531352837,0,0,0,0,0,13.4183,0,Full,5.10054,4.0125,6.61323,2.48225,4.2,0
2014-02-24 16:29:10,448,446531417632,0,0,0,0,0,1698.58,0,Full,5.27824,4.01259,6.61323,2.6019,4.2,0
2014-02-24 16:30:15,828,446531483012,0,0,0,0,0,13.4183,0,Full,5.25085,4.01234,6.61323,2.7224,4.2,0
2014-02-24 16:31:20,467,446531547651,0,0,0,0,0,13.4183,0,Full,5.25224,4.01231,6.61323,2.84152,4.2,0
2014-02-24 16:32:25,845,446531613029,0,0,0,0,0,12.8067,0,Full,5.28116,4.01222,6.61323,2.962,4.2,0
2014-02-24 16:33:31,25,446531678209,0,0,0,0,0,12.8067,0,Full,5.17147,4.01216,6.61323,3.08199,4.2,0
2014-02-24 16:34:35,914,446531743098,0,0,0,0,0,13.4183,0,Full,5.26408,4.01209,6.88878,3.20554,4.2,0
2014-02-24 16:35:41,29,446531808213,0,0,0,0,0,13.4183,0,Full,5.23762,4.01206,6.88878,3.33035,4.2,0
2014-02-24 16:36:45,897,446531873081,0,0,0,0,0,13.4183,0,Full,5.24162,4.01203,6.88878,3.45505,4.2,0
2014-02-24 16:37:51,194,446531938378,0,0,0,0,0,13.4183,0,Full,5.21024,4.01203,6.88878,3.5804,4.2,0
2014-02-24 16:38:56,49,446532003233,0,0,0,0,0,13.4183,0,Full,5.20562,4.01194,6.88878,3.70491,4.2,0
2014-02-24 16:40:01,688,446532068872,0,0,0,0,0,13.4183,0,Full,5.23408,4.01191,6.88878,3.83011,4.2,0
2014-02-24 16:41:06,271,446532133455,0,0,0,0,0,13.4183,0,Full,5.22993,4.01184,6.88878,3.95491,4.2,0
2014-02-24 16:42:11,732,446532198916,0,0,0,0,0,13.4183,0,Full,5.23501,4.01178,6.88878,4.07977,4.2,0
2014-02-24 16:43:16,303,446532263487,0,0,0,0,0,14.0301,0,Full,5.23362,4.01184,7.16433,4.20899,4.2,0
2014-02-24 16:44:21,847,446532329031,0,0,0,0,0,14.0301,0,Full,5.22362,4.01175,7.16433,4.33979,4.2,0
2014-02-24 16:45:26,325,446532393509,0,0,0,0,0,13.4183,0,Full,5.21054,4.01175,7.16433,4.46866,4.2,0
2014-02-24 16:46:31,867,446532459051,0,0,0,0,0,14.6425,0,Full,5.22331,4.01169,7.16433,4.59953,4.2,0
2014-02-24 16:47:36,380,446532523564,0,0,0,0,0,14.0301,0,Full,5.26239,4.01163,7.16433,4.72836,4.2,0
2014-02-24 16:48:41,871,446532589055,0,0,0,0,0,14.0301,0,Full,5.22239,4.01163,7.16433,4.85915,4.2,0
2014-02-24 16:49:46,438,446532653622,0,0,0,0,0,14.0301,0,Full,5.20501,4.01159,7.16433,4.98809,4.2,0
2014-02-24 16:50:51,971,446532719155,0,0,0,0,0,14.6425,0,Full,5.17362,4.01153,7.16433,5.11898,4.2,0
2014-02-24 16:51:56,453,446532783637,0,0,0,0,0,14.6425,0,Full,5.25193,4.0115,7.16433,5.2483,4.2,0
2014-02-24 16:53:01,981,446532849165,0,0,0,0,0,14.0301,0,Full,5.2727,4.01134,8.81764,5.4828,4.2,0
2014-02-24 16:54:07,146,446532914330,0,0,0,0,0,14.6425,0,Full,5.183,4.01141,8.81764,5.64296,4.2,0
2014-02-24 16:55:11,958,446532979142,0,0,0,0,0,14.6425,0,Full,5.18116,4.01137,8.81764,5.80227,4.2,0
2014-02-24 16:56:17,255,446533044439,0,0,0,0,0,15.2553,0,Full,5.18762,4.01131,8.81764,5.96277,4.2,0
2014-02-24 16:57:21,988,446533109172,0,0,0,0,0,14.6425,0,Full,5.27547,4.01131,8.81764,6.12189,4.2,0
2014-02-24 16:58:27,871,446533175055,0,0,0,0,0,14.6425,0,Full,4.20696,3.96469,383.292,12.0749,4.2,0
2014-02-24 16:59:32,292,446533239476,0,0,0,0,0,15.2553,0,Full,4.19927,3.95888,426.278,19.5816,4.2,0
2014-02-24 17:00:37,884,446533305068,0,0,0,0,0,14.6425,0,Full,4.20111,3.95744,377.781,27.1682,4.2,0
2014-02-24 17:01:42,323,446533369507,0,0,0,0,0,15.2553,0,Full,4.19619,3.95472,408.367,34.7088,4.2,0
2014-02-24 17:02:47,940,446533435124,0,0,0,0,0,15.2553,0,Full,4.20019,3.95425,386.598,42.3297,4.2,0
2014-02-24 17:03:52,420,446533499604,0,0,0,0,0,15.2553,0,Full,4.19865,3.95278,386.323,49.8228,4.2,0
2014-02-24 17:04:57,975,446533565159,0,0,0,0,0,15.2553,0,Full,4.2005,3.95222,376.678,57.438,4.2,0
2014-02-24 17:06:02,470,446533629654,0,0,0,0,0,15.8684,0,Full,4.20081,3.95069,379.434,64.9302,4.2,0
2014-02-24 17:07:08,76,446533695260,0,0,0,0,0,15.2553,0,Full,4.19681,3.94841,393.487,72.5179,4.2,0
2014-02-24 17:08:13,246,446533760430,0,0,0,0,0,16.4818,0,Full,4.20834,3.94,456.864,80.0902,4.2,0
2014-02-24 17:09:18,303,446533825487,0,0,0,0,0,15.8684,0,Full,4.19758,3.94791,358.216,87.5985,4.2,0
2014-02-24 17:10:23,797,446533890981,0,0,0,0,0,15.2553,0,Full,4.19881,3.94134,416.358,95.1313,4.2,0
2014-02-24 17:11:28,383,446533955567,0,0,0,0,0,15.8684,0,Full,4.20204,3.94366,383.292,102.668,4.2,0
2014-02-24 17:12:33,909,446534021093,0,0,0,0,0,16.4818,0,Full,4.20342,3.9445,351.052,110.243,4.2,0
2014-02-24 17:13:38,353,446534085537,0,0,0,0,0,15.8684,0,Full,4.19958,3.94119,397.896,117.705,4.2,0
2014-02-24 17:14:43,940,446534151124,0,0,0,0,0,15.2553,0,Full,4.19465,3.93813,416.909,125.27,4.2,0
2014-02-24 17:15:48,440,446534215624,0,0,0,0,0,15.8684,0,Full,4.19865,3.93928,380.812,132.733,4.2,0
2014-02-24 17:16:54,44,446534281228,0,0,0,0,0,15.8684,0,Full,4.19927,3.93844,371.443,140.298,4.2,0
2014-02-24 17:17:59,868,446534347052,0,0,0,0,0,15.2553,0,Full,4.20311,3.92984,418.011,147.861,4.2,0
2014-02-24 17:19:04,276,446534411460,0,0,0,0,0,15.8684,0,Full,4.19711,3.93159,414.98,155.412,4.2,0
2014-02-24 17:20:09,890,446534477074,0,0,0,0,0,15.8684,0,Full,4.20188,3.93178,398.722,163.017,4.2,0
2014-02-24 17:21:14,363,446534541547,0,0,0,0,0,15.8684,0,Full,4.20173,3.92972,404.234,170.437,4.2,0
2014-02-24 17:22:19,834,446534607018,0,0,0,0,0,15.8684,0,Full,4.19927,3.92866,392.109,177.987,4.2,0
2014-02-24 17:23:24,333,446534671517,0,0,0,0,0,14.6425,0,Full,4.19911,3.92625,411.949,185.485,4.2,0
2014-02-24 17:24:29,976,446534737160,0,0,0,0,0,15.2553,0,Full,4.20019,3.92544,386.323,193.1,4.2,0
2014-02-24 17:25:34,196,446534801380,0,0,0,0,0,0,0,Fault,0,0,0,0,0,0
2014-02-24 17:26:39,671,446534866855,0,0,0,0,0,0,0,Fault,0,0,0,0,0,0
2014-02-24 17:27:40,123,446534927307,0,0,0,0,0,15.2553,0,Fixed,4.2005,3.74969,1493.21,269.35,4.2,0
2014-02-24 17:28:40,291,446534987475,0,0,0,0,0,14.6425,0,Fixed,4.20081,3.73788,1521.04,295.265,4.2,0
2014-02-24 17:29:45,11,446535052195,0,0,0,0,0,0,0,Fault,0,0,0,0,0,0
2014-02-24 17:30:45,281,446535112465,0,0,0,0,0,1699.76,0,Fixed,4.21942,4.016,-775.676,313.264,4.2,0
2014-02-24 17:31:48,878,446535176062,0,0,0,0,0,0,0,Fault,0,0,0,0,0,0
2014-02-24 17:32:49,445,446535236629,0,0,0,0,0,15.2553,0,Fixed,4.21896,4.03441,-634.043,293.3,4.2,0
2014-02-24 17:33:54,31,446535301215,0,0,0,0,0,15.2553,0,Fixed,4.20327,4.01159,-363.452,284.624,4.2,0
2014-02-24 17:34:59,864,446535367048,0,0,0,0,0,14.6425,0,Fault,0,0,0,0,0,0
2014-02-24 17:36:00,0,446535427184,0,0,0,0,0,15.2553,0,Fixed,4.24112,4.09744,-981.789,254.574,4.2,0
2014-02-24 17:37:00,142,446535487326,0,0,0,0,0,15.2553,0,Fixed,4.1965,4.04441,-423.247,241.526,4.2,0
2014-02-24 17:38:00,276,446535547460,0,0,0,0,0,15.2553,0,Fixed,5.11054,4.11406,-1217.94,234.574,4.2,0
2014-02-24 17:39:00,425,446535607609,0,0,0,0,0,14.6425,0,Fixed,5.18977,4.09531,-855.311,217.587,4.2,0
2014-02-24 17:40:00,538,446535667722,0,0,0,0,0,15.2553,0,Fixed,5.15639,4.12144,-1030.29,201.683,4.2,0
2014-02-24 17:41:01,870,446535729054,0,0,0,0,0,15.2553,0,Fixed,5.1807,4.11094,-683.091,186.384,4.2,0
2014-02-24 17:42:06,815,446535793999,0,0,0,0,0,15.2553,0,Fixed,5.1647,4.10016,-791.383,171.022,4.2,0
2014-02-24 17:43:11,891,446535859075,0,0,0,0,0,15.2553,0,Fixed,5.11377,4.10081,-663.252,156.78,4.2,0
2014-02-24 17:44:17,25,446535924209,0,0,0,0,0,15.2553,0,Fixed,5.1567,4.09744,-917.034,142.638,4.2,0
2014-02-24 17:45:21,879,446535989063,0,0,0,0,0,15.2553,0,Fixed,5.16377,4.11909,-810.396,128.88,4.2,0
2014-02-24 17:46:27,212,446536054396,0,0,0,0,0,14.6425,0,Fixed,5.11669,4.11769,-837.4,115.621,4.2,0
2014-02-24 17:47:31,931,446536119115,0,0,0,0,0,15.2553,0,Fixed,5.09131,4.11978,-832.164,103.088,4.2,0
2014-02-24 17:48:37,298,446536184482,0,0,0,0,0,15.8684,0,Fixed,5.10515,4.10016,-623.572,91.0678,4.2,0
2014-02-24 17:49:41,961,446536249145,0,0,0,0,0,15.8684,0,Fixed,5.06208,4.11066,-633.492,79.7209,4.2,0
2014-02-24 17:50:47,259,446536314443,0,0,0,0,0,15.2553,0,Fixed,5.16854,4.10363,-646.994,68.6145,4.2,0
2014-02-24 17:51:52,87,446536379271,0,0,0,0,0,15.8684,0,Fixed,5.12162,4.0985,-330.661,57.9869,4.2,0
2014-02-24 17:52:57,746,446536444930,0,0,0,0,0,15.2553,0,Fixed,4.96853,4.10588,-597.67,47.991,4.2,0
2014-02-24 17:54:02,329,446536509513,0,0,0,0,0,15.8684,0,Fixed,4.97699,4.11088,-594.639,38.6389,4.2,0
2014-02-24 17:55:07,650,446536574834,0,0,0,0,0,16.4818,0,Fixed,5.04269,4.10109,-620.266,29.1118,4.2,0
2014-02-24 17:56:12,350,446536639534,0,0,0,0,0,15.8684,0,Fixed,4.97946,4.115,-596.293,20.094,4.2,0
2014-02-24 17:57:17,801,446536704985,0,0,0,0,0,15.8684,0,Fixed,4.95607,4.11313,-553.307,11.2774,4.2,0
2014-02-24 17:58:22,486,446536769670,0,0,0,0,0,15.2553,0,Fixed,5.05284,4.10156,-452.179,2.91391,4.2,0
2014-02-24 17:59:27,982,446536835166,0,0,0,0,0,15.8684,0,Fixed,5.07715,4.114,-626.603,0,4.2,0
2014-02-24 18:00:33,227,446536900411,0,0,0,0,0,16.4818,0,Fixed,4.9973,4.112,-525.476,0,4.2,0
2014-02-24 18:01:37,993,446536965177,0,0,0,0,0,15.8684,0,Fixed,4.93299,4.114,-514.178,0,4.2,0
2014-02-24 18:02:43,215,446537030399,0,0,0,0,0,15.8684,0,Fixed,4.82407,4.10531,-418.838,0,4.2,0
2014-02-24 18:03:47,980,446537095164,0,0,0,0,0,15.8684,0,Fixed,4.95746,4.10434,-327.906,0,4.2,0
2014-02-24 18:04:53,263,446537160447,0,0,0,0,0,15.8684,0,Full,5.23224,4.0565,6.61323,0.0228352,4.2,0
2014-02-24 18:05:57,996,446537225180,0,0,0,0,0,15.8684,0,Full,5.2687,4.04563,7.16433,0.147818,4.2,0
2014-02-24 18:07:03,270,446537290454,0,0,0,0,0,15.8684,0,Full,5.14946,4.04081,7.16433,0.278193,4.2,0
2014-02-24 18:08:08,246,446537355430,0,0,0,0,0,15.8684,0,Full,4.98669,4.038,7.16433,0.407977,4.2,0
2014-02-24 18:09:13,662,446537420846,0,0,0,0,0,16.4818,0,Full,5.15823,4.03622,7.43988,0.54187,4.2,0
2014-02-24 18:10:18,380,446537485564,0,0,0,0,0,15.8684,0,Full,5.24808,4.035,7.43988,0.676817,4.2,0
2014-02-24 18:11:23,853,446537551037,0,0,0,0,0,15.2553,0,Full,5.2807,4.03403,7.43988,0.812615,4.2,0
2014-02-24 18:12:28,350,446537615534,0,0,0,0,0,15.8684,0,Full,5.2287,4.03341,7.43988,0.94639,4.2,0
2014-02-24 18:13:33,799,446537680983,0,0,0,0,0,15.8684,0,Full,5.05777,4.03284,7.43988,1.08214,4.2,0
2014-02-24 18:14:38,437,446537745621,0,0,0,0,0,15.8684,0,Full,5.18131,4.03241,7.43988,1.21621,4.2,0
2014-02-24 18:15:43,828,446537811012,0,0,0,0,0,15.8684,0,Full,5.22439,4.032,7.43988,1.35183,4.2,0
2014-02-24 18:16:49,54,446537876238,0,0,0,0,0,15.8684,0,Full,5.15716,4.03175,7.43988,1.48708,4.2,0
2014-02-24 18:17:53,952,446537941136,0,0,0,0,0,15.8684,0,Full,5.21239,4.03141,7.43988,1.62169,4.2,0
2014-02-24 18:18:59,253,446538006437,0,0,0,0,0,15.2553,0,Full,5.04577,4.03116,7.43988,1.75712,4.2,0
2014-02-24 18:20:03,917,446538071101,0,0,0,0,0,15.2553,0,Full,5.19224,4.03094,7.43988,1.89125,4.2,0
2014-02-24 18:21:09,270,446538136454,0,0,0,0,0,15.8684,0,Full,5.22285,4.03072,7.43988,2.02666,4.2,0
2014-02-24 18:22:14,212,446538201396,0,0,0,0,0,15.2553,0,Full,5.20162,4.03053,7.43988,2.1615,4.2,0
2014-02-24 18:23:19,805,446538266989,0,0,0,0,0,15.2553,0,Full,4.99977,4.03034,7.43988,2.29659,4.2,0
2014-02-24 18:24:24,282,446538331466,0,0,0,0,0,15.8684,0,Full,5.15485,4.03016,7.43988,2.43128,4.2,0
2014-02-24 18:25:29,654,446538396838,0,0,0,0,0,15.8684,0,Full,5.20731,4.03006,7.71543,2.56895,4.2,0
2014-02-24 18:26:34,380,446538461564,0,0,0,0,0,15.8684,0,Full,5.2347,4.02988,7.71543,2.70862,4.2,0
2014-02-24 18:27:39,805,446538526989,0,0,0,0,0,15.8684,0,Full,5.07792,4.02981,7.71543,2.84935,4.2,0
2014-02-24 18:28:44,379,446538591563,0,0,0,0,0,15.8684,0,Full,5.04592,4.02966,7.99098,2.99101,4.2,0
2014-02-24 18:29:49,963,446538657147,0,0,0,0,0,15.8684,0,Full,5.2047,4.02959,7.99098,3.13713,4.2,0
2014-02-24 18:30:54,439,446538721623,0,0,0,0,0,15.8684,0,Full,5.26809,4.0295,8.26653,3.28372,4.2,0
2014-02-24 18:31:59,933,446538787117,0,0,0,0,0,15.8684,0,Full,5.23008,4.02956,8.26653,3.43467,4.2,0
2014-02-24 18:33:04,413,446538851597,0,0,0,0,0,15.8684,0,Full,5.04346,4.02931,8.26653,3.58329,4.2,0
2014-02-24 18:34:09,933,446538917117,0,0,0,0,0,15.8684,0,Full,5.12223,4.02922,8.26653,3.7343,4.2,0
2014-02-24 18:35:14,478,446538981662,0,0,0,0,0,15.2553,0,Full,5.22731,4.02906,8.26653,3.88306,4.2,0
2014-02-24 18:36:20,36,446539047220,0,0,0,0,0,15.8684,0,Full,5.29609,4.029,8.26653,4.03416,4.2,0
2014-02-24 18:37:25,816,446539113000,0,0,0,0,0,15.8684,0,Full,4.20558,3.99259,373.372,5.36339,4.2,0
2014-02-24 18:38:30,366,446539177550,0,0,0,0,0,15.8684,0,Full,4.20281,3.98706,346.368,12.7814,4.2,0
2014-02-24 18:39:35,822,446539243006,0,0,0,0,0,15.8684,0,Full,4.19496,3.97875,391.283,20.2524,4.2,0
2014-02-24 18:40:40,358,446539307542,0,0,0,0,0,15.2553,0,Full,4.20158,3.97616,400.1,27.6856,4.2,0
2014-02-24 18:41:45,983,446539373167,0,0,0,0,0,15.8684,0,Full,4.20111,3.97491,386.323,35.2657,4.2,0
2014-02-24 18:42:50,395,446539437579,0,0,0,0,0,16.4818,0,Full,4.20173,3.97306,377.505,42.7812,4.2,0
2014-02-24 18:43:55,962,446539503146,0,0,0,0,0,15.8684,0,Full,4.19788,3.97256,366.207,50.3014,4.2,0
2014-02-24 18:45:00,427,446539567611,0,0,0,0,0,16.4818,0,Full,4.19881,3.96969,377.23,57.7329,4.2,0
2014-02-24 18:46:05,978,446539633162,0,0,0,0,0,15.8684,0,Full,4.20311,3.96641,409.193,65.2889,4.2,0
2014-02-24 18:47:10,497,446539697681,0,0,0,0,0,16.4818,0,Full,4.19988,3.964,423.522,72.7376,4.2,0
2014-02-24 18:48:16,16,446539763200,0,0,0,0,0,15.8684,0,Full,4.19973,3.96419,411.122,80.3029,4.2,0
2014-02-24 18:49:21,814,446539828998,0,0,0,0,0,15.8684,0,Full,4.20819,3.963,366.207,87.872,4.2,0
2014-02-24 18:50:26,281,446539893465,0,0,0,0,0,16.4818,0,Full,4.19927,3.96356,368.136,95.3988,4.2,0
2014-02-24 18:51:31,868,446539959052,0,0,0,0,0,15.8684,0,Full,4.20142,3.95806,393.763,102.929,4.2,0
2014-02-24 18:52:36,277,446540023461,0,0,0,0,0,15.8684,0,Full,4.20327,3.96084,376.403,110.395,4.2,0
2014-02-24 18:53:41,876,446540089060,0,0,0,0,0,15.8684,0,Full,4.20327,3.95572,405.06,117.962,4.2,0
2014-02-24 18:54:46,381,446540153565,0,0,0,0,0,15.8684,0,Full,4.19573,3.95794,384.394,125.456,4.2,0
2014-02-24 18:55:51,932,446540219116,0,0,0,0,0,15.8684,0,Full,4.19988,3.95556,378.883,133.043,4.2,0
2014-02-24 18:56:56,410,446540283594,0,0,0,0,0,15.8684,0,Full,4.19896,3.95494,377.23,140.496,4.2,0
2014-02-24 18:58:02,2,446540349186,0,0,0,0,0,15.8684,0,Full,4.20327,3.95328,383.567,148.048,4.2,0
2014-02-24 18:59:06,482,446540413666,0,0,0,0,0,15.8684,0,Full,4.19788,3.95128,395.14,155.485,4.2,0
2014-02-24 19:00:12,3,446540479187,0,0,0,0,0,15.8684,0,Fixed,4.2005,3.83397,1469.51,165.256,4.2,0
2014-02-24 19:01:17,868,446540545052,0,0,0,0,0,15.8684,0,Fixed,4.20173,3.80128,1502.58,193.382,4.2,0
2014-02-24 19:02:24,957,446540612141,0,0,0,0,0,0,0,Fault,0,0,0,0,0,0
2014-02-24 19:03:25,218,446540672402,0,0,0,0,0,15.8684,0,Fixed,4.20158,3.7715,1586.35,248.152,4.2,0
2014-02-24 19:04:29,707,446540736891,0,0,0,0,0,15.8684,0,Fault,0,0,0,0,0,0
2014-02-24 19:05:32,492,446540799676,0,0,0,0,0,15.8684,0,Fixed,0,0,0,0,0,0
2014-02-24 19:06:34,637,446540861821,0,0,0,0,0,16.4818,0,Fixed,4.19942,3.75166,1513.88,330.422,4.2,0
2014-02-24 19:07:38,684,446540925868,0,0,0,0,0,16.4818,0,Fixed,4.2005,3.73828,1593.51,0,0,0
2014-02-24 19:08:39,170,446540986354,0,0,0,0,0,15.8684,0,Fixed,4.19988,3.73781,1558.52,386.198,4.2,0
2014-02-24 19:09:44,504,446541051688,0,0,0,0,0,15.8684,0,Fixed,4.19434,3.91853,0,0,0,0
2014-02-24 19:10:45,386,446541112570,0,0,0,0,0,15.8684,0,Fixed,4.19604,3.88406,401.202,407.143,4.2,0
2014-02-24 19:11:45,581,446541172765,0,0,0,0,0,15.8684,0,Fixed,4.19865,3.96191,-207.49,404.913,4.2,0
2014-02-24 19:12:45,796,446541232980,0,0,0,0,0,15.8684,0,Fixed,4.16511,4.06231,-1083.19,397.87,4.2,0
2014-02-24 19:13:45,950,446541293134,0,0,0,0,0,15.8684,0,Fixed,4.23481,4.085,-1092.56,380.606,4.2,0
2014-02-24 19:14:46,567,446541353751,0,0,0,0,0,15.8684,0,Fixed,4.22158,4.05653,-704.86,368.14,4.2,0
2014-02-24 19:15:46,712,446541413896,0,0,0,0,0,15.8684,0,Fixed,4.20404,3.98716,-33.8928,363.113,4.2,0
2014-02-24 19:16:47,62,446541474246,0,0,0,0,0,15.8684,0,Fixed,5.01423,4.09987,-1135.55,351.231,4.2,0
2014-02-24 19:17:48,372,446541535556,0,0,0,0,0,15.2553,0,Fixed,5.25224,4.09922,-1088.7,333.123,4.2,0
2014-02-24 19:18:53,752,446541600936,0,0,0,0,0,15.2553,0,Fixed,5.11362,4.09769,-1103.03,314.48,4.2,0
2014-02-24 19:19:58,403,446541665587,0,0,0,0,0,15.2553,0,Fixed,5.09346,4.10078,-753.081,297.525,4.2,0
2014-02-24 19:21:03,946,446541731130,0,0,0,0,0,15.2553,0,Fixed,5.04315,4.11009,-870.742,281.156,4.2,0
2014-02-24 19:22:08,483,446541795667,0,0,0,0,0,15.2553,0,Fixed,5.20193,4.09756,-819.489,265.596,4.2,0
2014-02-24 19:23:13,932,446541861116,0,0,0,0,0,15.2553,0,Fixed,5.17531,4.12166,-939.905,250.243,4.2,0
2014-02-24 19:24:19,259,446541926443,0,0,0,0,0,14.6425,0,Fixed,5.08577,4.11513,-892.235,235.662,4.2,0
2014-02-24 19:25:23,943,446541991127,0,0,0,0,0,14.6425,0,Fixed,5.09746,4.11331,-960.571,221.924,4.2,0
2014-02-24 19:26:29,279,446542056463,0,0,0,0,0,14.6425,0,Fixed,5.2207,4.10984,-867.159,208.508,4.2,0
2014-02-24 19:27:33,983,446542121167,0,0,0,0,0,15.2553,0,Fixed,5.195,4.11506,-787.25,195.643,4.2,0
2014-02-24 19:28:39,271,446542186455,0,0,0,0,0,14.6425,0,Fixed,5.085,4.11641,-778.432,183.284,4.2,0
2014-02-24 19:29:44,195,446542251379,0,0,0,0,0,14.6425,0,Fixed,5.00361,4.11153,-753.632,171.61,4.2,0
2014-02-24 19:30:49,685,446542316869,0,0,0,0,0,14.6425,0,Fixed,5.12823,4.11338,-682.54,160.404,4.2,0
2014-02-24 19:31:54,345,446542381529,0,0,0,0,0,14.6425,0,Fixed,5.17962,4.11725,-648.923,149.523,4.2,0
2014-02-24 19:32:59,779,446542446963,0,0,0,0,0,14.6425,0,Fixed,5.16654,4.11294,-562.124,139.19,4.2,0
2014-02-24 19:34:04,323,446542511507,0,0,0,0,0,14.6425,0,Fixed,5.00654,4.10406,-433.442,129.63,4.2,0
2014-02-24 19:35:09,775,446542576959,0,0,0,0,0,14.6425,0,Fixed,5.19547,4.10978,-569.564,120.449,4.2,0
2014-02-24 19:36:14,344,446542641528,0,0,0,0,0,14.0301,0,Full,5.28993,4.04728,5.51102,0.0109496,4.2,0
2014-02-24 19:37:19,813,446542706997,0,0,0,0,0,14.0301,0,Full,5.27009,4.03328,5.78657,0.114249,4.2,0
2014-02-24 19:38:24,395,446542771579,0,0,0,0,0,14.6425,0,Full,5.25839,4.028,6.06212,0.222036,4.2,0
2014-02-24 19:39:29,905,446542837089,0,0,0,0,0,14.6425,0,Full,5.22578,4.02509,6.06212,0.332705,4.2,0
2014-02-24 19:40:34,389,446542901573,0,0,0,0,0,13.4183,0,Full,5.31486,4.02328,6.06212,0.441634,4.2,0
2014-02-24 19:41:39,813,446542966997,0,0,0,0,0,13.4183,0,Full,5.23239,4.02216,6.06212,0.55215,4.2,0
2014-02-24 19:42:44,420,446543031604,0,0,0,0,0,13.4183,0,Full,5.3087,4.02128,6.06212,0.661282,4.2,0
2014-02-24 19:43:49,905,446543097089,0,0,0,0,0,13.4183,0,Full,5.31609,4.02072,6.06212,0.77191,4.2,0
2014-02-24 19:44:55,135,446543162319,0,0,0,0,0,14.0301,0,Full,5.27332,4.02028,6.06212,0.882101,4.2,0
2014-02-24 19:45:59,967,446543227151,0,0,0,0,0,13.4183,0,Full,5.25424,4.01994,6.06212,0.99163,4.2,0
2014-02-24 19:47:05,258,446543292442,0,0,0,0,0,13.4183,0,Full,5.23439,4.01966,6.33768,1.10471,4.2,0
2014-02-24 19:48:10,60,446543357244,0,0,0,0,0,13.4183,0,Full,5.26947,4.01938,6.33768,1.21915,4.2,0
2014-02-24 19:49:15,696,446543422880,0,0,0,0,0,13.4183,0,Full,5.28624,4.01916,6.33768,1.33436,4.2,0
2014-02-24 19:50:20,277,446543487461,0,0,0,0,0,13.4183,0,Full,5.29009,4.01903,6.33768,1.44912,4.2,0
2014-02-24 19:51:25,805,446543552989,0,0,0,0,0,14.0301,0,Full,5.25408,4.01878,6.33768,1.56485,4.2,0
2014-02-24 19:52:30,332,446543617516,0,0,0,0,0,13.4183,0,Full,5.28609,4.01869,6.33768,1.67882,4.2,0
2014-02-24 19:53:35,859,446543683043,0,0,0,0,0,13.4183,0,Full,5.29547,4.01856,6.33768,1.79455,4.2,0
2014-02-24 19:54:40,415,446543747599,0,0,0,0,0,12.8067,0,Full,5.28439,4.01847,6.61323,1.91324,4.2,0
2014-02-24 19:55:45,898,446543813082,0,0,0,0,0,13.4183,0,Full,5.23716,4.01831,6.61323,2.03392,4.2,0
2014-02-24 19:56:50,392,446543877576,0,0,0,0,0,14.0301,0,Full,5.21947,4.01822,6.61323,2.15277,4.2,0
2014-02-24 19:57:55,864,446543943048,0,0,0,0,0,13.4183,0,Full,5.22301,4.01816,6.61323,2.27343,4.2,0
2014-02-24 19:59:01,17,446544008201,0,0,0,0,0,12.8067,0,Full,5.24824,4.01806,6.61323,2.39316,4.2,0
2014-02-24 20:00:05,843,446544073027,0,0,0,0,0,14.0301,0,Full,5.26301,4.01797,6.88878,2.51798,4.2,0
2014-02-24 20:01:11,179,446544138363,0,0,0,0,0,13.4183,0,Full,5.21501,4.01791,6.88878,2.64342,4.2,0
2014-02-24 20:02:15,936,446544203120,0,0,0,0,0,13.4183,0,Full,5.18408,4.01781,6.88878,2.76776,4.2,0
2014-02-24 20:03:21,291,446544268475,0,0,0,0,0,13.4183,0,Full,5.05254,4.01778,6.88878,2.89324,4.2,0
2014-02-24 20:04:25,943,446544333127,0,0,0,0,0,14.0301,0,Full,5.26578,4.01772,6.88878,3.01737,4.2,0
2014-02-24 20:05:31,280,446544398464,0,0,0,0,0,14.0301,0,Full,5.22931,4.01763,6.88878,3.14269,4.2,0
2014-02-24 20:06:36,215,446544463399,0,0,0,0,0,13.4183,0,Full,5.21147,4.01759,6.88878,3.26748,4.2,0
2014-02-24 20:07:41,727,446544528911,0,0,0,0,0,14.0301,0,Full,5.05131,4.01753,7.16433,3.39589,4.2,0
2014-02-24 20:08:46,305,446544593489,0,0,0,0,0,14.0301,0,Full,5.24131,4.0175,7.16433,3.5254,4.2,0
2014-02-24 20:09:51,782,446544658966,0,0,0,0,0,14.6425,0,Full,5.20747,4.01747,7.16433,3.65561,4.2,0
2014-02-24 20:10:56,383,446544723567,0,0,0,0,0,13.4183,0,Full,5.19085,4.01737,7.16433,3.78513,4.2,0
2014-02-24 20:12:01,894,446544789078,0,0,0,0,0,14.0301,0,Full,5.11116,4.01734,7.16433,3.91594,4.2,0
2014-02-24 20:13:06,454,446544853638,0,0,0,0,0,14.0301,0,Full,5.18993,4.01734,7.16433,4.04486,4.2,0
2014-02-24 20:14:11,978,446544919162,0,0,0,0,0,-3.64072e+012,1,Full,5.17685,4.01088,123.998,4.17712,4.2,0
2014-02-24 20:15:16,477,446544983661,0,0,0,0,0,14.6425,0,Full,5.11854,4.01716,8.81764,4.40844,4.2,0
2014-02-24 20:16:21,982,446545049166,0,0,0,0,0,14.0301,0,Full,5.10285,4.01709,8.81764,4.56944,4.2,0
2014-02-24 20:17:26,438,446545113622,0,0,0,0,0,14.6425,0,Full,4.19573,3.97131,418.287,8.34381,4.2,0
2014-02-24 20:18:32,16,446545179200,0,0,0,0,0,13.4183,0,Full,4.19942,3.96678,388.527,15.933,4.2,0
2014-02-24 20:19:37,255,446545244439,0,0,0,0,0,14.0301,0,Full,4.20773,3.95516,469.264,23.4571,4.2,0
2014-02-24 20:20:42,325,446545309509,0,0,0,0,0,14.6425,0,Full,4.20188,3.96131,373.372,30.9425,4.2,0
2014-02-24 20:21:47,825,446545375009,0,0,0,0,0,14.0301,0,Full,4.20111,3.95697,362.35,38.4501,4.2,0
2014-02-24 20:22:52,363,446545439547,0,0,0,0,0,14.0301,0,Full,4.20004,3.95719,390.18,45.9496,4.2,0
2014-02-24 20:23:57,969,446545505153,0,0,0,0,0,14.6425,0,Full,4.20219,3.95422,399.825,53.5433,4.2,0
2014-02-24 20:25:02,444,446545569628,0,0,0,0,0,14.6425,0,Full,4.19711,3.95313,408.642,60.9924,4.2,0
2014-02-24 20:26:08,43,446545635227,0,0,0,0,0,14.6425,0,Full,4.19542,3.95172,398.998,68.5704,4.2,0
2014-02-24 20:27:13,310,446545700494,0,0,0,0,0,14.6425,0,Full,4.20281,3.94591,427.931,76.143,4.2,0
2014-02-24 20:28:18,315,446545765499,0,0,0,0,0,15.2553,0,Full,4.19665,3.94981,389.354,83.6584,4.2,0
2014-02-24 20:29:23,928,446545831112,0,0,0,0,0,14.6425,0,Full,4.19681,3.95034,357.665,91.2217,4.2,0
2014-02-24 20:30:28,454,446545895638,0,0,0,0,0,14.6425,0,Full,4.20204,3.94672,398.998,98.6687,4.2,0
2014-02-24 20:31:33,979,446545961163,0,0,0,0,0,14.6425,0,Full,4.19742,3.94641,376.678,106.212,4.2,0
2014-02-24 20:32:38,440,446546025624,0,0,0,0,0,14.6425,0,Full,4.19727,3.94453,395.967,113.649,4.2,0
2014-02-24 20:33:44,27,446546091211,0,0,0,0,0,14.6425,0,Full,4.19619,3.9405,423.798,121.222,4.2,0
2014-02-24 20:34:48,480,446546155664,0,0,0,0,0,14.0301,0,Full,4.20034,3.94191,389.078,128.632,4.2,0
2014-02-24 20:35:54,7,446546221191,0,0,0,0,0,14.6425,0,Full,4.20311,3.94197,354.91,136.194,4.2,0
2014-02-24 20:36:59,306,446546286490,0,0,0,0,0,14.0301,0,Full,4.20373,3.93322,418.838,143.727,4.2,0
2014-02-24 20:38:04,304,446546351488,0,0,0,0,0,14.0301,0,Full,4.20373,3.93578,411.398,151.254,4.2,0
2014-02-24 20:39:06,810,446546413994,0,0,0,0,0,14.6425,0,Fixed,4.20281,3.77831,1666.26,166.478,4.2,0
2014-02-24 20:40:07,216,446546474400,0,0,0,0,0,14.0301,0,Fixed,4.20219,3.77031,1536.75,192.558,4.2,0
2014-02-24 20:41:07,457,446546534641,0,0,0,0,0,14.6425,0,Fixed,4.20234,3.76266,1506.71,218.161,4.2,0
2014-02-24 20:42:12,991,446546600175,0,0,0,0,0,0,0,Fault,0,0,0,0,0,0
2014-02-24 20:43:13,257,446546660441,0,0,0,0,0,14.0301,0,Fixed,4.19942,3.736,1536.2,273.895,4.2,0
2014-02-24 20:44:13,942,446546721126,0,0,0,0,0,15.2553,0,Fixed,4.20004,3.73247,1532.06,300.456,4.2,0
2014-02-24 20:45:14,125,446546781309,0,0,0,0,0,15.2553,0,Fixed,4.19681,3.72663,1508.92,326.546,4.2,0
2014-02-24 20:46:14,378,446546841562,0,0,0,0,0,15.2553,0,Fixed,4.19834,3.71941,1559.62,352.87,4.2,0
2014-02-24 20:47:19,29,446546906213,0,0,0,0,0,15.2553,0,Fixed,4.19711,3.71413,1519.39,381.196,4.2,0
2014-02-24 20:48:23,581,446546970765,0,0,0,0,0,0,0,Fault,0,0,0,0,0,0
2014-02-24 20:49:24,614,446547031798,0,0,0,0,0,15.2553,0,Fixed,4.22973,4.01331,-1287.1,424.072,4.2,0
2014-02-24 20:50:25,903,446547093087,0,0,0,0,0,15.2553,0,Fixed,4.17942,4.00441,-705.135,405.769,4.2,0
2014-02-24 20:51:27,16,446547154200,0,0,0,0,0,15.2553,0,Fixed,4.19665,4.00034,-550,395.866,4.2,0
2014-02-24 20:52:27,480,446547214664,0,0,0,0,0,15.2553,0,Fixed,4.20419,3.96066,-193.712,392.96,4.2,0
2014-02-24 20:53:28,677,446547275861,0,0,0,0,0,14.6425,0,Fixed,4.23142,4.04519,-814.254,382.54,4.2,0
2014-02-24 20:55:42,798,446547409982,0,0,0,0,0,14.6425,0,Fixed,5.19162,4.10166,-890.03,344.519,4.2,0
2014-02-24 20:56:44,301,446547471485,0,0,0,0,0,14.6425,0,Fixed,5.21131,4.09875,-1021.19,325.339,4.2,0
2014-02-24 20:57:49,724,446547536908,0,0,0,0,0,14.6425,0,Fixed,5.20824,4.10719,-1161.72,306.44,4.2,0
2014-02-24 20:58:54,422,446547601606,0,0,0,0,0,15.2553,0,Fixed,5.12808,4.12,-1157.31,288.487,4.2,0
2014-02-24 20:59:59,990,446547667174,0,0,0,0,0,14.6425,0,Fixed,5.12408,4.11978,-1155.94,271.148,4.2,0
2014-02-24 21:01:04,483,446547731667,0,0,0,0,0,14.6425,0,Fixed,5.12054,4.12003,-1038,254.792,4.2,0
2014-02-24 21:02:09,853,446547797037,0,0,0,0,0,14.6425,0,Fixed,5.16377,4.10175,-599.324,238.84,4.2,0
2014-02-24 21:03:15,696,446547862880,0,0,0,0,0,14.6425,0,Fixed,5.19331,4.10009,-532.089,223.414,4.2,0
2014-02-24 21:04:20,181,446547927365,0,0,0,0,0,14.0301,0,Fixed,5.1867,4.10047,-457.415,208.526,4.2,0
2014-02-24 21:05:25,296,446547992480,0,0,0,0,0,14.6425,0,Fixed,5.13746,4.10494,-609.519,194.337,4.2,0
2014-02-24 21:06:30,244,446548057428,0,0,0,0,0,14.0301,0,Fixed,5.19347,4.09531,-606.212,180.795,4.2,0
2014-02-24 21:07:35,736,446548122920,0,0,0,0,0,14.0301,0,Fixed,5.19254,4.11784,-859.444,167.788,4.2,0
2014-02-24 21:08:40,352,446548187536,0,0,0,0,0,14.0301,0,Fixed,5.14777,4.11084,-537.049,155.196,4.2,0
2014-02-24 21:09:45,767,446548252951,0,0,0,0,0,15.2553,0,Fixed,5.20947,4.09659,-417.184,143.009,4.2,0
2014-02-24 21:10:50,427,446548317611,0,0,0,0,0,14.0301,0,Fixed,5.10285,4.11856,-772.37,131.444,4.2,0
2014-02-24 21:11:55,855,446548383039,0,0,0,0,0,14.6425,0,Fixed,5.15639,4.09834,-392.109,120.199,4.2,0
2014-02-24 21:13:01,41,446548448225,0,0,0,0,0,14.6425,0,Fixed,5.10054,4.12284,-803.232,109.499,4.2,0
2014-02-24 21:14:05,953,446548513137,0,0,0,0,0,14.6425,0,Fixed,5.13023,4.1045,-374.75,99.2729,4.2,0
2014-02-24 21:15:11,200,446548578384,0,0,0,0,0,14.6425,0,Fixed,5.12054,4.11647,-726.628,89.3126,4.2,0
2014-02-24 21:16:16,248,446548643432,0,0,0,0,0,14.0301,0,Fixed,5.11731,4.11794,-650.852,79.6494,4.2,0
2014-02-24 21:17:21,764,446548708948,0,0,0,0,0,14.6425,0,Fixed,5.10023,4.11772,-681.989,70.512,4.2,0
2014-02-24 21:18:26,369,446548773553,0,0,0,0,0,14.0301,0,Fixed,5.07577,4.11244,-583.342,61.6295,4.2,0
2014-02-24 21:19:31,667,446548838851,0,0,0,0,0,14.6425,0,Full,5.23439,4.04347,6.33768,0.0369018,4.2,0
2014-02-24 21:20:36,395,446548903579,0,0,0,0,0,14.0301,0,Full,5.23362,4.03303,6.33768,0.151485,4.2,0
2014-02-24 21:21:41,889,446548969073,0,0,0,0,0,14.0301,0,Full,5.23024,4.02822,6.33768,0.267146,4.2,0
2014-02-24 21:22:46,483,446549033667,0,0,0,0,0,13.4183,0,Full,5.18254,4.02547,6.33768,0.381215,4.2,0
2014-02-24 21:23:51,948,446549099132,0,0,0,0,0,14.0301,0,Full,5.18193,4.02375,6.33768,0.496815,4.2,0
2014-02-24 21:24:57,183,446549164367,0,0,0,0,0,14.0301,0,Full,5.20347,4.02253,6.33768,0.612005,4.2,0
2014-02-24 21:26:02,226,446549229410,0,0,0,0,0,1698.58,0,Full,5.21408,4.02181,6.33768,0.726875,4.2,0
2014-02-24 21:27:07,657,446549294841,0,0,0,0,0,13.4183,0,Full,5.20316,4.02106,6.33768,0.841957,4.2,0
2014-02-24 21:28:12,367,446549359551,0,0,0,0,0,13.4183,0,Full,5.17577,4.02063,6.61323,0.961127,4.2,0
2014-02-24 21:29:17,788,446549424972,0,0,0,0,0,13.4183,0,Full,5.18008,4.02025,6.61323,1.08167,4.2,0
2014-02-24 21:30:22,451,446549489635,0,0,0,0,0,13.4183,0,Full,5.20424,4.01991,6.61323,1.20081,4.2,0
2014-02-24 21:31:27,894,446549555078,0,0,0,0,0,12.8067,0,Full,5.21778,4.01959,6.61323,1.3214,4.2,0
2014-02-24 21:32:33,204,446549620388,0,0,0,0,0,13.4183,0,Full,5.19162,4.01956,6.61323,1.44172,4.2,0
2014-02-24 21:33:38,155,446549685339,0,0,0,0,0,12.8067,0,Full,5.15285,4.01912,6.61323,1.56143,4.2,0
2014-02-24 21:34:43,235,446549750419,0,0,0,0,0,13.4183,0,Full,5.15916,4.01897,6.61323,1.68133,4.2,0
2014-02-24 21:35:48,239,446549815423,0,0,0,0,0,13.4183,0,Full,5.28686,4.01878,6.88878,1.80216,4.2,0
2014-02-24 21:36:53,763,446549880947,0,0,0,0,0,14.0301,0,Full,5.22808,4.01863,6.88878,1.9271,4.2,0
2014-02-24 21:37:58,328,446549945512,0,0,0,0,0,12.8067,0,Full,5.18054,4.01847,6.88878,2.05185,4.2,0
2014-02-24 21:39:03,665,446550010849,0,0,0,0,0,13.4183,0,Full,5.15716,4.01837,6.88878,2.17666,4.2,0
2014-02-24 21:40:08,375,446550075559,0,0,0,0,0,13.4183,0,Full,5.16039,4.01828,6.88878,2.30158,4.2,0
2014-02-24 21:41:13,833,446550141017,0,0,0,0,0,13.4183,0,Full,5.25255,4.01819,6.88878,2.42726,4.2,0
2014-02-24 21:42:19,218,446550206402,0,0,0,0,0,13.4183,0,Full,5.20454,4.01797,6.88878,2.55279,4.2,0
2014-02-24 21:43:23,924,446550271108,0,0,0,0,0,14.0301,0,Full,5.20162,4.01797,6.88878,2.67702,4.2,0
2014-02-24 21:44:29,259,446550336443,0,0,0,0,0,-4.85715e+020,1,Full,5.15162,4.00947,138.051,2.80528,4.2,0
2014-02-24 21:45:34,338,446550401522,0,0,0,0,0,13.4183,0,Full,5.1807,4.01763,8.26653,3.02777,4.2,0
2014-02-24 21:46:39,783,446550466967,0,0,0,0,0,14.0301,0,Full,5.21501,4.01763,7.99098,3.17561,4.2,0
2014-02-24 21:47:44,395,446550531579,0,0,0,0,0,14.0301,0,Full,5.12962,4.01756,7.99098,3.32021,4.2,0
2014-02-24 21:48:49,986,446550597170,0,0,0,0,0,14.0301,0,Full,5.19116,4.01747,7.99098,3.46629,4.2,0
2014-02-24 21:49:54,496,446550661680,0,0,0,0,0,14.0301,0,Full,5.20193,4.01744,7.99098,3.60996,4.2,0
2014-02-24 21:50:59,950,446550727134,0,0,0,0,0,14.0301,0,Full,5.17654,4.01734,7.99098,3.75573,4.2,0
2014-02-24 21:52:05,226,446550792410,0,0,0,0,0,14.0301,0,Full,5.13685,4.01728,7.99098,3.90111,4.2,0
2014-02-24 21:53:10,208,446550857392,0,0,0,0,0,14.0301,0,Full,5.09854,4.01728,7.99098,4.04583,4.2,0
2014-02-24 21:54:15,241,446550922425,0,0,0,0,0,14.0301,0,Full,5.1627,4.01719,7.99098,4.19068,4.2,0
2014-02-24 21:55:20,244,446550987428,0,0,0,0,0,14.6425,0,Full,5.21608,4.01713,7.99098,4.33544,4.2,0
2014-02-24 21:56:25,822,446551053006,0,0,0,0,0,14.0301,0,Full,5.10315,4.01713,7.99098,4.48027,4.2,0
2014-02-24 21:57:30,299,446551117483,0,0,0,0,0,14.0301,0,Full,4.20296,3.97219,357.665,11.164,4.2,0
2014-02-24 21:58:35,825,446551183009,0,0,0,0,0,14.6425,0,Full,4.19988,3.96478,375.576,18.7144,4.2,0
2014-02-24 21:59:40,332,446551247516,0,0,0,0,0,14.0301,0,Full,4.20065,3.96191,387.149,26.191,4.2,0
2014-02-24 22:00:45,978,446551313162,0,0,0,0,0,15.2553,0,Full,4.20111,3.95875,386.598,33.8197,4.2,0
2014-02-24 22:01:51,240,446551378424,0,0,0,0,0,14.6425,0,Full,4.20681,3.95284,419.113,41.3999,4.2,0
2014-02-24 22:02:56,253,446551443437,0,0,0,0,0,15.2553,0,Full,4.19881,3.95544,390.456,48.9395,4.2,0
2014-02-24 22:04:01,865,446551509049,0,0,0,0,0,15.2553,0,Full,4.20542,3.94981,426.829,56.4958,4.2,0
2014-02-24 22:05:06,480,446551573664,0,0,0,0,0,14.6425,0,Full,4.19788,3.95375,381.363,64.0562,4.2,0
2014-02-24 22:06:11,991,446551639175,0,0,0,0,0,14.6425,0,Full,4.2025,3.95222,376.127,71.6752,4.2,0
2014-02-24 22:07:16,443,446551703627,0,0,0,0,0,14.6425,0,Full,4.19834,3.94953,405.336,79.1861,4.2,0
2014-02-24 22:08:22,3,446551769187,0,0,0,0,0,15.2553,0,Full,4.20019,3.94772,405.611,86.8153,4.2,0
2014-02-24 22:09:27,823,446551835007,0,0,0,0,0,14.6425,0,Full,4.20004,3.94366,395.691,94.3646,4.2,0
2014-02-24 22:10:32,305,446551899489,0,0,0,0,0,14.6425,0,Full,4.20311,3.94775,368.963,101.862,4.2,0
2014-02-24 22:11:37,967,446551965151,0,0,0,0,0,15.2553,0,Full,4.20158,3.94475,394.038,109.488,4.2,0
2014-02-24 22:12:42,424,446552029608,0,0,0,0,0,14.6425,0,Full,4.2005,3.94522,365.105,116.927,4.2,0
2014-02-24 22:13:48,0,446552095184,0,0,0,0,0,15.2553,0,Full,4.20081,3.94344,377.781,124.523,4.2,0
2014-02-24 22:14:53,840,446552161024,0,0,0,0,0,15.2553,0,Full,4.20342,3.93803,411.122,132.14,4.2,0
2014-02-24 22:15:58,325,446552225509,0,0,0,0,0,15.2553,0,Full,4.20404,3.94184,356.012,139.646,4.2,0
2014-02-24 22:17:03,893,446552291077,0,0,0,0,0,14.6425,0,Full,4.20327,3.94063,358.492,147.218,4.2,0
2014-02-24 22:18:08,418,446552355602,0,0,0,0,0,14.6425,0,Full,4.2005,3.93822,373.647,154.718,4.2,0
2014-02-24 22:19:13,901,446552421085,0,0,0,0,0,14.6425,0,Full,4.19665,3.93459,400.376,162.303,4.2,0
2014-02-24 22:20:18,466,446552485650,0,0,0,0,0,14.6425,0,Full,4.20034,3.9325,407.54,169.755,4.2,0
2014-02-24 22:21:23,982,446552551166,0,0,0,0,0,14.6425,0,Full,4.19834,3.93372,367.034,177.356,4.2,0
2014-02-24 22:22:29,238,446552616422,0,0,0,0,0,14.6425,0,Full,4.20588,3.92197,478.632,184.923,4.2,0
2014-02-24 22:23:34,266,446552681450,0,0,0,0,0,14.0301,0,Full,4.19696,3.92925,384.394,192.502,4.2,0
2014-02-24 22:24:39,870,446552747054,0,0,0,0,0,14.0301,0,Full,4.20481,3.92328,418.011,200.049,4.2,0
2014-02-24 22:25:44,395,446552811579,0,0,0,0,0,14.0301,0,Full,4.20327,3.92759,362.35,207.558,4.2,0
2014-02-24 22:26:49,916,446552877100,0,0,0,0,0,14.0301,0,Full,4.20019,3.92353,393.211,215.158,4.2,0
2014-02-24 22:27:55,733,446552942917,0,0,0,0,0,14.0301,0,Fixed,4.2025,3.91606,436.197,222.805,4.2,0
2014-02-24 22:29:00,235,446553007419,0,0,0,0,0,12.1959,0,Fixed,5.31347,4.09766,-1040.76,223.395,4.2,0
2014-02-24 22:30:05,833,446553073017,0,0,0,0,0,14.0301,0,Fixed,5.29686,4.09963,-1033.87,203.922,4.2,0
2014-02-24 22:31:10,350,446553137534,0,0,0,0,0,13.4183,0,Fixed,5.24178,4.10456,-708.718,186.617,4.2,0
2014-02-24 22:32:15,929,446553203113,0,0,0,0,0,13.4183,0,Fixed,5.08454,4.11313,-926.127,171.213,4.2,0
2014-02-24 22:33:21,232,446553268416,0,0,0,0,0,13.4183,0,Fixed,5.18254,4.10409,-705.135,156.548,4.2,0
2014-02-24 22:34:26,310,446553333494,0,0,0,0,0,13.4183,0,Fixed,5.3347,4.09841,-689.98,142.521,4.2,0
2014-02-24 22:35:31,781,446553398965,0,0,0,0,0,14.0301,0,Fixed,5.24716,4.12441,-391.283,129.132,4.2,0
2014-02-24 22:36:36,411,446553463595,0,0,0,0,0,14.0301,0,Fixed,5.22516,4.10813,-580.862,116.319,4.2,0
2014-02-24 22:37:41,957,446553529141,0,0,0,0,0,13.4183,0,Fixed,5.12254,4.11491,-671.794,104.295,4.2,0
2014-02-24 22:38:47,251,446553594435,0,0,0,0,0,14.0301,0,Fixed,5.2307,4.10228,-466.508,92.9687,4.2,0
2014-02-24 22:39:52,173,446553659357,0,0,0,0,0,12.8067,0,Fixed,5.32209,4.09641,-379.158,81.9507,4.2,0
2014-02-24 22:40:57,244,446553724428,0,0,0,0,0,13.4183,0,Full,5.38932,4.035,5.51102,0.0259424,4.2,0
2014-02-24 22:42:02,272,446553789456,0,0,0,0,0,13.4183,0,Full,5.27285,4.02359,5.51102,0.125776,4.2,0
2014-02-24 22:43:07,846,446553855030,0,0,0,0,0,13.4183,0,Full,5.27916,4.01884,5.78657,0.228423,4.2,0
2014-02-24 22:44:12,344,446553919528,0,0,0,0,0,12.8067,0,Full,5.36994,4.01631,5.78657,0.332389,4.2,0
2014-02-24 22:45:17,818,446553985002,0,0,0,0,0,13.4183,0,Full,5.3127,4.01475,5.78657,0.437928,4.2,0
2014-02-24 22:46:23,96,446554050280,0,0,0,0,0,12.8067,0,Full,5.38071,4.01375,5.78657,0.542886,4.2,0
2014-02-24 22:47:27,889,446554115073,0,0,0,0,0,12.8067,0,Full,5.32932,4.01306,5.78657,0.647583,4.2,0
2014-02-24 22:48:33,46,446554180230,0,0,0,0,0,12.1959,0,Full,5.25793,4.01272,5.78657,0.752567,4.2,0
2014-02-24 22:49:37,931,446554245115,0,0,0,0,0,12.1959,0,Full,5.28778,4.01231,5.78657,0.857199,4.2,0
2014-02-24 22:50:43,215,446554310399,0,0,0,0,0,12.1959,0,Full,5.23916,4.01206,5.78657,0.962429,4.2,0
2014-02-24 22:51:48,317,446554375501,0,0,0,0,0,12.1959,0,Full,5.35132,4.01184,5.78657,1.06736,4.2,0
2014-02-24 22:52:53,781,446554440965,0,0,0,0,0,12.8067,0,Full,5.40686,4.01166,5.78657,1.17243,4.2,0
2014-02-24 22:53:58,435,446554505619,0,0,0,0,0,12.1959,0,Full,5.30286,4.01156,5.78657,1.27712,4.2,0
2014-02-24 22:55:03,869,446554571053,0,0,0,0,0,12.1959,0,Full,5.13931,4.01191,5.78657,1.38259,4.2,0
2014-02-24 22:56:09,146,446554636330,0,0,0,0,0,12.1959,0,Full,5.23239,4.01128,5.78657,1.48782,4.2,0
2014-02-24 22:57:13,948,446554701132,0,0,0,0,0,12.1959,0,Full,5.31901,4.01119,5.78657,1.5923,4.2,0
2014-02-24 22:58:19,285,446554766469,0,0,0,0,0,12.1959,0,Full,5.34317,4.01106,5.78657,1.69763,4.2,0
2014-02-24 22:59:23,990,446554831174,0,0,0,0,0,12.1959,0,Full,5.24608,4.011,6.06212,1.80572,4.2,0
2014-02-24 23:00:29,766,446554896950,0,0,0,0,0,12.1959,0,Full,5.06992,4.01097,6.06212,1.91606,4.2,0
2014-02-24 23:01:34,293,446554961477,0,0,0,0,0,11.5853,0,Full,5.2667,4.01084,6.33768,2.02858,4.2,0
2014-02-24 23:02:39,749,446555026933,0,0,0,0,0,12.1959,0,Full,5.28916,4.01078,6.33768,2.14417,4.2,0
2014-02-24 23:03:44,369,446555091553,0,0,0,0,0,12.1959,0,Full,5.29947,4.01075,6.33768,2.25829,4.2,0
2014-02-24 23:04:49,815,446555156999,0,0,0,0,0,11.5853,0,Full,5.15023,4.01072,6.33768,2.37385,4.2,0
2014-02-24 23:05:54,406,446555221590,0,0,0,0,0,12.1959,0,Full,5.19916,4.01066,6.33768,2.48792,4.2,0
2014-02-24 23:06:59,899,446555287083,0,0,0,0,0,12.1959,0,Full,5.2367,4.01056,6.33768,2.60357,4.2,0
2014-02-24 23:08:04,463,446555351647,0,0,0,0,0,12.1959,0,Full,5.27085,4.01056,6.33768,2.71759,4.2,0
2014-02-24 23:09:09,900,446555417084,0,0,0,0,0,12.8067,0,Full,5.17593,4.01056,6.33768,2.83314,4.2,0
2014-02-24 23:10:15,269,446555482453,0,0,0,0,0,12.1959,0,Full,5.09146,4.01047,6.33768,2.94859,4.2,0
2014-02-24 23:11:19,989,446555547173,0,0,0,0,0,12.8067,0,Full,5.26301,4.01047,6.33768,3.06289,4.2,0
2014-02-24 23:12:25,334,446555612518,0,0,0,0,0,12.1959,0,Full,5.19762,4.01047,6.33768,3.17817,4.2,0
2014-02-24 23:13:30,263,446555677447,0,0,0,0,0,12.1959,0,Full,5.23593,4.01031,6.33768,3.29295,4.2,0
2014-02-24 23:14:35,711,446555742895,0,0,0,0,0,12.1959,0,Full,5.09423,4.01034,6.61323,3.40807,4.2,0
2014-02-24 23:15:40,348,446555807532,0,0,0,0,0,12.8067,0,Full,5.20885,4.01031,6.61323,3.52779,4.2,0
2014-02-24 23:16:45,892,446555873076,0,0,0,0,0,12.1959,0,Full,5.23024,4.01028,6.61323,3.64858,4.2,0
2014-02-24 23:17:50,397,446555937581,0,0,0,0,0,12.8067,0,Full,5.20731,4.01028,6.61323,3.76745,4.2,0
2014-02-24 23:18:55,845,446556003029,0,0,0,0,0,12.8067,0,Full,5.23608,4.01019,6.61323,3.88797,4.2,0
2014-02-24 23:20:00,441,446556067625,0,0,0,0,0,12.1959,0,Full,5.08192,4.01022,6.61323,4.00711,4.2,0
2014-02-24 23:21:05,909,446556133093,0,0,0,0,0,12.8067,0,Full,5.20516,4.01019,6.61323,4.12774,4.2,0
2014-02-24 23:22:11,735,446556198919,0,0,0,0,0,12.8067,0,Full,5.19454,4.01016,6.61323,4.24826,4.2,0
2014-02-24 23:23:15,962,446556263146,0,0,0,0,0,13.4183,0,Full,5.1547,4.01013,6.61323,4.36741,4.2,0
2014-02-24 23:24:21,249,446556328433,0,0,0,0,0,12.8067,0,Full,5.21024,4.01016,6.61323,4.48771,4.2,0
2014-02-24 23:25:25,986,446556393170,0,0,0,0,0,12.8067,0,Full,5.30963,4.01006,6.61323,4.60704,4.2,0
2014-02-24 23:26:31,259,446556458443,0,0,0,0,0,12.8067,0,Full,5.18347,4.01006,6.61323,4.72735,4.2,0
2014-02-24 23:27:36,369,446556523553,0,0,0,0,0,12.8067,0,Full,5.11669,4.01003,6.61323,4.84736,4.2,0
2014-02-24 23:28:41,863,446556589047,0,0,0,0,0,12.8067,0,Full,5.18085,4.01003,6.88878,4.97089,4.2,0
2014-02-24 23:29:46,455,446556653639,0,0,0,0,0,13.4183,0,Full,5.22408,4.01,6.88878,5.0949,4.2,0
2014-02-24 23:30:51,985,446556719169,0,0,0,0,0,12.8067,0,Full,5.28824,4.00994,6.88878,5.22071,4.2,0
2014-02-24 23:31:57,250,446556784434,0,0,0,0,0,13.4183,0,Full,5.17347,4.00994,6.88878,5.34601,4.2,0
2014-02-24 23:33:02,370,446556849554,0,0,0,0,0,12.8067,0,Full,4.96576,4.00991,6.88878,5.47104,4.2,0
2014-02-24 23:34:07,891,446556915075,0,0,0,0,0,13.4183,0,Full,5.21654,4.00991,7.16433,5.5974,4.2,0
2014-02-24 23:35:13,148,446556980332,0,0,0,0,0,13.4183,0,Full,5.31255,4.00991,7.16433,5.72769,4.2,0
2014-02-24 23:36:17,930,446557045114,0,0,0,0,0,14.0301,0,Full,4.19973,3.97463,344.163,6.44184,4.2,0
2014-02-24 23:37:23,246,446557110430,0,0,0,0,0,14.0301,0,Full,4.20727,3.95372,443.086,13.9965,4.2,0
2014-02-24 23:38:28,262,446557175446,0,0,0,0,0,13.4183,0,Full,4.20111,3.9565,376.954,21.5846,4.2,0
2014-02-24 23:39:33,872,446557241056,0,0,0,0,0,13.4183,0,Full,4.20158,3.95134,386.598,29.17,4.2,0
2014-02-24 23:40:38,382,446557305566,0,0,0,0,0,14.0301,0,Full,4.19804,3.94922,414.153,36.7565,4.2,0
2014-02-24 23:41:43,919,446557371103,0,0,0,0,0,14.0301,0,Full,4.20127,3.94919,375.025,44.4058,4.2,0
2014-02-24 23:42:49,243,446557436427,0,0,0,0,0,14.6425,0,Full,4.20081,3.93872,483.041,52.0547,4.2,0
2014-02-24 23:43:54,251,446557501435,0,0,0,0,0,14.0301,0,Full,4.20311,3.94631,373.096,59.6445,4.2,0
2014-02-24 23:44:59,867,446557567051,0,0,0,0,0,14.0301,0,Full,4.19911,3.94134,405.887,67.2533,4.2,0
2014-02-24 23:46:04,450,446557631634,0,0,0,0,0,14.0301,0,Full,4.20142,3.94366,390.732,74.7955,4.2,0
2014-02-24 23:47:09,990,446557697174,0,0,0,0,0,14.0301,0,Full,4.19711,3.94016,411.122,82.4574,4.2,0
2014-02-24 23:48:15,833,446557763017,0,0,0,0,0,14.6425,0,Full,4.20573,3.93531,421.042,90.0768,4.2,0
2014-02-24 23:49:20,289,446557827473,0,0,0,0,0,14.6425,0,Full,4.19619,3.93863,400.927,97.613,4.2,0
2014-02-24 23:50:25,888,446557893072,0,0,0,0,0,14.6425,0,Full,4.19588,3.93447,384.394,105.229,4.2,0
2014-02-24 23:51:30,387,446557957571,0,0,0,0,0,14.6425,0,Full,4.20234,3.93947,352.981,112.781,4.2,0
2014-02-24 23:52:35,976,446558023160,0,0,0,0,0,14.6425,0,Full,4.19927,3.93491,398.447,120.434,4.2,0
2014-02-24 23:53:40,486,446558087670,0,0,0,0,0,14.6425,0,Full,4.20358,3.93459,370.341,127.964,4.2,0
2014-02-24 23:54:46,18,446558153202,0,0,0,0,0,14.6425,0,Full,4.20465,3.93234,384.669,135.615,4.2,0
2014-02-24 23:55:51,844,446558219028,0,0,0,0,0,14.0301,0,Full,4.20311,3.92859,398.447,143.219,4.2,0
2014-02-24 23:56:56,386,446558283570,0,0,0,0,0,14.6425,0,Full,4.19911,3.92706,430.135,150.779,4.2,0
2014-02-24 23:58:01,993,446558349177,0,0,0,0,0,14.0301,0,Full,4.20373,3.92822,375.025,158.422,4.2,0
2014-02-24 23:59:07,807,446558414991,0,0,0,0,0,14.0301,0,Full,4.20942,3.92472,360.972,166.028,4.2,0
