'Date (YYYY-MM-DD HH:MM:SS),'Date Millisecond Offset,'Date (J2000 mseconds),'EulerAngleErrors Data[0],'EulerAngleErrors Data[1],'EulerAngleErrors Data[2],'EulerAngleErrors Length,'Mode In,'Mode In,'Mode Out,'Mode Out,'StateVector (wx),'StateVector (wx),'StateVector (wy),'StateVector (wy),'StateVector (wz),'StateVector (wz),'StateVector (q1),'StateVector (q2),'StateVector (q3),'StateVector (qs),'StateVector Length,'Chosen FSS,'Current FFS Data[0],'Current FFS Data[1],'Current FFS Data[2],'Current FFS Data[3],'Current FFS Data[4],'Current FFS Data[5],'Current FFS Data[6],'Cycle Counter,'Gamma,'Useable FSS Data[0],'Useable FSS Data[1],'Useable FSS Data[2],'Useable FSS Data[3],'Useable FSS Data[4],'Useable FSS Data[5],'Useable_FSS Length,'Active Sensors Data[0],'Active Sensors Data[1],'Active Sensors Data[2],'Active Sensors Data[3],'Active Sensors Length,'Hold Transition,'StatePkp1p Data[0],'StatePkp1p Data[1],'StatePkp1p Data[2],'StatePkp1p Data[3],'StatePkp1p Data[4],'StatePkp1p Data[5],'StatePkp1p Data[6],'StatePkp1p Length,'QS Data[0],'QS Data[1],'QS Data[2],'QS Data[3],'Estimate Code,'Estimate UseSTR,'Estimate STR Status
2014-02-02 20:38:59,751,444645606935,0,0,0,3,1,Passive,1,Passive,-0.000508437,-0.0291313,-0.0026991,-0.154647,0.00141597,0.0811292,-0.435536,0.118001,-0.890773,0.0539262,7,0,4,3,1,0,0,0,0,20159,53.6494,1,1,0,0,0,0,6,1,0,0,0,4,1,0.0285875,0.0353214,0.027538,1.9053,0.947419,0.92363,2.13804,7,0,0,0,0,0,0,0
2014-02-02 20:40:05,751,444645672935,0,0,0,3,1,Passive,1,Passive,0.000318772,0.0182643,-0.00255743,-0.14653,0.00314686,0.180302,-0.594089,0.094088,-0.760244,0.245427,7,2,2,5,4,0,0,0,0,20192,57.7072,1,0,0,0,0,0,6,1,1,0,0,4,1,0.0142889,0.0175424,0.013289,0.0566492,0.0556733,0.0544346,0.0586619,7,0,0,0,0,0,0,0
2014-02-02 20:41:10,890,444645738074,0,0,0,3,1,Passive,1,Passive,2.97036e-005,0.00170189,-0.0018575,-0.106427,0.0035809,0.205171,-0.630361,0.146857,-0.688864,0.326412,7,2,2,5,1,0,0,0,0,20223,61.908,1,0,0,0,0,0,6,1,1,0,0,4,1,0.0130268,0.0147966,0.0128869,0.0480179,0.0499048,0.0479667,0.0497113,7,0,0,0,0,0,0,0
2014-02-02 20:42:15,894,444645803078,0,0,0,3,1,Passive,1,Passive,0.000752833,0.0431342,-0.00144169,-0.082603,0.00409767,0.234779,-0.632816,0.19835,-0.613759,0.428371,7,2,2,1,5,0,0,0,0,20255,66.1092,1,0,0,0,0,0,6,1,1,0,0,4,1,0.0128419,0.0146903,0.0127697,0.0463261,0.0481142,0.0504244,0.0474882,7,0,0,0,0,0,0,0
2014-02-02 20:43:20,925,444645868109,0,0,0,3,1,Passive,1,Passive,0.00119296,0.0683518,-0.0051243,-0.293601,0.00789043,0.452088,-0.616703,0.248971,-0.474694,0.576503,7,1,1,2,5,0,0,0,0,20288,70.5618,1,1,0,0,0,0,6,1,1,0,0,4,1,0.0128942,0.0145655,0.0127421,0.0450563,0.0462267,0.0546173,0.0430262,7,0,0,0,0,0,0,0
2014-02-02 20:44:25,941,444645933125,0,0,0,3,1,Passive,1,Passive,0.001845,0.105711,-0.000557223,-0.0319265,0.0039808,0.228083,-0.549757,0.291227,-0.405699,0.669599,7,1,1,2,4,0,0,0,0,20320,74.9944,1,0,0,0,0,0,6,1,1,0,0,4,1,0.0130243,0.0142557,0.0128005,0.0451902,0.0448491,0.0556833,0.0403,7,0,0,0,0,0,0,0
2014-02-02 20:45:30,945,444645998129,0,0,0,3,1,Passive,1,Passive,0.00189431,0.108536,-0.000883072,-0.0505963,0.00373975,0.214272,-0.472699,0.314827,-0.320473,0.758114,7,1,1,4,3,0,0,0,0,20353,79.6872,1,0,0,0,0,0,6,1,1,0,0,4,1,0.0131546,0.0139465,0.0129299,0.0452247,0.044292,0.0567077,0.0370082,7,0,0,0,0,0,0,0
2014-02-02 20:46:35,955,444646063139,0,0,0,3,1,Passive,1,Passive,0.00166859,0.0956029,-0.00136745,-0.0783493,0.00307138,0.175977,-0.404159,0.313209,-0.23698,0.826073,7,1,1,4,6,0,0,0,0,20385,84.3572,1,0,0,0,0,0,6,1,1,0,0,4,1,0.0132027,0.0137357,0.0130531,0.0450735,0.0449582,0.0573744,0.0338706,7,0,0,0,0,0,0,0
2014-02-02 20:47:40,984,444646128168,0,0,0,3,1,Passive,1,Passive,0.00126023,0.072206,-0.00184802,-0.105883,0.00218924,0.125434,-0.350952,0.287903,-0.160309,0.876496,7,1,1,6,4,0,0,0,0,20418,89.303,1,0,0,0,0,0,6,1,1,0,0,4,1,0.0131606,0.0136667,0.0131355,0.0448089,0.0467967,0.0573755,0.0310714,7,0,0,0,0,0,0,0
2014-02-02 20:48:46,2,444646193186,0,0,0,3,1,Passive,1,Passive,0.000540114,0.0309463,-0.00217651,-0.124705,0.00148903,0.0853149,-0.324193,0.243846,-0.0972446,0.908835,7,1,1,6,3,0,0,0,0,20450,94.214,1,0,0,0,0,0,6,1,1,0,0,4,1,0.0130929,0.0137505,0.0131409,0.0445685,0.0495545,0.0564186,0.0288861,7,0,0,0,0,0,0,0
2014-02-02 20:49:51,21,444646258205,0,0,0,3,1,Passive,1,Passive,-0.000316971,-0.0181611,-0.0024267,-0.13904,0.00085924,0.0492308,-0.320509,0.179763,-0.0455009,0.928918,7,1,1,3,6,0,0,0,0,20483,99.3927,1,0,0,0,0,0,6,1,1,0,0,4,1,0.0130291,0.0139379,0.013049,0.0446335,0.0533683,0.0545519,0.0271693,7,0,0,0,0,0,0,0
2014-02-02 20:50:56,28,444646323212,0,0,0,3,1,Passive,1,Passive,-0.000464451,-0.0266111,-0.00272545,-0.156157,0.000346512,0.0198537,-0.330314,0.104313,-0.0034038,0.938083,7,1,3,6,1,0,0,0,0,20515,104.494,0,1,0,0,0,0,6,1,1,0,0,4,1,0.0130084,0.014168,0.012915,0.0450925,0.0577037,0.0519739,0.0259158,7,0,0,0,0,0,0,0
2014-02-02 20:52:01,81,444646388265,0,0,0,3,1,Passive,1,Passive,0.000268194,0.0153664,-0.00700133,-0.401146,0.000813763,0.0466252,-0.328892,-0.0547411,0.0802372,0.939359,7,3,3,6,1,0,0,0,0,20548,109.818,1,0,0,0,0,0,6,1,1,0,0,4,1,0.0128867,0.0144207,0.0128838,0.045893,0.0628169,0.0486653,0.023975,7,0,0,0,0,0,0,0
2014-02-02 20:53:06,109,444646453293,0,0,0,3,1,Passive,1,Passive,0.000287517,0.0164735,-0.00284975,-0.163278,-9.49229e-005,-0.00543868,-0.321399,-0.131101,0.0981153,0.932678,7,3,3,6,1,0,0,0,0,20580,114.984,1,0,0,0,0,0,6,1,1,0,0,4,1,0.0128287,0.0145702,0.0129606,0.0470386,0.0666232,0.0465281,0.0240698,7,0,0,0,0,0,0,0
2014-02-02 20:54:11,151,444646518335,0,0,0,3,1,Passive,1,Passive,0.00112434,0.0644198,-0.00268153,-0.15364,-0.000100907,-0.00578154,-0.283661,-0.215939,0.123353,0.926116,7,3,3,6,1,0,0,0,0,20613,120.278,1,0,0,0,0,0,6,1,1,0,0,4,1,0.0127163,0.0147448,0.0130547,0.0481019,0.0701734,0.0450429,0.0250465,7,0,0,0,0,0,0,0
2014-02-02 20:55:16,162,444646583346,0,0,0,3,1,Passive,1,Passive,0.00220625,0.126409,-0.00255406,-0.146337,-0.000517974,-0.0296777,-0.216443,-0.289533,0.146459,0.9208,7,3,3,6,4,0,0,0,0,20645,125.305,1,0,0,0,0,0,6,1,1,0,0,4,1,0.0126369,0.0150209,0.013103,0.0487693,0.0735388,0.0443867,0.027705,7,0,0,0,0,0,0,0
2014-02-02 20:56:21,177,444646648361,0,0,0,3,1,Passive,1,Passive,0.00295017,0.169032,-0.00241339,-0.138277,-0.000801906,-0.0459458,-0.116387,-0.354593,0.1686,0.9123,7,3,6,3,4,0,0,0,0,20678,130.303,1,1,0,0,0,0,6,1,1,0,0,4,1,0.0125767,0.0154443,0.0129855,0.0488036,0.0771274,0.0440057,0.0329038,7,0,0,0,0,0,0,0
2014-02-02 20:57:26,219,444646713403,0,0,0,3,1,Passive,1,Passive,0.00314942,0.180449,-0.00325393,-0.186436,-0.000929271,-0.0532433,0.0245256,-0.430369,0.196328,0.880702,7,6,6,3,4,0,0,0,0,20710,134.879,1,0,0,0,0,0,6,1,1,0,0,4,1,0.0125533,0.015938,0.0127553,0.0472742,0.079628,0.0434084,0.0428385,7,0,0,0,0,0,0,0
2014-02-02 20:58:31,241,444646778425,0,0,0,3,1,Passive,1,Passive,0.00354231,0.202959,-0.0021004,-0.120344,-0.00118531,-0.0679134,0.153429,-0.438273,0.197181,0.863421,7,6,6,3,4,0,0,0,0,20743,139.177,1,0,0,0,0,0,6,1,1,0,0,4,1,0.012554,0.0162939,0.0127168,0.0457701,0.0848671,0.0427994,0.0492624,7,0,0,0,0,0,0,0
2014-02-02 20:59:36,267,444646843451,0,0,0,3,1,Passive,1,Passive,0.00354759,0.203262,-0.00242153,-0.138743,-0.00174896,-0.100208,0.288467,-0.470092,0.189162,0.812415,7,6,6,4,3,0,0,0,0,20775,142.748,1,0,0,0,0,0,6,1,1,0,0,4,1,0.0126167,0.0164151,0.0129897,0.0430954,0.0879469,0.0424166,0.058938,7,0,0,0,0,0,0,0
2014-02-02 21:00:41,684,444646908868,0,0,0,3,1,Passive,1,Passive,0.0031868,0.18259,-0.00279601,-0.1602,-0.00170613,-0.0977539,0.416873,-0.498876,0.16636,0.741393,7,6,6,4,1,0,0,0,0,20808,145.543,1,0,0,0,0,0,6,1,1,0,0,4,1,0.0127291,0.0161876,0.0135063,0.0401056,0.0898366,0.0427375,0.06879,7,0,0,0,0,0,0,0
2014-02-02 21:01:46,755,444646973939,0,0,0,3,1,Passive,1,Passive,0.00235135,0.134723,-0.00312185,-0.178869,-0.00151645,-0.086886,0.519769,-0.529591,0.127133,0.658188,7,6,6,1,5,0,0,0,0,20841,147.066,1,0,0,0,0,0,6,1,1,0,0,4,1,0.0129968,0.0157628,0.0140246,0.0375145,0.0888783,0.043433,0.076909,7,0,0,0,0,0,0,0
2014-02-02 21:02:51,767,444647038951,0,0,0,3,1,Passive,1,Passive,0.00167455,0.0959447,-0.00329315,-0.188684,-0.00132369,-0.075842,0.591455,-0.562791,0.076341,0.572381,7,6,6,1,5,0,0,0,0,20873,146.963,1,0,0,0,0,0,6,1,1,0,0,4,1,0.0133044,0.0152946,0.0142405,0.0362506,0.0849768,0.044004,0.0818278,7,0,0,0,0,0,0,0
2014-02-02 21:03:56,781,444647103965,0,0,0,3,1,Passive,1,Passive,0.000848799,0.0486326,-0.00354704,-0.20323,-0.000689962,-0.0395319,0.631211,-0.606797,0.0125987,0.48292,7,6,6,1,5,0,0,0,0,20906,144.961,1,0,0,0,0,0,6,1,1,0,0,4,1,0.0135754,0.0149208,0.0141242,0.0365192,0.0772615,0.0436649,0.0831161,7,0,0,0,0,0,0,0
2014-02-02 21:05:01,794,444647168978,0,0,0,3,1,Passive,1,Passive,6.79641e-005,0.00389406,-0.00359595,-0.206033,-0.000316063,-0.0181091,0.640681,-0.648302,-0.0599952,0.406982,7,6,6,1,4,0,0,0,0,20938,141.141,1,0,0,0,0,0,6,1,1,0,0,4,1,0.0136815,0.0147124,0.0138078,0.0380353,0.0685384,0.042901,0.080591,7,0,0,0,0,0,0,0
2014-02-02 21:06:06,930,444647234114,0,0,0,3,1,Passive,1,Passive,-0.000731131,-0.0418907,-0.00333391,-0.191019,0.000289922,0.0166113,0.621264,-0.69059,-0.143843,0.341212,7,6,1,6,4,0,0,0,0,20971,135.419,0,1,0,0,0,0,6,1,1,0,0,4,1,0.0135747,0.0146095,0.0134476,0.0403134,0.0591407,0.0418256,0.0755773,7,0,0,0,0,0,0,0
2014-02-02 21:07:11,938,444647299122,0,0,0,3,1,Passive,1,Passive,-0.00122998,-0.0704729,-0.00324139,-0.185718,0.000603319,0.0345677,0.57867,-0.726055,-0.230886,0.290993,7,6,6,1,4,0,0,0,0,21003,128.401,1,0,0,0,0,0,6,1,1,0,0,4,1,0.013308,0.0145683,0.0132058,0.0431776,0.0513509,0.0412006,0.0698959,7,0,0,0,0,0,0,0
2014-02-02 21:08:16,944,444647364128,0,0,0,3,1,Passive,1,Passive,-0.00186919,-0.107096,-0.00328849,-0.188417,0.000942069,0.0539766,0.512713,-0.754284,-0.32811,0.24602,7,6,3,6,1,0,0,0,0,21036,119.941,0,1,0,0,0,0,6,1,1,0,0,4,1,0.0130004,0.0144912,0.0131016,0.0464478,0.0444325,0.0405102,0.0640349,7,0,0,0,0,0,0,0
2014-02-02 21:09:21,953,444647429137,0,0,0,3,1,Passive,1,Passive,-0.00400254,-0.229329,-0.00312432,-0.17901,0.000552517,0.0316569,0.434172,-0.76039,-0.431336,0.217371,7,3,3,4,1,0,0,0,0,21068,110.851,1,0,0,0,0,0,6,1,1,0,0,4,1,0.0127573,0.0143734,0.0131159,0.0497798,0.0397874,0.0397344,0.0591256,7,0,0,0,0,0,0,0
2014-02-02 21:10:26,983,444647494167,0,0,0,3,1,Passive,1,Passive,-0.0026517,-0.151931,-0.00351289,-0.201274,0.00130108,0.0745462,0.331888,-0.752682,-0.537443,0.185672,7,3,3,4,1,0,0,0,0,21101,100.879,1,0,0,0,0,0,6,1,1,0,0,4,1,0.0126277,0.0142197,0.0131926,0.053188,0.0368731,0.0380399,0.0547324,7,0,0,0,0,0,0,0
2014-02-02 21:11:32,1,444647559185,0,0,0,3,1,Passive,1,Passive,-0.00287143,-0.164521,-0.00345889,-0.19818,0.00139695,0.0800395,0.221719,-0.730304,-0.628827,0.148571,7,3,3,4,1,0,0,0,0,21133,90.9604,1,0,0,0,0,0,6,1,1,0,0,4,1,0.0126093,0.0140477,0.0132782,0.0569012,0.0359945,0.0362029,0.0511115,7,0,0,0,0,0,0,0
2014-02-02 21:12:37,11,444647624195,0,0,0,3,1,Passive,1,Passive,-0.00310485,-0.177895,-0.00343432,-0.196772,0.00106135,0.0608108,0.106409,-0.683347,-0.714162,0.108101,7,3,3,4,1,0,0,0,0,21166,80.7953,1,0,0,0,0,0,6,1,1,0,0,4,1,0.0127183,0.0139626,0.0133232,0.0605891,0.0371602,0.0344852,0.0482333,7,0,0,0,0,0,0,0
2014-02-02 21:13:42,65,444647689249,0,0,0,3,1,Passive,1,Passive,-0.00332501,-0.190509,-0.00333575,-0.191124,0.000810885,0.0464603,-0.00172989,-0.616605,-0.784612,0.064648,7,3,3,4,1,0,0,0,0,21198,71.2602,1,1,0,0,0,0,6,1,1,0,0,4,1,0.012908,0.0140137,0.0132519,0.0639169,0.039767,0.0337697,0.0461723,7,0,0,0,0,0,0,0
2014-02-02 21:14:47,81,444647754265,0,0,0,3,1,Passive,1,Passive,-0.00349781,-0.20041,-0.00302942,-0.173573,0.0010627,0.0608883,-0.171012,-0.538977,-0.824772,0.00318586,7,4,3,4,1,0,0,0,0,21231,61.9651,0,1,0,0,0,0,6,1,1,0,0,4,1,0.0132626,0.0142453,0.0129505,0.066414,0.0428249,0.0374124,0.0443896,7,0,0,0,0,0,0,0
2014-02-02 21:15:52,156,444647819340,0,0,0,3,1,Passive,1,Passive,-0.00317782,-0.182076,-0.00320101,-0.183405,0.0012075,0.0691848,-0.275222,-0.441677,-0.853069,-0.0380348,7,4,2,4,3,0,0,0,0,21263,53.636,1,0,0,0,0,0,6,1,1,0,0,4,1,0.0135576,0.0145862,0.0126936,0.0689489,0.0472416,0.0415776,0.043227,7,0,0,0,0,0,0,0
2014-02-02 21:16:57,161,444647884345,0,0,0,3,1,Passive,1,Passive,-0.00303707,-0.174011,-0.0030185,-0.172947,0.0013094,0.0750231,-0.374453,-0.335747,-0.861159,-0.073917,7,4,2,4,1,0,0,0,0,21296,45.9009,0,1,0,0,0,0,6,1,1,0,0,4,1,0.0138253,0.0149544,0.0125311,0.0718646,0.0531728,0.0478847,0.0427479,7,0,0,0,0,0,0,0
2014-02-02 21:18:02,173,444647949357,0,0,0,3,1,Passive,1,Passive,-0.00251447,-0.144068,-0.0024468,-0.140191,0.00180336,0.103325,-0.457176,-0.237856,-0.852152,-0.090842,7,4,2,5,4,0,0,0,0,21328,39.3552,0,0,1,0,0,0,6,1,1,0,0,4,1,0.0139638,0.0153254,0.0126277,0.0750122,0.0595242,0.0546195,0.0425014,7,0,0,0,0,0,0,0
2014-02-02 21:19:07,196,444648014380,0,0,0,3,1,Passive,1,Passive,-0.00156995,-0.0899514,-0.00195608,-0.112075,0.0020398,0.116872,-0.523304,-0.14997,-0.834571,-0.0845802,7,4,2,5,4,0,0,0,0,21361,33.7844,0,0,1,0,0,0,6,1,1,0,0,4,1,0.013938,0.0157221,0.0129245,0.0798677,0.0665801,0.0614634,0.0428483,7,0,0,0,0,0,0,0
2014-02-02 21:20:12,227,444648079411,0,0,0,3,1,Passive,1,Passive,5.51367e-005,0.0031591,-0.0103692,-0.594111,0.000820526,0.0470127,-0.645958,-0.10392,-0.753304,-0.0668715,7,5,5,2,4,0,0,0,0,21393,29.7607,1,1,1,0,0,0,6,1,1,0,0,4,1,0.0136844,0.0161592,0.0133072,0.0821602,0.071664,0.0706756,0.0436836,7,0,0,0,0,0,0,0
2014-02-02 21:21:17,257,444648144441,0,0,0,3,1,Passive,1,Passive,0.00123217,0.0705981,0.00523647,0.300028,0.00392696,0.224998,-0.65062,-0.0649307,-0.75632,0.0214055,7,2,2,5,4,0,0,0,0,21426,27.3112,1,1,0,0,0,0,6,1,1,0,0,4,1,0.013279,0.0168546,0.0133168,0.0838182,0.0717052,0.0822445,0.0430662,7,0,0,0,0,0,0,0
2014-02-02 21:22:22,772,444648209956,0,0,0,3,1,Passive,1,Passive,0.0019003,0.108879,-0.000923109,-0.0528902,0.00232427,0.133171,-0.664154,-0.0390784,-0.738577,0.108982,7,2,2,5,4,0,0,0,0,21459,26.7463,1,0,0,0,0,0,6,1,1,0,0,4,1,0.0130241,0.017449,0.012996,0.0899203,0.0699055,0.082891,0.0421321,7,0,0,0,0,0,0,0
2014-02-02 21:23:27,797,444648274981,0,0,0,3,1,Passive,1,Passive,0.00275602,0.157908,-0.000743967,-0.0426262,0.00210405,0.120553,-0.67125,-0.0498917,-0.709084,0.210081,7,2,2,4,1,0,0,0,0,21491,27.9068,1,0,0,0,0,0,6,1,1,0,0,4,1,0.0127968,0.0176812,0.0126676,0.0865767,0.0638598,0.0858493,0.0417657,7,0,0,0,0,0,0,0
2014-02-02 21:24:32,812,444648339996,0,0,0,3,1,Passive,1,Passive,0.00327729,0.187775,-0.00141827,-0.081261,0.00197379,0.11309,-0.677399,-0.0836008,-0.655515,0.323174,7,2,2,4,1,0,0,0,0,21524,30.5284,1,0,0,0,0,0,6,1,1,0,0,4,1,0.0126946,0.0174302,0.0126729,0.0769889,0.0561112,0.087836,0.0420369,7,0,0,0,0,0,0,0
2014-02-02 21:25:37,894,444648405078,0,0,0,3,1,Passive,1,Passive,0.00329142,0.188585,-0.00206082,-0.118076,0.00227754,0.130493,-0.681522,-0.125845,-0.577104,0.432021,7,2,2,4,1,0,0,0,0,21556,34.0769,1,0,0,0,0,0,6,1,1,0,0,4,1,0.0126747,0.0167409,0.0130103,0.0647837,0.0498302,0.0889367,0.0419723,7,0,0,0,0,0,0,0
2014-02-02 21:26:42,912,444648470096,0,0,0,3,1,Passive,1,Passive,0.00275098,0.15762,-0.00240505,-0.137799,0.00245547,0.140688,-0.686333,-0.162326,-0.471159,0.529723,7,2,2,1,4,0,0,0,0,21589,38.4475,1,0,0,0,0,0,6,1,1,0,0,4,1,0.0127192,0.0159086,0.013399,0.0525957,0.0460096,0.0887314,0.0404682,7,0,0,0,0,0,0,0
2014-02-02 21:27:47,917,444648535101,0,0,0,3,1,Passive,1,Passive,0.00293691,0.168273,-0.00305924,-0.175281,0.0042267,0.242172,-0.692314,-0.181362,-0.3424,0.608746,7,0,3,1,4,0,0,0,0,21621,43.1671,0,0,0,0,0,0,6,1,1,0,0,4,1,0.0131918,0.0157024,0.0139777,0.0437172,0.0476581,0.094714,0.0411266,7,0,0,0,0,0,0,0
2014-02-02 21:28:52,941,444648600125,0,0,0,3,1,Passive,1,Passive,-0.000992111,-0.0568438,0.00714359,0.409297,-0.00403893,-0.231413,-0.69968,-0.196632,-0.171353,0.665148,7,3,3,4,1,0,0,0,0,21654,48.3795,1,0,0,0,0,0,6,1,1,0,0,4,1,0.0128304,0.0148752,0.0137535,0.0367781,0.0438488,0.0849113,0.03545,7,0,0,0,0,0,0,0
2014-02-02 21:29:57,944,444648665128,0,0,0,3,1,Passive,1,Passive,0.000778326,0.0445948,-0.00230859,-0.132272,0.00263966,0.151242,-0.701551,-0.195768,-0.041764,0.683927,7,3,3,4,1,0,0,0,0,21686,53.6794,1,0,0,0,0,0,6,1,1,0,0,4,1,0.012756,0.0146667,0.0134857,0.0348029,0.0447872,0.079007,0.0345767,7,0,0,0,0,0,0,0
2014-02-02 21:31:02,969,444648730153,0,0,0,3,1,Passive,1,Passive,0.000644389,0.0369208,-0.00227668,-0.130444,0.00252664,0.144766,-0.701235,-0.187465,0.0691536,0.684356,7,3,3,4,1,0,0,0,0,21719,59.3238,1,0,0,0,0,0,6,1,1,0,0,4,1,0.0126741,0.0146195,0.013308,0.0343489,0.0465964,0.0727377,0.0354854,7,0,0,0,0,0,0,0
2014-02-02 21:32:07,995,444648795179,0,0,0,3,1,Passive,1,Passive,0.000866137,0.049626,-0.0022917,-0.131305,0.00206484,0.118306,-0.688911,-0.183035,0.174141,0.679393,7,3,3,4,1,0,0,0,0,21751,64.9123,1,0,0,0,0,0,6,1,1,0,0,4,1,0.0125978,0.0145425,0.0132244,0.0347523,0.0486016,0.0667673,0.037043,7,0,0,0,0,0,0,0
2014-02-02 21:33:13,81,444648860265,0,0,0,3,1,Passive,1,Passive,0.0013891,0.0795893,-0.00239791,-0.13739,0.00130509,0.0747762,-0.65569,-0.191589,0.267297,0.679644,7,3,3,4,1,0,0,0,0,21784,70.7416,1,0,0,0,0,0,6,1,1,0,0,4,1,0.0125641,0.0144115,0.0132069,0.0356087,0.0502059,0.0609989,0.0381601,7,0,0,0,0,0,0,0
2014-02-02 21:34:18,135,444648925319,0,0,0,3,1,Passive,1,Passive,0.00178024,0.102,-0.00259664,-0.148777,0.000335023,0.0191954,-0.600754,-0.21668,0.342482,0.689094,7,3,3,1,4,0,0,0,0,21816,76.408,1,0,0,0,0,0,6,1,1,0,0,4,1,0.0125724,0.0142661,0.0132354,0.0370064,0.0514361,0.0564559,0.0387946,7,0,0,0,0,0,0,0
2014-02-02 21:35:23,160,444648990344,0,0,0,3,1,Passive,1,Passive,0.00219329,0.125666,-0.00290229,-0.166289,-0.000872012,-0.0499626,-0.516478,-0.262679,0.39886,0.710747,7,3,3,1,4,0,0,0,0,21849,82.2137,1,0,0,0,0,0,6,1,1,0,0,4,1,0.0125907,0.0141517,0.0132387,0.0388815,0.0522033,0.05294,0.0389026,7,0,0,0,0,0,0,0
2014-02-02 21:36:28,185,444649055369,0,0,0,3,1,Passive,1,Passive,0.00233858,0.133991,-0.00278661,-0.159661,-0.00193662,-0.11096,-0.412395,-0.319733,0.424634,0.739856,7,3,3,1,4,0,0,0,0,21881,87.7452,1,0,0,0,0,0,6,1,1,0,0,4,1,0.0126286,0.0141123,0.0132214,0.040745,0.0524286,0.0506152,0.03862,7,0,0,0,0,0,0,0
2014-02-02 21:37:33,201,444649120385,0,0,0,3,1,Passive,1,Passive,0.00220353,0.126253,-0.00289444,-0.165839,-0.00283594,-0.162487,-0.287651,-0.388451,0.421399,0.767324,7,3,6,3,4,0,0,0,0,21914,93.2989,0,1,0,0,0,0,6,1,1,0,0,4,1,0.0126657,0.014129,0.0131564,0.0425679,0.0522591,0.0492388,0.0386683,7,0,0,0,0,0,0,0
2014-02-02 21:38:38,263,444649185447,0,0,0,3,1,Passive,1,Passive,0.00156787,0.0898325,-0.00297729,-0.170586,-0.0029433,-0.168638,-0.134033,-0.45222,0.390869,0.790414,7,6,6,4,1,0,0,0,0,21946,98.4781,1,1,0,0,0,0,6,1,1,0,0,4,1,0.0127824,0.0143503,0.0132,0.0441832,0.0512342,0.0492038,0.0395887,7,0,0,0,0,0,0,0
2014-02-02 21:39:43,755,444649250939,0,0,0,3,1,Passive,1,Passive,0.00147564,0.0845478,-0.00320654,-0.183721,-0.00310399,-0.177845,-0.00841978,-0.526499,0.34258,0.778053,7,6,6,1,4,0,0,0,0,21979,103.542,1,0,0,0,0,0,6,1,1,0,0,4,1,0.0128669,0.0142035,0.0129967,0.0452013,0.0500208,0.0486573,0.0422134,7,0,0,0,0,0,0,0
2014-02-02 21:40:48,771,444649315955,0,0,0,3,1,Passive,1,Passive,0.000870068,0.0498512,-0.00319897,-0.183288,-0.00276385,-0.158357,0.101622,-0.595668,0.285875,0.743726,7,6,6,4,1,0,0,0,0,22012,108.28,1,0,0,0,0,0,6,1,1,0,0,4,1,0.0130415,0.0142546,0.0128725,0.0458373,0.0484201,0.0482537,0.0462921,7,0,0,0,0,0,0,0
2014-02-02 21:41:53,777,444649380961,0,0,0,3,1,Passive,1,Passive,0.000626765,0.035911,-0.00329515,-0.188798,-0.00210424,-0.120564,0.190647,-0.654821,0.234157,0.692845,7,6,6,1,4,0,0,0,0,22044,112.527,1,0,0,0,0,0,6,1,1,0,0,4,1,0.0132169,0.0142981,0.0127573,0.0459181,0.0464067,0.0477058,0.0513004,7,0,0,0,0,0,0,0
2014-02-02 21:42:58,816,444649446000,0,0,0,3,1,Passive,1,Passive,0.00054505,0.0312291,-0.00320263,-0.183497,-0.000984607,-0.0564138,0.256082,-0.711482,0.194593,0.624779,7,6,6,1,4,0,0,0,0,22077,116.517,1,0,0,0,0,0,6,1,1,0,0,4,1,0.0133468,0.0143782,0.0126563,0.0456705,0.0441893,0.0470791,0.0572292,7,0,0,0,0,0,0,0
2014-02-02 21:44:03,891,444649511075,0,0,0,3,1,Passive,1,Passive,0.000510347,0.0292407,-0.00309885,-0.177551,-5.07496e-005,-0.00290774,0.293227,-0.76225,0.172169,0.550773,7,6,6,1,4,0,0,0,0,22109,120.01,1,0,0,0,0,0,6,1,1,0,0,4,1,0.013387,0.0145354,0.0126062,0.044757,0.0417723,0.0460273,0.06288,7,0,0,0,0,0,0,0
2014-02-02 21:45:08,920,444649576104,0,0,0,3,1,Passive,1,Passive,0.000688436,0.0394445,-0.00280167,-0.160524,0.000784689,0.0449594,0.308317,-0.81273,0.167016,0.465313,7,6,6,1,4,0,0,0,0,22142,123.252,1,0,0,0,0,0,6,1,1,0,0,4,1,0.0133077,0.0147725,0.0125792,0.0437084,0.0390761,0.0450938,0.0690991,7,0,0,0,0,0,0,0
2014-02-02 21:46:13,924,444649641108,0,0,0,3,1,Passive,1,Passive,0.000797278,0.0456807,-0.00258328,-0.148011,0.0013992,0.0801685,0.301623,-0.855551,0.178203,0.381183,7,6,6,5,4,0,0,0,0,22174,126.11,1,0,0,0,0,0,6,1,1,0,0,4,1,0.0131464,0.0150416,0.0125984,0.0423027,0.0363166,0.0439558,0.0743212,7,0,0,0,0,0,0,0
2014-02-02 21:47:18,935,444649706119,0,0,0,3,1,Passive,1,Passive,0.00112089,0.0642225,-0.00240415,-0.137747,0.00294144,0.168532,0.271899,-0.895249,0.204648,0.28761,7,0,6,4,5,0,0,0,0,22207,128.851,1,0,0,0,0,0,6,1,0,0,0,4,1,0.0137789,0.0165884,0.0130216,0.0477944,0.0367666,0.0485784,0.108226,7,0,0,0,0,0,0,0
2014-02-02 21:48:23,958,444649771142,0,0,0,3,1,Passive,1,Passive,0.00125252,0.0717641,-0.00254209,-0.145651,0.00209145,0.119831,0.236285,-0.923379,0.236781,0.188348,7,0,4,3,1,0,0,0,0,22239,131.421,1,0,0,0,0,0,6,1,0,0,0,4,1,0.0166609,0.0329965,0.0151172,0.0873495,0.129312,0.103539,0.826623,7,0,0,0,0,0,0,0
2014-02-02 21:49:28,965,444649836149,0,0,0,3,1,Passive,1,Passive,0.00115098,0.0659461,-0.00258533,-0.148129,0.00206749,0.118459,0.198167,-0.939237,0.267491,0.0837414,7,0,4,3,1,0,0,0,0,22272,134.106,1,0,0,0,0,0,6,1,0,0,0,4,1,0.0157056,0.0430029,0.0205614,0.0639868,0.17159,0.0743892,1.96382,7,0,0,0,0,0,0,0
2014-02-02 21:50:33,973,444649901157,0,0,0,3,1,Passive,1,Passive,0.0010106,0.0579033,-0.00260642,-0.149337,0.00203546,0.116623,0.159353,-0.94407,0.288181,-0.0170168,7,0,4,1,6,0,0,0,0,22304,136.812,1,0,0,0,0,0,6,1,0,0,0,4,1,0.0144784,0.0455051,0.0282091,0.399013,0.0500779,0.115706,3.00166,7,0,0,0,0,0,0,0
2014-02-02 21:51:39,54,444649966238,0,0,0,3,1,Passive,1,Passive,0.000769407,0.0440838,-0.00275815,-0.158031,0.00194845,0.111638,0.120921,-0.938622,0.29737,-0.126245,7,0,4,3,1,0,0,0,0,22337,139.703,1,0,0,0,0,0,6,1,0,0,0,4,1,0.0141867,0.0401656,0.0325449,0.811087,0.22963,0.264804,3.17165,7,0,0,0,0,0,0,0
2014-02-02 21:52:44,73,444650031257,0,0,0,3,1,Passive,1,Passive,0.000261792,0.0149996,-0.0028889,-0.165522,0.00201142,0.115246,0.0855056,-0.923825,0.287444,-0.237935,7,0,4,1,3,0,0,0,0,22369,142.43,1,0,0,0,0,0,6,1,0,0,0,4,1,0.0155139,0.0363206,0.0351202,1.12172,0.54406,0.303382,2.90014,7,0,0,0,0,0,0,0
2014-02-02 21:53:49,82,444650096266,0,0,0,3,1,Passive,1,Passive,-0.000220502,-0.0126338,-0.00320643,-0.183715,0.00212735,0.121888,0.0470194,-0.894906,0.256365,-0.362229,7,0,4,1,5,0,0,0,0,22402,144.769,1,0,0,0,0,0,6,1,0,0,0,4,1,0.0187992,0.0334475,0.0348038,1.22967,0.791292,0.207823,2.29219,7,0,0,0,0,0,0,0
2014-02-02 21:54:54,115,444650161299,0,0,0,3,1,Passive,1,Passive,-0.00059797,-0.0342611,-0.00339969,-0.194788,0.0023493,0.134605,0.00878897,-0.853089,0.207667,-0.478577,7,0,1,4,3,0,0,0,0,22434,145.952,1,0,0,0,0,0,6,1,0,0,0,4,1,0.0249472,0.0323742,0.033237,1.44329,1.12394,0.0595213,2.07077,7,0,0,0,0,0,0,0
2014-02-02 21:55:59,143,444650226327,0,0,0,3,1,Passive,1,Passive,-0.000833506,-0.0477564,-0.00354324,-0.203012,0.00269064,0.154162,-0.0338591,-0.789305,0.141893,-0.596421,7,0,4,1,5,0,0,0,0,22467,145.273,1,0,0,0,0,0,6,1,0,0,0,4,1,0.0314248,0.0319242,0.026924,1.50575,1.38364,0.269974,1.70466,7,0,0,0,0,0,0,0
2014-02-02 21:57:04,148,444650291332,0,0,0,3,1,Passive,1,Passive,-0.000823904,-0.0472062,-0.00347127,-0.198889,0.00283065,0.162184,-0.0744111,-0.713932,0.0704806,-0.692674,7,0,1,4,5,0,0,0,0,22499,142.203,1,0,0,0,0,0,6,1,0,0,0,4,1,0.0375725,0.0322325,0.0188752,1.63432,1.70462,0.71422,1.5177,7,0,0,0,0,0,0,0
2014-02-02 21:58:09,164,444650356348,0,0,0,3,1,Passive,1,Passive,-0.000597676,-0.0342443,-0.00311921,-0.178718,0.00296661,0.169974,-0.11863,-0.624541,-0.0076255,-0.771892,7,0,4,1,5,0,0,0,0,22532,136.441,1,0,0,0,0,0,6,1,0,0,0,4,1,0.0369784,0.0320343,0.0139882,1.38683,1.62263,1.1192,1.09537,7,0,0,0,0,0,0,0
2014-02-02 21:59:14,184,444650421368,0,0,0,3,1,Passive,1,Passive,-0.000133477,-0.00764769,-0.00253538,-0.145266,0.00321214,0.184042,-0.172201,-0.543469,-0.0845998,-0.817209,7,0,4,3,1,0,0,0,0,22564,128.653,1,0,0,0,0,0,6,1,0,0,0,4,1,0.0365089,0.032266,0.0183528,1.25963,1.56953,1.5849,0.922275,7,0,0,0,0,0,0,0
2014-02-02 22:00:19,214,444650486398,0,0,0,3,1,Passive,1,Passive,0.000577004,0.0330599,-0.00206147,-0.118114,0.00358007,0.205123,-0.243277,-0.46057,-0.162624,-0.838001,7,0,4,3,1,0,0,0,0,22597,118.877,1,0,0,0,0,0,6,1,0,0,0,4,1,0.0332756,0.0319233,0.0255599,1.05348,1.34806,1.9626,0.802096,7,0,0,0,0,0,0,0
2014-02-02 22:01:24,216,444650551400,0,0,0,3,1,Passive,1,Passive,0.00153294,0.0878312,-0.00137294,-0.0786636,0.00387063,0.221771,-0.33241,-0.397428,-0.239517,-0.821088,7,0,4,3,1,0,0,0,0,22629,108.28,1,0,0,0,0,0,6,1,0,0,0,4,1,0.0296299,0.0320424,0.0309218,0.861788,1.02673,2.10803,0.750099,7,0,0,0,0,0,0,0
2014-02-02 22:02:29,224,444650616408,0,0,0,3,1,Passive,1,Passive,0.00273788,0.156869,-0.00072109,-0.0413154,0.00420263,0.240793,-0.446936,-0.344798,-0.316881,-0.7622,7,0,4,3,1,0,0,0,0,22662,96.7824,1,0,0,0,0,0,6,1,0,0,0,4,1,0.0276427,0.0334199,0.0343327,0.850962,0.826494,2.38499,0.842003,7,0,0,0,0,0,0,0
2014-02-02 22:03:34,227,444650681411,0,0,0,3,1,Passive,1,Passive,0.00387612,0.222085,-0.000463257,-0.0265427,0.00463611,0.265629,-0.575802,-0.30049,-0.380438,-0.65835,7,0,4,3,1,0,0,0,0,22694,85.628,1,0,0,0,0,0,6,1,0,0,0,4,1,0.0256204,0.0369705,0.0335065,0.929168,0.673572,2.51836,0.931727,7,0,0,0,0,0,0,0
2014-02-02 22:04:39,246,444650746430,0,0,0,3,1,Passive,1,Passive,0.00487491,0.279312,-2.75991e-005,-0.00158131,0.0046012,0.263629,-0.702913,-0.2654,-0.433451,-0.49759,7,0,4,3,1,0,0,0,0,22727,74.6125,1,0,0,0,0,0,6,1,0,0,0,4,1,0.0223966,0.0419806,0.027313,1.01502,0.564338,2.35487,0.889965,7,0,0,0,0,0,0,0
2014-02-02 22:05:44,261,444650811445,0,0,0,3,1,Passive,1,Passive,0.00559174,0.320383,7.13104e-005,0.00408579,0.00436345,0.250007,-0.805644,-0.235326,-0.452425,-0.301449,7,0,4,3,6,0,0,0,0,22759,64.7855,1,0,0,0,0,0,6,1,0,0,0,4,1,0.021719,0.0495788,0.0214575,1.40131,0.735035,2.76855,0.966072,7,0,0,0,0,0,0,0
2014-02-02 22:06:49,510,444650876694,0,0,0,3,1,Passive,1,Passive,0.00615923,0.352898,-0.000261496,-0.0149826,0.00360757,0.206698,-0.877808,-0.207838,-0.422522,-0.0879274,7,0,4,3,1,0,0,0,0,22792,55.8195,1,0,0,0,0,0,6,1,0,0,0,4,1,0.0205957,0.0524443,0.0156551,1.67107,0.986275,3.08905,0.829706,7,0,0,0,0,0,0,0
2014-02-02 22:07:54,526,444650941710,0,0,0,3,1,Passive,1,Passive,0.0058144,0.333141,-0.000908133,-0.0520322,0.00290607,0.166506,-0.907776,-0.189133,-0.354099,0.121593,7,0,4,1,6,0,0,0,0,22825,48.2661,1,0,0,0,0,0,6,1,0,0,0,4,1,0.0156364,0.0472784,0.0195063,1.0637,0.821033,2.13235,0.342581,7,0,0,0,0,0,0,0
2014-02-02 22:08:59,560,444651006744,0,0,0,3,1,Passive,1,Passive,0.00511845,0.293266,-0.00178797,-0.102443,0.00237689,0.136186,-0.904757,-0.174045,-0.253045,0.295111,7,0,4,1,6,0,0,0,0,22857,42.4519,1,0,0,0,0,0,6,1,0,0,0,4,1,0.0144837,0.0433166,0.0272446,0.823865,0.894126,2.09488,0.150671,7,0,0,0,0,0,0,0
2014-02-02 22:10:04,569,444651071753,0,0,0,3,1,Passive,1,Passive,0.00396263,0.227042,-0.00263479,-0.150963,0.00214167,0.122709,-0.881902,-0.159459,-0.124569,0.425798,7,0,4,1,5,0,0,0,0,22890,38.1753,1,0,0,0,0,0,6,1,0,0,0,4,1,0.0139912,0.0399487,0.0329447,0.523319,0.952419,2.22918,0.0593203,7,0,0,0,0,0,0,0
2014-02-02 22:11:09,578,444651136762,0,0,0,3,1,Passive,1,Passive,0.00262544,0.150426,-0.00337291,-0.193253,0.00210314,0.120501,-0.853187,-0.150002,0.016501,0.499299,7,0,4,3,1,0,0,0,0,22922,35.773,1,0,0,0,0,0,6,1,0,0,0,4,1,0.0146805,0.0391246,0.0346494,0.153482,0.95899,2.51084,0.052108,7,0,0,0,0,0,0,0
2014-02-02 22:12:14,610,444651201794,0,0,0,3,1,Passive,1,Passive,0.00110475,0.0632973,-0.00409798,-0.234797,0.00205978,0.118017,-0.823517,-0.152866,0.169495,0.519349,7,0,4,3,1,0,0,0,0,22955,35.0429,1,0,0,0,0,0,6,1,0,0,0,4,1,0.0166192,0.0438774,0.0329926,0.393902,0.923565,3.16252,0.133823,7,0,0,0,0,0,0,0
2014-02-02 22:13:19,618,444651266802,0,0,0,3,1,Passive,1,Passive,-0.000234255,-0.0134218,-0.00452523,-0.259277,0.00167823,0.0961556,-0.799546,-0.179976,0.298611,0.489046,7,0,4,3,1,0,0,0,0,22987,35.8254,1,0,0,0,0,0,6,1,0,0,0,4,1,0.0170663,0.042689,0.0256585,0.832798,0.467354,2.8157,0.234503,7,0,0,0,0,0,0,0
2014-02-02 22:14:24,647,444651331831,0,0,0,3,1,Passive,1,Passive,-0.00127565,-0.0730891,-0.00466355,-0.267202,0.00152968,0.0876443,-0.772824,-0.221616,0.425707,0.415214,7,0,4,3,1,0,0,0,0,23020,37.8521,1,0,0,0,0,0,6,1,0,0,0,4,1,0.0164184,0.0445118,0.0183969,1.07456,0.0481489,2.23697,0.320296,7,0,0,0,0,0,0,0
2014-02-02 22:15:29,664,444651396848,0,0,0,3,1,Passive,1,Passive,-0.00163764,-0.09383,-0.00457509,-0.262133,0.00114678,0.0657058,-0.734889,-0.270692,0.53065,0.324154,7,0,4,3,1,0,0,0,0,23052,40.6844,1,0,0,0,0,0,6,1,0,0,0,4,1,0.0145866,0.0488278,0.0137751,1.51996,0.410579,2.19233,0.508727,7,0,0,0,0,0,0,0
2014-02-02 22:16:34,685,444651461869,0,0,0,3,1,Passive,1,Passive,-0.00168742,-0.096682,-0.00434572,-0.248992,0.00049009,0.0280801,-0.677247,-0.323347,0.619742,0.229572,7,0,4,3,1,0,0,0,0,23085,44.2292,1,0,0,0,0,0,6,1,0,0,0,4,1,0.0153611,0.0498444,0.0144047,2.07379,0.850699,2.0817,0.802218,7,0,0,0,0,0,0,0
2014-02-02 22:17:39,696,444651526880,0,0,0,3,1,Passive,1,Passive,-0.00126192,-0.0723026,-0.00452239,-0.259114,-0.000196719,-0.0112712,-0.580704,-0.38119,0.704471,0.145594,7,0,4,3,1,0,0,0,0,23117,48.0857,1,0,0,0,0,0,6,1,0,0,0,4,1,0.0189377,0.047353,0.0152065,2.3296,1.05684,1.58816,1.04097,7,0,0,0,0,0,0,0
2014-02-02 22:18:44,717,444651591901,0,0,0,3,1,Passive,1,Passive,-0.0008603,-0.0492915,-0.0047842,-0.274114,-0.000933932,-0.0535103,-0.450316,-0.43998,0.773106,0.0770766,7,0,4,3,6,0,0,0,0,23150,52.3577,1,0,0,0,0,0,6,1,0,0,0,4,1,0.0201954,0.0439525,0.0144269,1.95851,0.818726,0.79925,1.02032,7,0,0,0,0,0,0,0
2014-02-02 22:19:49,739,444651656923,0,0,0,3,1,Passive,1,Passive,0.00946852,0.542506,0.0202174,1.15837,-0.00138757,-0.079502,-0.764623,-0.174816,0.508524,0.355238,7,3,3,2,4,0,0,0,0,23182,56.7172,1,0,0,0,0,0,6,1,1,0,0,4,1,0.0131216,0.0183144,0.0130678,0.0433184,0.0525879,0.0711898,0.0532685,7,0,0,0,0,0,0,0
2014-02-02 22:20:54,889,444651722073,0,0,0,3,1,Passive,1,Passive,0.00288313,0.165191,-0.00316018,-0.181065,-0.00253665,-0.145339,-0.646535,-0.233185,0.5861,0.429074,7,3,3,4,1,0,0,0,0,23215,61.3622,1,0,0,0,0,0,6,1,1,0,0,4,1,0.0126434,0.0147176,0.0131037,0.042865,0.0466901,0.0571985,0.049077,7,0,0,0,0,0,0,0
2014-02-02 22:21:59,946,444651787130,0,0,0,3,1,Passive,1,Passive,0.00331115,0.189715,-0.00296178,-0.169697,-0.00376399,-0.215661,-0.513599,-0.279923,0.613055,0.531058,7,3,3,4,1,0,0,0,0,23247,65.9911,1,0,0,0,0,0,6,1,1,0,0,4,1,0.0126664,0.0143601,0.0132917,0.0449661,0.0457096,0.0547754,0.0466274,7,0,0,0,0,0,0,0
2014-02-02 22:23:04,971,444651852155,0,0,0,3,1,Passive,1,Passive,0.00305785,0.175202,-0.00289223,-0.165712,-0.0044692,-0.256066,-0.351428,-0.332355,0.60369,0.633717,7,3,3,4,1,0,0,0,0,23280,70.8849,1,1,0,0,0,0,6,1,1,0,0,4,1,0.0128858,0.0139438,0.0134102,0.0467837,0.0450884,0.0533453,0.0433638,7,0,0,0,0,0,0,0
2014-02-02 22:24:09,979,444651917163,0,0,0,3,1,Passive,1,Passive,0.00221776,0.127068,-0.00307479,-0.176173,-0.0044967,-0.257642,-0.152597,-0.397575,0.60625,0.671647,7,4,6,4,3,0,0,0,0,23312,75.7466,0,1,0,0,0,0,6,1,1,0,0,4,1,0.0132642,0.0135988,0.0132437,0.0488163,0.0446789,0.0502708,0.0428088,7,0,0,0,0,0,0,0
2014-02-02 22:25:15,2,444651982186,0,0,0,3,1,Passive,1,Passive,-0.00052114,-0.0298591,0.000235996,0.0135216,-0.00918366,-0.526185,-0.00813915,-0.439206,0.496834,0.748457,7,6,6,4,3,0,0,0,0,23345,80.8791,1,1,0,0,0,0,6,1,1,0,0,4,1,0.0135706,0.0133834,0.0131076,0.0489193,0.0440968,0.0513827,0.0396472,7,0,0,0,0,0,0,0
2014-02-02 22:26:20,25,444652047209,0,0,0,3,1,Passive,1,Passive,0.000724772,0.0415264,-0.0032122,-0.184045,-0.00220626,-0.12641,0.102138,-0.49975,0.438777,0.739792,7,6,6,4,1,0,0,0,0,23377,85.9735,1,0,0,0,0,0,6,1,1,0,0,4,1,0.0137312,0.0133579,0.0128937,0.0494871,0.0430442,0.0507917,0.0397672,7,0,0,0,0,0,0,0
2014-02-02 22:27:25,38,444652112222,0,0,0,3,1,Passive,1,Passive,0.000349301,0.0200135,-0.00307458,-0.176161,-0.00023543,-0.0134891,0.175773,-0.564703,0.407486,0.695823,7,6,6,4,3,0,0,0,0,23410,91.3405,1,0,0,0,0,0,6,1,1,0,0,4,1,0.0137973,0.0134562,0.0127133,0.0499247,0.0417601,0.0489067,0.0428943,7,0,0,0,0,0,0,0
2014-02-02 22:28:30,149,444652177333,0,0,0,3,1,Passive,1,Passive,9.53068e-005,0.00546068,-0.00278843,-0.159765,0.00148707,0.0852031,0.200895,-0.628743,0.410183,0.629344,7,6,6,4,3,0,0,0,0,23442,96.6465,1,0,0,0,0,0,6,1,1,0,0,4,1,0.0136864,0.0136786,0.0126235,0.0497981,0.0404663,0.0463378,0.0473211,7,0,0,0,0,0,0,0
2014-02-02 22:29:35,200,444652242384,0,0,0,3,1,Passive,1,Passive,0.000184097,0.010548,-0.00244867,-0.140298,0.00271672,0.155656,0.189543,-0.690712,0.440757,0.54104,7,6,6,4,1,0,0,0,0,23475,102.205,1,0,0,0,0,0,6,1,1,0,0,4,1,0.0133993,0.0140366,0.0125969,0.0490059,0.0396512,0.0434409,0.052902,7,0,0,0,0,0,0,0
2014-02-02 22:30:40,236,444652307420,0,0,0,3,1,Passive,1,Passive,0.000216939,0.0124297,-0.00248101,-0.142151,0.00337714,0.193496,0.153139,-0.747783,0.511392,0.394775,7,4,5,6,4,0,0,0,0,23507,107.659,0,1,1,0,0,0,6,1,1,0,0,4,1,0.0130434,0.0143996,0.0126902,0.0466992,0.0387229,0.0399439,0.0600636,7,0,0,0,0,0,0,0
2014-02-02 22:31:45,259,444652372443,0,0,0,3,1,Passive,1,Passive,0.000380887,0.0218232,-0.00186168,-0.106666,0.00327616,0.18771,0.105029,-0.776383,0.549905,0.289486,7,4,5,4,3,0,0,0,0,23540,113.317,0,1,0,0,0,0,6,1,1,0,0,4,1,0.012965,0.0144748,0.01285,0.0446568,0.0389889,0.0392484,0.0645088,7,0,0,0,0,0,0,0
2014-02-02 22:32:50,704,444652437888,0,0,0,3,1,Passive,1,Passive,0.000405879,0.0232552,-0.00197768,-0.113313,0.00249802,0.143126,0.0714563,-0.791058,0.578868,0.184482,7,4,5,4,3,0,0,0,0,23573,118.958,0,1,0,0,0,0,6,1,1,0,0,4,1,0.0130978,0.0142704,0.0131829,0.043664,0.0388312,0.0402776,0.0685603,7,0,0,0,0,0,0,0
2014-02-02 22:33:55,737,444652502921,0,0,0,3,1,Passive,1,Passive,4.86731e-005,0.00278876,-0.00225508,-0.129207,0.00150982,0.0865066,0.0628357,-0.800368,0.58882,0.093562,7,4,5,4,3,0,0,0,0,23605,124.381,1,1,0,0,0,0,6,1,1,0,0,4,1,0.0131755,0.0139809,0.0136505,0.0444233,0.0378284,0.042031,0.0721311,7,0,0,0,0,0,0,0
2014-02-02 22:35:00,766,444652567950,0,0,0,3,1,Passive,1,Passive,-0.000750524,-0.0430019,-0.00260039,-0.148991,0.000765937,0.043885,0.093059,-0.834118,0.539072,-0.0706281,7,5,5,4,3,0,0,0,0,23638,129.853,1,0,0,0,0,0,6,1,1,0,0,4,1,0.0129159,0.0138882,0.0143064,0.0474197,0.0316839,0.0450868,0.0767033,7,0,0,0,0,0,0,0
2014-02-02 22:36:05,771,444652632955,0,0,0,3,1,Passive,1,Passive,-0.0017229,-0.0987149,-0.00323831,-0.185542,0.000467424,0.0267814,0.131327,-0.849108,0.486348,-0.158854,7,5,5,4,3,0,0,0,0,23670,134.962,1,0,0,0,0,0,6,1,1,0,0,4,1,0.0126876,0.0139452,0.0147817,0.0512333,0.0288922,0.046325,0.0815813,7,0,0,0,0,0,0,0
2014-02-02 22:37:10,793,444652697977,0,0,0,3,1,Passive,1,Passive,-0.00265038,-0.151855,-0.00364715,-0.208966,0.000157801,0.0090413,0.192202,-0.861766,0.398306,-0.248535,7,5,5,4,3,0,0,0,0,23703,139.904,1,0,0,0,0,0,6,1,1,0,0,4,1,0.0125636,0.0142973,0.0149329,0.0551579,0.0277995,0.0458461,0.0876863,7,0,0,0,0,0,0,0
2014-02-02 22:38:15,813,444652762997,0,0,0,3,1,Passive,1,Passive,-0.00317232,-0.181761,-0.0040308,-0.230948,0.000103755,0.00594475,0.257591,-0.859035,0.283314,-0.339764,7,5,5,6,4,0,0,0,0,23735,144.181,1,0,0,0,0,0,6,1,1,0,0,4,1,0.0128482,0.0149047,0.0145388,0.0584846,0.0318783,0.044157,0.0943536,7,0,0,0,0,0,0,0
2014-02-02 22:39:20,889,444652828073,0,0,0,3,1,Passive,1,Passive,-0.007061,-0.404565,0.000125992,0.00721879,-0.00187359,-0.107349,0.36613,-0.863399,0.121221,-0.325263,7,6,6,1,4,0,0,0,0,23768,147.749,1,0,0,0,0,0,6,1,1,0,0,4,1,0.0135722,0.0157591,0.0134513,0.0547759,0.0347851,0.0421978,0.10513,7,0,0,0,0,0,0,0
2014-02-02 22:40:25,901,444652893085,0,0,0,3,1,Passive,1,Passive,-0.00391137,-0.224105,-0.00381489,-0.218577,0.000347356,0.019902,0.411063,-0.829408,-0.0301676,-0.377094,7,6,1,6,4,0,0,0,0,23800,149.959,0,1,0,0,0,0,6,1,1,0,0,4,1,0.0141741,0.0161176,0.0126914,0.0522388,0.0411204,0.0432276,0.110565,7,0,0,0,0,0,0,0
2014-02-02 22:41:30,924,444652958108,0,0,0,3,1,Passive,1,Passive,-0.00336611,-0.192864,-0.00300036,-0.171908,0.0013006,0.0745187,0.419805,-0.786116,-0.183075,-0.415054,7,6,6,1,4,0,0,0,0,23833,150.42,1,0,0,0,0,0,6,1,1,0,0,4,1,0.0143368,0.0161191,0.0126971,0.0483794,0.0467288,0.0457596,0.111152,7,0,0,0,0,0,0,0
2014-02-02 22:42:35,942,444653023126,0,0,0,3,1,Passive,1,Passive,-0.00221997,-0.127195,-0.00326497,-0.187069,0.00205168,0.117553,0.387518,-0.743578,-0.313303,-0.445829,7,6,6,1,4,0,0,0,0,23865,148.743,1,0,0,0,0,0,6,1,1,0,0,4,1,0.013973,0.0158626,0.0131902,0.045314,0.0491395,0.0469904,0.106027,7,0,0,0,0,0,0,0
2014-02-02 22:43:40,971,444653088155,0,0,0,3,1,Passive,1,Passive,-0.000976442,-0.055946,-0.00301629,-0.172821,0.00253976,0.145518,0.318316,-0.708792,-0.415956,-0.472515,7,6,6,4,1,0,0,0,0,23898,144.803,1,0,0,0,0,0,6,1,1,0,0,4,1,0.0134207,0.0155493,0.0135531,0.0443324,0.0492634,0.0461499,0.0962606,7,0,0,0,0,0,0,0
2014-02-02 22:44:45,996,444653153180,0,0,0,3,1,Passive,1,Passive,0.000114303,0.00654909,-0.00194761,-0.11159,0.00311835,0.178668,0.223828,-0.695288,-0.48723,-0.478627,7,6,6,4,1,0,0,0,0,23930,139.119,1,0,0,0,0,0,6,1,1,0,0,4,1,0.0130064,0.015341,0.0135035,0.0449264,0.0475532,0.0440217,0.0859767,7,0,0,0,0,0,0,0
2014-02-02 22:45:51,21,444653218205,0,0,0,3,1,Passive,1,Passive,0.00117563,0.0673587,-0.00159255,-0.0912461,0.00355673,0.203786,0.104649,-0.700795,-0.532831,-0.46263,7,6,6,4,1,0,0,0,0,23963,131.718,1,0,0,0,0,0,6,1,1,0,0,4,1,0.0128466,0.0152187,0.0131712,0.0462268,0.044637,0.0415988,0.0759182,7,0,0,0,0,0,0,0
2014-02-02 22:46:56,30,444653283214,0,0,0,3,1,Passive,1,Passive,0.00216912,0.124281,-0.00150213,-0.0860659,0.00357603,0.204891,-0.0289505,-0.714956,-0.545181,-0.436781,7,6,6,4,3,0,0,0,0,23995,123.389,1,0,0,0,0,0,6,1,1,0,0,4,1,0.0128412,0.0150582,0.0127707,0.0481671,0.0424907,0.0408459,0.0666692,7,0,0,0,0,0,0,0
2014-02-02 22:48:01,56,444653348240,0,0,0,3,1,Passive,1,Passive,0.00276476,0.158409,-0.00152489,-0.0873699,0.0036182,0.207308,-0.210021,-0.725389,-0.534276,-0.379803,7,4,6,4,1,0,0,0,0,24028,113.956,1,1,0,0,0,0,6,1,1,0,0,4,1,0.0129565,0.0148071,0.0125674,0.0497047,0.0419068,0.0412578,0.0583083,7,0,0,0,0,0,0,0
2014-02-02 22:49:06,119,444653413303,0,0,0,3,1,Passive,1,Passive,0.00345017,0.19768,-0.00120513,-0.0690488,0.00367004,0.210278,-0.353501,-0.727148,-0.493731,-0.320192,7,4,5,4,6,0,0,0,0,24060,104.304,0,1,0,0,0,0,6,1,1,0,0,4,1,0.0130466,0.0144025,0.0126539,0.0505956,0.0407964,0.0435565,0.0513415,7,0,0,0,0,0,0,0
2014-02-02 22:50:11,147,444653478331,0,0,0,3,1,Passive,1,Passive,0.00326858,0.187276,-0.0010847,-0.0621487,0.00383114,0.219508,-0.4919,-0.714142,-0.433893,-0.244485,7,4,5,4,3,0,0,0,0,24093,94.1404,0,1,0,0,0,0,6,1,1,0,0,4,1,0.0130774,0.0140132,0.0129213,0.0501575,0.0403569,0.0470635,0.0461749,7,0,0,0,0,0,0,0
2014-02-02 22:51:16,197,444653543381,0,0,0,3,1,Passive,1,Passive,0.00305495,0.175036,-0.0010156,-0.0581898,0.00330058,0.189109,-0.603076,-0.687631,-0.367142,-0.16932,7,4,5,2,4,0,0,0,0,24125,84.3686,0,0,1,0,0,0,6,1,1,0,0,4,1,0.013058,0.0138013,0.0131637,0.0483442,0.0404544,0.0514542,0.0432851,7,0,0,0,0,0,0,0
2014-02-02 22:52:21,237,444653608421,0,0,0,3,1,Passive,1,Passive,0.0021937,0.12569,-0.00087254,-0.0499929,0.00310446,0.177873,-0.694092,-0.643291,-0.307408,-0.0995655,7,4,2,4,1,0,0,0,0,24158,74.6178,0,1,0,0,0,0,6,1,1,0,0,4,1,0.0130315,0.0138295,0.0132781,0.0453977,0.0409471,0.0570189,0.0420736,7,0,0,0,0,0,0,0
2014-02-02 22:53:26,673,444653673857,0,0,0,3,1,Passive,1,Passive,0.00155509,0.0891,-0.0011621,-0.0665834,0.00337018,0.193097,-0.788296,-0.565335,-0.237628,-0.0501868,7,2,2,4,1,0,0,0,0,24191,65.4023,1,0,0,0,0,0,6,1,1,0,0,4,1,0.0129566,0.0141575,0.0132389,0.040022,0.0425429,0.064716,0.0421104,7,0,0,0,0,0,0,0
2014-02-02 22:54:31,733,444653738917,0,0,0,3,1,Passive,1,Passive,0.000720042,0.0412554,-0.000966911,-0.0553999,0.00326049,0.186812,-0.847628,-0.488788,-0.205691,-0.0174399,7,2,2,4,1,0,0,0,0,24223,57.1321,1,0,0,0,0,0,6,1,1,0,0,4,1,0.012885,0.0146739,0.0130902,0.0361027,0.0426769,0.0726105,0.0424477,7,0,0,0,0,0,0,0
2014-02-02 22:55:36,755,444653803939,0,0,0,3,1,Passive,1,Passive,0.000345613,0.0198022,-0.00102145,-0.0585247,0.00379046,0.217177,-0.905403,-0.387733,-0.172879,0.00463859,7,2,2,4,1,0,0,0,0,24256,49.4095,1,0,0,0,0,0,6,1,1,0,0,4,1,0.0127176,0.0153959,0.0128995,0.0311704,0.0425316,0.0815849,0.0433688,7,0,0,0,0,0,0,0
2014-02-02 22:56:41,768,444653868952,0,0,0,3,1,Passive,1,Passive,0.000328172,0.0188029,-0.00127842,-0.0732483,0.00376731,0.215851,-0.951833,-0.277554,-0.128762,0.019933,7,2,2,4,1,0,0,0,0,24288,42.8449,1,0,0,0,0,0,6,1,1,0,0,4,1,0.0125729,0.0161057,0.0127418,0.0262509,0.0423911,0.0906847,0.0461852,7,0,0,0,0,0,0,0
2014-02-02 22:57:46,797,444653933981,0,0,0,3,1,Passive,1,Passive,0.000588447,0.0337155,-0.00166346,-0.0953095,0.00332599,0.190565,-0.982288,-0.168268,-0.0732255,0.037875,7,2,2,1,4,0,0,0,0,24321,37.1863,1,0,0,0,0,0,6,1,1,0,0,4,1,0.0126517,0.0166165,0.0126364,0.0222696,0.0421836,0.0991746,0.0513223,7,0,0,0,0,0,0,0
2014-02-02 22:58:51,813,444653998997,0,0,0,3,1,Passive,1,Passive,0.000894412,0.051246,-0.00225724,-0.12933,0.00253013,0.144966,-0.995053,-0.0806625,0.00050802,0.0579851,7,2,1,2,4,0,0,0,0,24353,32.9772,0,1,0,0,0,0,6,1,1,0,0,4,1,0.0130243,0.0168156,0.0125736,0.0199448,0.042243,0.105718,0.0579697,7,0,0,0,0,0,0,0
2014-02-02 22:59:56,890,444654064074,0,0,0,3,1,Passive,1,Passive,0.00180925,0.103662,-0.00126461,-0.0724566,0.000990131,0.0567303,-0.988971,-0.000288296,0.131906,0.0673583,7,1,1,4,5,0,0,0,0,24386,30.1988,1,0,0,0,0,0,6,1,1,0,0,4,1,0.0137783,0.0166579,0.0125547,0.0229919,0.0425555,0.108715,0.0676413,7,0,0,0,0,0,0,0
2014-02-02 23:01:01,926,444654129110,0,0,0,3,1,Passive,1,Passive,0.00229405,0.13144,-0.00168582,-0.0965902,-0.000220085,-0.01261,-0.974348,0.0138605,0.179785,0.134652,7,1,1,2,4,0,0,0,0,24418,29.1783,1,1,0,0,0,0,6,1,1,0,0,4,1,0.0139664,0.0166278,0.0126232,0.0239499,0.0426587,0.110552,0.0702506,7,0,0,0,0,0,0,0
2014-02-02 23:02:06,962,444654194146,0,0,0,3,1,Passive,1,Passive,0.00201536,0.115472,-0.00564705,-0.323552,-0.000693534,-0.0397366,-0.920986,-0.0451003,0.340389,0.184083,7,2,3,1,2,0,0,0,0,24451,29.8315,0,0,1,0,0,0,6,1,1,0,0,4,1,0.0134417,0.0172329,0.012962,0.0382806,0.0440349,0.116599,0.0683793,7,0,0,0,0,0,0,0
2014-02-02 23:03:11,985,444654259169,0,0,0,3,1,Passive,1,Passive,0.00289311,0.165763,0.00284974,0.163278,-0.0053332,-0.30557,-0.84945,-0.103054,0.439779,0.272782,7,3,3,4,1,0,0,0,0,24483,31.8928,1,0,0,0,0,0,6,1,1,0,0,4,1,0.0128709,0.0169186,0.0135837,0.0460191,0.0423799,0.0991355,0.0642749,7,0,0,0,0,0,0,0
2014-02-02 23:04:17,0,444654324184,0,0,0,3,1,Passive,1,Passive,0.00227394,0.130287,-0.00293157,-0.167967,-0.00417231,-0.239056,-0.763556,-0.207024,0.474421,0.386066,7,3,3,1,4,0,0,0,0,24516,35.1564,1,0,0,0,0,0,6,1,1,0,0,4,1,0.0125612,0.0160168,0.0137935,0.0455543,0.0426134,0.0950349,0.0541063,7,0,0,0,0,0,0,0
2014-02-02 23:05:22,23,444654389207,0,0,0,3,1,Passive,1,Passive,0.00214015,0.122622,-0.0030282,-0.173503,-0.00438712,-0.251364,-0.649477,-0.314014,0.500221,0.478908,7,3,3,4,1,0,0,0,0,24548,39.1253,1,0,0,0,0,0,6,1,1,0,0,4,1,0.0129792,0.0151975,0.013861,0.0494577,0.0433093,0.0876886,0.0462746,7,0,0,0,0,0,0,0
2014-02-02 23:06:27,53,444654454237,0,0,0,3,1,Passive,1,Passive,0.00188279,0.107876,-0.00289042,-0.165609,-0.00386662,-0.221541,-0.517939,-0.41165,0.509659,0.550028,7,3,3,4,1,0,0,0,0,24581,43.813,1,0,0,0,0,0,6,1,1,0,0,4,1,0.0137514,0.0142765,0.0136393,0.0526926,0.0437141,0.0795982,0.040741,7,0,0,0,0,0,0,0
2014-02-02 23:07:32,112,444654519296,0,0,0,3,1,Passive,1,Passive,0.00446947,0.256082,-0.00681754,-0.390616,-0.000900184,-0.0515767,-0.353528,-0.4806,0.573096,0.561785,7,4,3,4,1,0,0,0,0,24613,48.7794,1,0,1,0,0,0,6,1,1,0,0,4,1,0.0143442,0.0137116,0.0132106,0.0572244,0.0442488,0.0685845,0.0394327,7,0,0,0,0,0,0,0
2014-02-02 23:08:37,126,444654584310,0,0,0,3,1,Passive,1,Passive,0.00102629,0.0588023,-0.00141796,-0.0812433,-0.00163074,-0.0934346,-0.259444,-0.513641,0.580097,0.576497,7,4,3,6,4,0,0,0,0,24646,54.2143,0,0,1,0,0,0,6,1,1,0,0,4,1,0.014646,0.0138067,0.0130303,0.0632637,0.043903,0.0658176,0.0419068,7,0,0,0,0,0,0,0
2014-02-02 23:09:42,170,444654649354,0,0,0,3,1,Passive,1,Passive,0.00199568,0.114344,-0.00255857,-0.146595,0.000949213,0.0543859,-0.173898,-0.521394,0.635415,0.54236,7,4,6,3,4,0,0,0,0,24678,59.7151,0,0,1,0,0,0,6,1,1,0,0,4,1,0.0143107,0.0135996,0.0127849,0.0586503,0.0433834,0.0549178,0.0428555,7,0,0,0,0,0,0,0
2014-02-02 23:10:47,187,444654714371,0,0,0,3,1,Passive,1,Passive,0.00198199,0.11356,-0.00190258,-0.10901,0.00182254,0.104424,-0.118417,-0.503823,0.703999,0.486338,7,4,6,4,1,0,0,0,0,24711,65.5532,0,1,0,0,0,0,6,1,1,0,0,4,1,0.013887,0.0137528,0.0127556,0.0558628,0.0429827,0.0467285,0.0466192,7,0,0,0,0,0,0,0
2014-02-02 23:11:52,224,444654779408,0,0,0,3,1,Passive,1,Passive,0.00173668,0.0995043,-0.00199885,-0.114525,0.00242533,0.138961,-0.0813695,-0.480626,0.771485,0.408888,7,4,4,6,1,0,0,0,0,24743,71.3146,1,0,0,0,0,0,6,1,1,0,0,4,1,0.0135054,0.0138767,0.0128271,0.053526,0.0429641,0.0400491,0.0513336,7,0,0,0,0,0,0,0
2014-02-02 23:12:57,241,444654844425,0,0,0,3,1,Passive,1,Passive,0.00103527,0.0593168,-0.00197764,-0.113311,0.00238033,0.136383,-0.0530855,-0.463485,0.825304,0.318178,7,4,4,6,5,0,0,0,0,24776,77.3057,1,0,0,0,0,0,6,1,1,0,0,4,1,0.0132436,0.0138595,0.0129807,0.0508993,0.0431785,0.0343065,0.0554543,7,0,0,0,0,0,0,0
2014-02-02 23:14:02,285,444654909469,0,0,0,3,1,Passive,1,Passive,0.000232721,0.0133339,-0.00215306,-0.123361,0.00179106,0.10262,-0.0227827,-0.464156,0.854587,0.231778,7,4,5,2,4,0,0,0,0,24808,83.1166,0,1,0,0,0,0,6,1,1,0,0,4,1,0.01311,0.0137311,0.0131538,0.0486262,0.0431128,0.03052,0.0581996,7,0,0,0,0,0,0,0
2014-02-02 23:15:07,702,444654974886,0,0,0,3,1,Passive,1,Passive,-0.000712985,-0.040851,-0.00134843,-0.0772591,0.000678683,0.0388857,0.0179052,-0.494369,0.855294,0.154111,7,4,5,2,4,0,0,0,0,24841,89.0439,0,0,1,0,0,0,6,1,1,0,0,4,1,0.0130288,0.013691,0.0133832,0.0472881,0.0423786,0.0292473,0.0610525,7,0,0,0,0,0,0,0
2014-02-02 23:16:12,743,444655039927,0,0,0,3,1,Passive,1,Passive,-0.00187717,-0.107554,-0.00218407,-0.125138,-4.59337e-005,-0.00263181,0.0745805,-0.548492,0.82697,0.0985656,7,4,5,1,4,0,0,0,0,24874,94.853,0,0,1,0,0,0,6,1,1,0,0,4,1,0.0129564,0.0136123,0.0135208,0.0462797,0.0411812,0.0300337,0.0617029,7,0,0,0,0,0,0,0
2014-02-02 23:17:17,764,444655104948,0,0,0,3,1,Passive,1,Passive,-0.0029936,-0.171521,-0.00439682,-0.251919,0.00108408,0.0621135,0.179369,-0.640324,0.746811,-0.00925917,7,5,5,4,1,0,0,0,0,24906,100.317,1,1,0,0,0,0,6,1,1,0,0,4,1,0.0127754,0.0136841,0.0135736,0.045793,0.0374278,0.0329516,0.0631976,7,0,0,0,0,0,0,0
2014-02-02 23:18:22,783,444655169967,0,0,0,3,1,Passive,1,Passive,-0.0036885,-0.211335,-0.00367953,-0.210822,-5.04374e-005,-0.00288985,0.263289,-0.716802,0.643177,-0.0565394,7,5,5,1,4,0,0,0,0,24939,105.698,1,0,0,0,0,0,6,1,1,0,0,4,1,0.0126987,0.0138366,0.0135493,0.0450275,0.0348294,0.035884,0.065505,7,0,0,0,0,0,0,0
2014-02-02 23:19:27,810,444655234994,0,0,0,3,1,Passive,1,Passive,-0.00389907,-0.2234,-0.0038093,-0.218257,-2.72867e-005,-0.00156341,0.34378,-0.779384,0.512139,-0.109954,7,5,5,4,1,0,0,0,0,24971,110.599,1,0,0,0,0,0,6,1,1,0,0,4,1,0.0127308,0.0141051,0.0133811,0.0438722,0.0325492,0.0385413,0.06767,7,0,0,0,0,0,0,0
2014-02-02 23:20:32,893,444655300077,0,0,0,3,1,Passive,1,Passive,-0.00342986,-0.196516,-0.00380185,-0.21783,0.000180487,0.0103411,0.414486,-0.816113,0.365196,-0.169684,7,5,5,6,1,0,0,0,0,25004,115.251,1,0,0,0,0,0,6,1,1,0,0,4,1,0.0128535,0.0143845,0.0131176,0.0426482,0.0323011,0.040518,0.0699404,7,0,0,0,0,0,0,0
2014-02-02 23:21:37,906,444655365090,0,0,0,3,1,Passive,1,Passive,-0.0028802,-0.165023,-0.00337871,-0.193586,0.000389331,0.022307,0.457616,-0.82923,0.231928,-0.221756,7,5,6,1,5,0,0,0,0,25036,119.301,1,0,1,0,0,0,6,1,1,0,0,4,1,0.0129793,0.0145978,0.0129273,0.0416055,0.0339205,0.0414658,0.071738,7,0,0,0,0,0,0,0
2014-02-02 23:22:42,927,444655430111,0,0,0,3,1,Passive,1,Passive,-0.00191869,-0.109933,-0.00372629,-0.213501,0.000575812,0.0329916,0.478159,-0.835777,0.0805803,-0.257581,7,6,6,1,4,0,0,0,0,25069,122.944,1,0,0,0,0,0,6,1,1,0,0,4,1,0.0129902,0.0147234,0.0129178,0.0414309,0.0367251,0.0420366,0.0727594,7,0,0,0,0,0,0,0
2014-02-02 23:23:47,929,444655495113,0,0,0,3,1,Passive,1,Passive,-0.000872648,-0.0499991,-0.0030101,-0.172466,0.000666352,0.0381792,0.475107,-0.817501,-0.0105325,-0.325353,7,6,1,6,4,0,0,0,0,25101,125.949,0,1,0,0,0,0,6,1,1,0,0,4,1,0.0129575,0.0148196,0.0130354,0.0412455,0.0411485,0.0420036,0.0732542,7,0,0,0,0,0,0,0
2014-02-02 23:24:52,954,444655560138,0,0,0,3,1,Passive,1,Passive,0.000323325,0.0185251,-0.00276965,-0.158689,0.000842272,0.0482587,0.449532,-0.794954,-0.0694338,-0.401433,7,6,1,6,4,0,0,0,0,25134,128.556,0,1,0,0,0,0,6,1,1,0,0,4,1,0.0128628,0.0149668,0.0130984,0.0412455,0.0459788,0.0418696,0.0732988,7,0,0,0,0,0,0,0
2014-02-02 23:25:57,979,444655625163,0,0,0,3,1,Passive,1,Passive,0.00158584,0.0908618,-0.0025531,-0.146282,0.000857242,0.0491163,0.405193,-0.771408,-0.0915299,-0.482048,7,6,6,1,4,0,0,0,0,25166,130.7,1,0,0,0,0,0,6,1,1,0,0,4,1,0.0127919,0.0152105,0.0130472,0.0414037,0.0506245,0.04176,0.0726332,7,0,0,0,0,0,0,0
2014-02-02 23:27:03,0,444655690184,0,0,0,3,1,Passive,1,Passive,0.00435681,0.249627,-0.0018067,-0.103516,-0.000404201,-0.023159,0.338998,-0.742364,-0.057472,-0.575042,7,0,6,1,5,0,0,0,0,25199,132.653,1,0,0,0,0,0,6,1,0,0,0,4,1,0.0131888,0.0199988,0.0147967,0.0543887,0.120454,0.049396,0.137938,7,0,0,0,0,0,0,0
2014-02-02 23:28:08,3,444655755187,0,0,0,3,1,Passive,1,Passive,0.00323439,0.185317,-0.00228585,-0.13097,0.000582429,0.0333707,0.261719,-0.707411,-0.0274649,-0.655986,7,0,1,4,3,0,0,0,0,25231,134.421,1,0,0,0,0,0,6,1,0,0,0,4,1,0.0140018,0.0359548,0.0156137,0.0788652,0.686819,0.0780416,0.713493,7,0,0,0,0,0,0,0
2014-02-02 23:29:13,12,444655820196,0,0,0,3,1,Passive,1,Passive,0.0037825,0.216721,-0.00213974,-0.122598,0.000485336,0.0278077,0.167283,-0.662262,0.0280744,-0.72982,7,0,4,1,5,0,0,0,0,25264,136.179,1,0,0,0,0,0,6,1,0,0,0,4,1,0.0161866,0.0465261,0.0135428,0.125317,1.56964,0.192839,1.45314,7,0,0,0,0,0,0,0
2014-02-02 23:30:18,63,444655885247,0,0,0,3,1,Passive,1,Passive,0.00409835,0.234818,-0.00196685,-0.112692,0.000575518,0.0329748,0.0646589,-0.608746,0.0928144,-0.78526,7,0,4,1,6,0,0,0,0,25296,137.802,1,0,0,0,0,0,6,1,0,0,0,4,1,0.0202523,0.0493114,0.0142214,0.543552,2.38227,0.329851,1.92176,7,0,0,0,0,0,0,0
2014-02-02 23:31:23,87,444655950271,0,0,0,3,1,Passive,1,Passive,0.00421447,0.241471,-0.00211509,-0.121186,0.000217475,0.0124604,-0.0430533,-0.530547,0.165471,-0.830233,7,0,4,1,3,0,0,0,0,25329,139.251,1,0,0,0,0,0,6,1,0,0,0,4,1,0.0263383,0.0478436,0.0182231,1.13806,3.10226,0.413597,2.01049,7,0,0,0,0,0,0,0
2014-02-02 23:32:28,115,444656015299,0,0,0,3,1,Passive,1,Passive,0.00414002,0.237206,-0.00207954,-0.119149,0.000444671,0.0254778,-0.149731,-0.447791,0.229351,-0.851154,7,0,1,4,5,0,0,0,0,25361,140.199,1,0,0,0,0,0,6,1,0,0,0,4,1,0.0299867,0.0421529,0.021323,1.469,3.16089,0.357141,1.52179,7,0,0,0,0,0,0,0
2014-02-02 23:33:33,136,444656080320,0,0,0,3,1,Passive,1,Passive,0.0039183,0.224502,-0.00233698,-0.133899,0.000692753,0.0396918,-0.253753,-0.338466,0.279757,-0.86185,7,0,4,1,3,0,0,0,0,25394,140.347,1,0,0,0,0,0,6,1,0,0,0,4,1,0.0312701,0.0369421,0.0222125,1.34012,2.68497,0.18248,0.73365,7,0,0,0,0,0,0,0
2014-02-02 23:34:38,152,444656145336,0,0,0,3,1,Passive,1,Passive,0.00365614,0.209481,-0.00264939,-0.151799,0.00105773,0.0606034,-0.345157,-0.218499,0.312362,-0.857645,7,0,1,4,6,0,0,0,0,25426,139.28,1,0,0,0,0,0,6,1,0,0,0,4,1,0.0346042,0.0376526,0.0205839,1.29901,2.77864,0.0475768,0.204032,7,0,0,0,0,0,0,0
2014-02-02 23:35:43,170,444656210354,0,0,0,3,1,Passive,1,Passive,0.00348711,0.199797,-0.00289939,-0.166123,0.00134757,0.0772103,-0.423144,-0.0783811,0.329582,-0.840346,7,0,4,1,5,0,0,0,0,25459,136.543,1,0,0,0,0,0,6,1,0,0,0,4,1,0.0329771,0.0396048,0.0175235,0.975778,2.67076,0.230313,0.321835,7,0,0,0,0,0,0,0
2014-02-02 23:36:48,186,444656275370,0,0,0,3,1,Passive,1,Passive,0.00306278,0.175484,-0.00307592,-0.176237,0.00175659,0.100645,-0.476352,0.0540676,0.330992,-0.812779,7,0,4,1,5,0,0,0,0,25491,132.067,1,0,0,0,0,0,6,1,0,0,0,4,1,0.02716,0.0424425,0.0160027,0.545257,2.59886,0.490829,0.698414,7,0,0,0,0,0,0,0
2014-02-02 23:37:53,189,444656340373,0,0,0,3,1,Passive,1,Passive,0.00254844,0.146015,-0.00305058,-0.174786,0.0019511,0.11179,-0.506448,0.181958,0.317955,-0.780581,7,0,4,1,6,0,0,0,0,25524,125.549,1,0,0,0,0,0,6,1,0,0,0,4,1,0.0194319,0.0447905,0.0149364,0.0466352,2.23033,0.721274,0.82033,7,0,0,0,0,0,0,0
2014-02-02 23:38:58,216,444656405400,0,0,0,3,1,Passive,1,Passive,0.00208826,0.119648,-0.00283935,-0.162683,0.00170031,0.0974207,-0.519759,0.293257,0.300009,-0.744208,7,0,4,1,6,0,0,0,0,25556,117.563,1,0,0,0,0,0,6,1,0,0,0,4,1,0.0156975,0.0455288,0.0141437,0.515222,1.89747,0.909144,0.777164,7,0,0,0,0,0,0,0
2014-02-02 23:40:03,224,444656470408,0,0,0,3,1,Passive,1,Passive,0.00172468,0.0988167,-0.00254093,-0.145585,0.00156817,0.0898493,-0.523333,0.393939,0.27841,-0.70244,7,0,4,1,6,0,0,0,0,25589,107.941,1,0,0,0,0,0,6,1,0,0,0,4,1,0.0205232,0.0416732,0.0137304,0.912083,1.4801,0.998685,0.561649,7,0,0,0,0,0,0,0
2014-02-02 23:41:08,246,444656535430,0,0,0,3,1,Passive,1,Passive,0.00146742,0.0840772,-0.00226911,-0.13001,0.00094911,0.05438,-0.52655,0.470221,0.269447,-0.655008,7,0,4,1,6,0,0,0,0,25621,97.703,1,0,0,0,0,0,6,1,0,0,0,4,1,0.0301755,0.0372407,0.0143726,1.39662,1.33768,1.21069,0.35547,7,0,0,0,0,0,0,0
2014-02-02 23:42:13,260,444656600444,0,0,0,3,1,Passive,1,Passive,0.00107391,0.0615308,-0.00221418,-0.126863,-0.000237264,-0.0135942,-0.530765,0.52784,0.281069,-0.600561,7,0,4,1,3,0,0,0,0,25654,86.7379,1,0,0,0,0,0,6,1,0,0,0,4,1,0.0381371,0.0312974,0.0162546,1.84964,1.14446,1.3871,0.0439113,7,0,0,0,0,0,0,0
2014-02-02 23:43:18,576,444656665760,0,0,0,3,1,Passive,1,Passive,0.000643533,0.0368717,-0.00219951,-0.126023,-0.00142831,-0.0818364,-0.543792,0.560154,0.321748,-0.53572,7,0,4,3,1,0,0,0,0,25687,75.8532,1,0,0,0,0,0,6,1,0,0,0,4,1,0.042233,0.0260637,0.0189804,2.19498,0.927172,1.4716,0.367918,7,0,0,0,0,0,0,0
2014-02-02 23:44:23,588,444656730772,0,0,0,3,1,Passive,1,Passive,4.05991e-005,0.00232616,-0.00227911,-0.130583,-0.00269629,-0.154486,-0.561973,0.558722,0.395383,-0.464422,7,0,4,1,5,0,0,0,0,25719,65.8308,1,0,0,0,0,0,6,1,0,0,0,4,1,0.0449729,0.0244022,0.0223188,2.5316,0.808479,1.59154,0.734255,7,0,0,0,0,0,0,0
2014-02-02 23:45:28,608,444656795792,0,0,0,3,1,Passive,1,Passive,-0.000737516,-0.0422565,-0.00292546,-0.167617,-0.00403652,-0.231276,-0.566175,0.525603,0.514564,-0.372038,7,0,4,1,5,0,0,0,0,25752,56.3902,1,0,0,0,0,0,6,1,0,0,0,4,1,0.0392432,0.0259082,0.0259849,2.23081,0.602091,1.2992,0.790552,7,0,0,0,0,0,0,0
2014-02-02 23:46:33,613,444656860797,0,0,0,3,1,Passive,1,Passive,-0.00145665,-0.08346,-0.00348905,-0.199908,-0.00499269,-0.28606,-0.556102,0.453005,0.648208,-0.255664,7,0,4,1,6,0,0,0,0,25784,48.596,1,0,0,0,0,0,6,1,0,0,0,4,1,0.0332679,0.0301312,0.030109,2.11881,0.581395,1.12797,0.773894,7,0,0,0,0,0,0,0
2014-02-02 23:47:38,625,444656925809,0,0,0,3,1,Passive,1,Passive,-0.00200286,-0.114756,-0.00426904,-0.244598,-0.00577365,-0.330806,-0.510976,0.337945,0.783483,-0.104164,7,0,4,3,1,0,0,0,0,25817,41.4502,1,0,0,0,0,0,6,1,0,0,0,4,1,0.0229249,0.0349045,0.0327731,2.16972,0.718937,1.02635,0.727588,7,0,0,0,0,0,0,0
2014-02-02 23:48:43,652,444656990836,0,0,0,3,1,Passive,1,Passive,-0.00233652,-0.133873,-0.00469205,-0.268835,-0.00599599,-0.343545,-0.430906,0.193451,0.879402,0.0595763,7,0,4,1,6,0,0,0,0,25849,36.2764,1,0,0,0,0,0,6,1,0,0,0,4,1,0.0156723,0.038044,0.0326183,2.37511,1.00851,1.00231,0.670572,7,0,0,0,0,0,0,0
2014-02-02 23:49:48,662,444657055846,0,0,0,3,1,Passive,1,Passive,-0.00267362,-0.153187,-0.00512828,-0.293829,-0.00589133,-0.337548,-0.306348,0.0236363,0.92507,0.223244,7,0,4,1,3,0,0,0,0,25882,32.7212,1,0,0,0,0,0,6,1,0,0,0,4,1,0.0215828,0.0368063,0.0272501,2.24274,1.21301,0.837783,0.46254,7,0,0,0,0,0,0,0
2014-02-02 23:50:53,688,444657120872,0,0,0,3,1,Passive,1,Passive,-0.00279781,-0.160303,-0.00526495,-0.30166,-0.00484273,-0.277468,-0.161344,-0.140513,0.913765,0.345338,7,0,4,3,1,0,0,0,0,25914,31.1233,1,0,0,0,0,0,6,1,0,0,0,4,1,0.0329895,0.0341147,0.0208309,2.23348,1.43756,0.734084,0.270668,7,0,0,0,0,0,0,0
2014-02-02 23:51:58,708,444657185892,0,0,0,3,1,Passive,1,Passive,-0.00218797,-0.125361,-0.00475675,-0.272542,-0.00278546,-0.159595,-0.0139681,-0.280999,0.869191,0.406635,7,0,4,3,1,0,0,0,0,25947,31.323,1,0,0,0,0,0,6,1,0,0,0,4,1,0.0415051,0.0307845,0.0154003,2.20915,1.54205,0.601383,0.119769,7,0,0,0,0,0,0,0
2014-02-02 23:53:03,715,444657250899,0,0,0,3,1,Passive,1,Passive,-0.000996363,-0.0570874,-0.00413006,-0.236635,-0.000572251,-0.0327876,0.108854,-0.371284,0.8315,0.398631,7,0,4,3,1,0,0,0,0,25979,33.0341,1,0,0,0,0,0,6,1,0,0,0,4,1,0.042824,0.0286317,0.0157445,2.13265,1.4547,0.427342,0.0989243,7,0,0,0,0,0,0,0
2014-02-02 23:54:08,780,444657315964,0,0,0,3,1,Passive,1,Passive,0.000720848,0.0413016,-0.00315488,-0.180761,0.00129604,0.0742576,0.204129,-0.408862,0.824962,0.332567,7,0,4,3,1,0,0,0,0,26012,35.9649,1,0,0,0,0,0,6,1,0,0,0,4,1,0.0410394,0.0322478,0.0174603,2.37778,1.45413,0.262175,0.278953,7,0,0,0,0,0,0,0
2014-02-02 23:55:13,806,444657380990,0,0,0,3,1,Passive,1,Passive,0.00248204,0.142211,-0.0022238,-0.127415,0.00275462,0.157828,0.261305,-0.394677,0.852613,0.221361,7,0,4,3,1,0,0,0,0,26044,39.5781,1,0,0,0,0,0,6,1,0,0,0,4,1,0.0357192,0.0389265,0.0160857,2.71038,1.40522,0.0348232,0.717918,7,0,0,0,0,0,0,0
2014-02-02 23:56:18,938,444657446122,0,0,0,3,1,Passive,1,Passive,0.00366383,0.209922,-0.00163309,-0.0935693,0.00352262,0.201831,0.286933,-0.337863,0.89336,0.0736616,7,0,4,3,1,0,0,0,0,26077,43.8053,1,0,0,0,0,0,6,1,0,0,0,4,1,0.0280875,0.0441697,0.0164636,3.00769,1.25698,0.379597,1.44882,7,0,0,0,0,0,0,0
2014-02-02 23:57:23,965,444657511149,0,0,0,3,1,Passive,1,Passive,0.00417701,0.239325,-0.0011993,-0.0687151,0.00399492,0.228892,0.27787,-0.258434,0.921513,-0.0825434,7,0,4,3,1,0,0,0,0,26109,48.2033,1,0,0,0,0,0,6,1,0,0,0,4,1,0.0194426,0.041682,0.0221275,2.3549,0.743394,0.682033,1.77472,7,0,0,0,0,0,0,0
2014-02-02 23:58:28,974,444657576158,0,0,0,3,1,Passive,1,Passive,0.0038563,0.22095,-0.00123729,-0.0708916,0.00403305,0.231077,0.265273,-0.160658,0.917602,-0.248648,7,0,4,3,1,0,0,0,0,26142,52.9205,1,0,0,0,0,0,6,1,0,0,0,4,1,0.0150219,0.0352286,0.0304696,1.62134,0.355365,0.91761,1.8647,7,0,0,0,0,0,0,0
2014-02-02 23:59:33,985,444657641169,0,0,0,3,1,Passive,1,Passive,0.00135158,0.07744,0.00149212,0.0854923,-0.00172264,-0.0986998,-0.00879719,-0.114114,0.99215,0.0503921,7,4,4,2,3,0,0,0,0,26174,57.6146,1,1,0,0,0,0,6,1,1,0,0,4,1,0.0129986,0.0140115,0.0139485,0.0601756,0.0470455,0.0231593,0.0665795,7,0,0,0,0,0,0,0
