'Date (YYYY-MM-DD HH:MM:SS),'Date Millisecond Offset,'Date (J2000 mseconds),'EulerAngleErrors Data[0],'EulerAngleErrors Data[1],'EulerAngleErrors Data[2],'EulerAngleErrors Length,'Mode In,'Mode In,'Mode Out,'Mode Out,'StateVector Data[0],'StateVector Data[1],'StateVector Data[2],'StateVector Data[3],'StateVector Data[4],'StateVector Data[5],'StateVector Data[6],'StateVector Length,'Chosen FSS,'Current FFS Data[0],'Current FFS Data[1],'Current FFS Data[2],'Current FFS Data[3],'Current FFS Data[4],'Current FFS Data[5],'Current FFS Data[6],'Cycle Counter,'Gamma,'Useable FSS Data[0],'Useable FSS Data[1],'Useable FSS Data[2],'Useable FSS Data[3],'Useable FSS Data[4],'Useable FSS Data[5],'Useable_FSS Length,'Active Sensors Data[0],'Active Sensors Data[1],'Active Sensors Data[2],'Active Sensors Data[3],'Active Sensors Length,'Hold Transition,'StatePkp1p Data[0],'StatePkp1p Data[1],'StatePkp1p Data[2],'StatePkp1p Data[3],'StatePkp1p Data[4],'StatePkp1p Data[5],'StatePkp1p Data[6],'StatePkp1p Length
2014-01-25 08:40:34,400,443911301584,0,0,0,0,0,Safe,0,Safe,0,0,0,0,0,0,0,0,0,0,0,0,0,0,0,0,0,0,0,0,0,0,0,0,0,0,0,0,0,0,0,0,0,0,0,0,0,0,0
2014-01-25 08:41:39,406,443911366590,0,0,0,0,0,Safe,0,Safe,0,0,0,0,0,0,0,0,0,0,0,0,0,0,0,0,0,0,0,0,0,0,0,0,0,0,0,0,0,0,0,0,0,0,0,0,0,0,0
2014-01-25 08:42:44,412,443911431596,0,0,0,0,0,Safe,0,Safe,0,0,0,0,0,0,0,0,0,0,0,0,0,0,0,0,0,0,0,0,0,0,0,0,0,0,0,0,0,0,0,0,0,0,0,0,0,0,0
2014-01-25 08:43:49,427,443911496611,0,0,0,0,0,Safe,0,Safe,0,0,0,0,0,0,0,0,0,0,0,0,0,0,0,0,0,0,0,0,0,0,0,0,0,0,0,0,0,0,0,0,0,0,0,0,0,0,0
2014-01-25 08:44:49,675,443911556859,0,0,0,3,1,Passive,0,Safe,0,0,0,0,0,0,1,7,0,0,0,0,0,0,0,0,0,0,0,0,0,0,0,0,6,0,0,0,0,4,0,0,0,0,0,0,0,0,7
2014-01-25 08:45:49,820,443911617004,0,0,0,3,1,Passive,0,Safe,0,0,0,0,0,0,1,7,0,0,0,0,0,0,0,0,0,0,0,0,0,0,0,0,6,0,0,0,0,4,0,0,0,0,0,0,0,0,7
2014-01-25 08:46:49,962,443911677146,0,0,0,3,1,Passive,0,Safe,0,0,0,0,0,0,1,7,0,0,0,0,0,0,0,0,0,0,0,0,0,0,0,0,6,0,0,0,0,4,0,0,0,0,0,0,0,0,7
2014-01-25 08:47:50,96,443911737280,0,0,0,3,1,Passive,0,Safe,0,0,0,0,0,0,1,7,0,0,0,0,0,0,0,0,0,0,0,0,0,0,0,0,6,0,0,0,0,4,0,0,0,0,0,0,0,0,7
2014-01-25 08:48:50,341,443911797525,0,0,0,3,1,Passive,0,Safe,0,0,0,0,0,0,1,7,0,0,0,0,0,0,0,0,0,0,0,0,0,0,0,0,6,0,0,0,0,4,0,0,0,0,0,0,0,0,7
2014-01-25 08:49:50,529,443911857713,0,0,0,3,1,Passive,0,Safe,0,0,0,0,0,0,1,7,0,0,0,0,0,0,0,0,0,0,0,0,0,0,0,0,6,0,0,0,0,4,0,0,0,0,0,0,0,0,7
2014-01-25 08:50:50,675,443911917859,0,0,0,3,1,Passive,0,Safe,0,0,0,0,0,0,1,7,0,0,0,0,0,0,0,0,0,0,0,0,0,0,0,0,6,0,0,0,0,4,0,0,0,0,0,0,0,0,7
2014-01-25 08:51:50,824,443911978008,0,0,0,3,1,Passive,0,Safe,0,0,0,0,0,0,1,7,0,0,0,0,0,0,0,0,0,0,0,0,0,0,0,0,6,0,0,0,0,4,0,0,0,0,0,0,0,0,7
2014-01-25 08:52:50,974,443912038158,0,0,0,3,1,Passive,0,Safe,0,0,0,0,0,0,1,7,0,0,0,0,0,0,0,0,0,0,0,0,0,0,0,0,6,0,0,0,0,4,0,0,0,0,0,0,0,0,7
2014-01-25 08:53:51,113,443912098297,0,0,0,3,1,Passive,0,Safe,0,0,0,0,0,0,1,7,0,0,0,0,0,0,0,0,0,0,0,0,0,0,0,0,6,0,0,0,0,4,0,0,0,0,0,0,0,0,7
2014-01-25 08:54:51,280,443912158464,0,0,0,3,1,Passive,0,Safe,0,0,0,0,0,0,1,7,0,0,0,0,0,0,0,0,0,0,0,0,0,0,0,0,6,0,0,0,0,4,0,0,0,0,0,0,0,0,7
2014-01-25 08:55:51,423,443912218607,0,0,0,3,1,Passive,0,Safe,0,0,0,0,0,0,1,7,0,0,0,0,0,0,0,0,0,0,0,0,0,0,0,0,6,0,0,0,0,4,0,0,0,0,0,0,0,0,7
2014-01-25 08:56:51,600,443912278784,0,0,0,3,1,Passive,0,Safe,0,0,0,0,0,0,1,7,0,0,0,0,0,0,0,0,0,0,0,0,0,0,0,0,6,0,0,0,0,4,0,0,0,0,0,0,0,0,7
2014-01-25 08:57:51,852,443912339036,0,0,0,3,1,Passive,0,Safe,0,0,0,0,0,0,1,7,0,0,0,0,0,0,0,0,0,0,0,0,0,0,0,0,6,0,0,0,0,4,0,0,0,0,0,0,0,0,7
2014-01-25 08:58:51,981,443912399165,0,0,0,3,1,Passive,0,Safe,0,0,0,0,0,0,1,7,0,0,0,0,0,0,0,0,0,0,0,0,0,0,0,0,6,0,0,0,0,4,0,0,0,0,0,0,0,0,7
2014-01-25 08:59:52,124,443912459308,0,0,0,3,1,Passive,0,Safe,0,0,0,0,0,0,1,7,0,0,0,0,0,0,0,0,0,0,0,0,0,0,0,0,6,0,0,0,0,4,0,0,0,0,0,0,0,0,7
2014-01-25 09:00:52,261,443912519445,0,0,0,3,1,Passive,0,Safe,0,0,0,0,0,0,1,7,0,0,0,0,0,0,0,0,0,0,0,0,0,0,0,0,6,0,0,0,0,4,0,0,0,0,0,0,0,0,7
2014-01-25 09:01:52,382,443912579566,0,0,0,3,1,Passive,0,Safe,0,0,0,0,0,0,1,7,0,0,0,0,0,0,0,0,0,0,0,0,0,0,0,0,6,0,0,0,0,4,0,0,0,0,0,0,0,0,7
2014-01-25 09:02:52,617,443912639801,0,0,0,3,1,Passive,0,Safe,0,0,0,0,0,0,1,7,0,0,0,0,0,0,0,0,0,0,0,0,0,0,0,0,6,0,0,0,0,4,0,0,0,0,0,0,0,0,7
2014-01-25 09:03:52,750,443912699934,0,0,0,3,1,Passive,0,Safe,0,0,0,0,0,0,1,7,0,0,0,0,0,0,0,0,0,0,0,0,0,0,0,0,6,0,0,0,0,4,0,0,0,0,0,0,0,0,7
2014-01-25 09:04:52,810,443912759994,0,0,0,3,1,Passive,0,Safe,0,0,0,0,0,0,1,7,0,0,0,0,0,0,0,0,0,0,0,0,0,0,0,0,6,0,0,0,0,4,0,0,0,0,0,0,0,0,7
2014-01-25 09:05:52,925,443912820109,0,0,0,3,1,Passive,0,Safe,0,0,0,0,0,0,1,7,0,0,0,0,0,0,0,0,0,0,0,0,0,0,0,0,6,0,0,0,0,4,0,0,0,0,0,0,0,0,7
2014-01-25 09:06:53,136,443912880320,0,0,0,3,1,Passive,0,Safe,0,0,0,0,0,0,1,7,0,0,0,0,0,0,0,0,0,0,0,0,0,0,0,0,6,0,0,0,0,4,0,0,0,0,0,0,0,0,7
2014-01-25 09:07:53,224,443912940408,0,0,0,3,1,Passive,0,Safe,0,0,0,0,0,0,1,7,0,0,0,0,0,0,0,0,0,0,0,0,0,0,0,0,6,0,0,0,0,4,0,0,0,0,0,0,0,0,7
2014-01-25 09:08:53,423,443913000607,0,0,0,3,1,Passive,0,Safe,0,0,0,0,0,0,1,7,0,0,0,0,0,0,0,0,0,0,0,0,0,0,0,0,6,0,0,0,0,4,0,0,0,0,0,0,0,0,7
2014-01-25 09:09:53,537,443913060721,0,0,0,3,1,Passive,0,Safe,0,0,0,0,0,0,1,7,0,0,0,0,0,0,0,0,0,0,0,0,0,0,0,0,6,0,0,0,0,4,0,0,0,0,0,0,0,0,7
2014-01-25 09:10:53,766,443913120950,0,0,0,3,1,Passive,0,Safe,0,0,0,0,0,0,1,7,0,0,0,0,0,0,0,0,0,0,0,0,0,0,0,0,6,0,0,0,0,4,0,0,0,0,0,0,0,0,7
2014-01-25 09:11:53,892,443913181076,0,0,0,3,1,Passive,0,Safe,0,0,0,0,0,0,1,7,0,0,0,0,0,0,0,0,0,0,0,0,0,0,0,0,6,0,0,0,0,4,0,0,0,0,0,0,0,0,7
2014-01-25 09:12:54,10,443913241194,0,0,0,3,1,Passive,0,Safe,0,0,0,0,0,0,1,7,0,0,0,0,0,0,0,0,0,0,0,0,0,0,0,0,6,0,0,0,0,4,0,0,0,0,0,0,0,0,7
2014-01-25 09:13:54,153,443913301337,0,0,0,3,1,Passive,0,Safe,0,0,0,0,0,0,1,7,0,0,0,0,0,0,0,0,0,0,0,0,0,0,0,0,6,0,0,0,0,4,0,0,0,0,0,0,0,0,7
2014-01-25 09:14:54,353,443913361537,0,0,0,3,1,Passive,0,Safe,0,0,0,0,0,0,1,7,0,0,0,0,0,0,0,0,0,0,0,0,0,0,0,0,6,0,0,0,0,4,0,0,0,0,0,0,0,0,7
2014-01-25 09:15:54,486,443913421670,0,0,0,3,1,Passive,0,Safe,0,0,0,0,0,0,1,7,0,0,0,0,0,0,0,0,0,0,0,0,0,0,0,0,6,0,0,0,0,4,0,0,0,0,0,0,0,0,7
2014-01-25 09:16:54,680,443913481864,0,0,0,3,1,Passive,0,Safe,0,0,0,0,0,0,1,7,0,0,0,0,0,0,0,0,0,0,0,0,0,0,0,0,6,0,0,0,0,4,0,0,0,0,0,0,0,0,7
2014-01-25 09:17:54,916,443913542100,0,0,0,3,1,Passive,0,Safe,0,0,0,0,0,0,1,7,0,0,0,0,0,0,0,0,0,0,0,0,0,0,0,0,6,0,0,0,0,4,0,0,0,0,0,0,0,0,7
2014-01-25 09:18:55,160,443913602344,0,0,0,3,1,Passive,0,Safe,0,0,0,0,0,0,1,7,0,0,0,0,0,0,0,0,0,0,0,0,0,0,0,0,6,0,0,0,0,4,0,0,0,0,0,0,0,0,7
2014-01-25 09:19:55,383,443913662567,0,0,0,3,1,Passive,0,Safe,0,0,0,0,0,0,1,7,0,0,0,0,0,0,0,0,0,0,0,0,0,0,0,0,6,0,0,0,0,4,0,0,0,0,0,0,0,0,7
2014-01-25 09:20:55,506,443913722690,0,0,0,3,1,Passive,0,Safe,0,0,0,0,0,0,1,7,0,0,0,0,0,0,0,0,0,0,0,0,0,0,0,0,6,0,0,0,0,4,0,0,0,0,0,0,0,0,7
2014-01-25 09:21:55,678,443913782862,0,0,0,3,1,Passive,0,Safe,0,0,0,0,0,0,1,7,0,0,0,0,0,0,0,0,0,0,0,0,0,0,0,0,6,0,0,0,0,4,0,0,0,0,0,0,0,0,7
2014-01-25 09:22:55,778,443913842962,0,0,0,3,1,Passive,0,Safe,0,0,0,0,0,0,1,7,0,0,0,0,0,0,0,0,0,0,0,0,0,0,0,0,6,0,0,0,0,4,0,0,0,0,0,0,0,0,7
2014-01-25 09:23:55,970,443913903154,0,0,0,3,1,Passive,0,Safe,0,0,0,0,0,0,1,7,0,0,0,0,0,0,0,0,0,0,0,0,0,0,0,0,6,0,0,0,0,4,0,0,0,0,0,0,0,0,7
2014-01-25 09:24:56,143,443913963327,0,0,0,3,1,Passive,0,Safe,0,0,0,0,0,0,1,7,0,0,0,0,0,0,0,0,0,0,0,0,0,0,0,0,6,0,0,0,0,4,0,0,0,0,0,0,0,0,7
2014-01-25 09:25:56,263,443914023447,0,0,0,3,1,Passive,0,Safe,0,0,0,0,0,0,1,7,0,0,0,0,0,0,0,0,0,0,0,0,0,0,0,0,6,0,0,0,0,4,0,0,0,0,0,0,0,0,7
2014-01-25 09:26:56,418,443914083602,0,0,0,3,1,Passive,0,Safe,0,0,0,0,0,0,1,7,0,0,0,0,0,0,0,0,0,0,0,0,0,0,0,0,6,0,0,0,0,4,0,0,0,0,0,0,0,0,7
2014-01-25 09:27:56,472,443914143656,0,0,0,3,1,Passive,0,Safe,0,0,0,0,0,0,1,7,0,0,0,0,0,0,0,0,0,0,0,0,0,0,0,0,6,0,0,0,0,4,0,0,0,0,0,0,0,0,7
2014-01-25 09:28:56,628,443914203812,0,0,0,3,1,Passive,0,Safe,0,0,0,0,0,0,1,7,0,0,0,0,0,0,0,0,0,0,0,0,0,0,0,0,6,0,0,0,0,4,0,0,0,0,0,0,0,0,7
2014-01-25 09:29:56,730,443914263914,0,0,0,3,1,Passive,0,Safe,0,0,0,0,0,0,1,7,0,0,0,0,0,0,0,0,0,0,0,0,0,0,0,0,6,0,0,0,0,4,0,0,0,0,0,0,0,0,7
2014-01-25 09:30:56,857,443914324041,0,0,0,3,1,Passive,0,Safe,0,0,0,0,0,0,1,7,0,0,0,0,0,0,0,0,0,0,0,0,0,0,0,0,6,0,0,0,0,4,0,0,0,0,0,0,0,0,7
2014-01-25 09:31:57,28,443914384212,0,0,0,3,1,Passive,0,Safe,0,0,0,0,0,0,1,7,0,0,0,0,0,0,0,0,0,0,0,0,0,0,0,0,6,0,0,0,0,4,0,0,0,0,0,0,0,0,7
2014-01-25 09:32:57,127,443914444311,0,0,0,3,1,Passive,0,Safe,0,0,0,0,0,0,1,7,0,0,0,0,0,0,0,0,0,0,0,0,0,0,0,0,6,0,0,0,0,4,0,0,0,0,0,0,0,0,7
2014-01-25 09:33:57,215,443914504399,0,0,0,3,1,Passive,0,Safe,0,0,0,0,0,0,1,7,0,0,0,0,0,0,0,0,0,0,0,0,0,0,0,0,6,0,0,0,0,4,0,0,0,0,0,0,0,0,7
2014-01-25 09:34:57,351,443914564535,0,0,0,3,1,Passive,0,Safe,0,0,0,0,0,0,1,7,0,0,0,0,0,0,0,0,0,0,0,0,0,0,0,0,6,0,0,0,0,4,0,0,0,0,0,0,0,0,7
2014-01-25 09:35:57,467,443914624651,0,0,0,3,1,Passive,0,Safe,0,0,0,0,0,0,1,7,0,0,0,0,0,0,0,0,0,0,0,0,0,0,0,0,6,0,0,0,0,4,0,0,0,0,0,0,0,0,7
2014-01-25 09:36:57,605,443914684789,0,0,0,3,1,Passive,0,Safe,0,0,0,0,0,0,1,7,0,0,0,0,0,0,0,0,0,0,0,0,0,0,0,0,6,0,0,0,0,4,0,0,0,0,0,0,0,0,7
2014-01-25 09:37:57,738,443914744922,0,0,0,3,1,Passive,0,Safe,0,0,0,0,0,0,1,7,0,0,0,0,0,0,0,0,0,0,0,0,0,0,0,0,6,0,0,0,0,4,0,0,0,0,0,0,0,0,7
2014-01-25 09:38:57,897,443914805081,0,0,0,3,1,Passive,0,Safe,0,0,0,0,0,0,1,7,0,0,0,0,0,0,0,0,0,0,0,0,0,0,0,0,6,0,0,0,0,4,0,0,0,0,0,0,0,0,7
2014-01-25 09:39:58,86,443914865270,0,0,0,3,1,Passive,0,Safe,0,0,0,0,0,0,1,7,0,0,0,0,0,0,0,0,0,0,0,0,0,0,0,0,6,0,0,0,0,4,0,0,0,0,0,0,0,0,7
2014-01-25 09:40:58,306,443914925490,0,0,0,3,1,Passive,0,Safe,0,0,0,0,0,0,1,7,0,0,0,0,0,0,0,0,0,0,0,0,0,0,0,0,6,0,0,0,0,4,0,0,0,0,0,0,0,0,7
2014-01-25 09:41:58,376,443914985560,0,0,0,3,1,Passive,0,Safe,0,0,0,0,0,0,1,7,0,0,0,0,0,0,0,0,0,0,0,0,0,0,0,0,6,0,0,0,0,4,0,0,0,0,0,0,0,0,7
2014-01-25 09:42:58,527,443915045711,0,0,0,3,1,Passive,0,Safe,0,0,0,0,0,0,1,7,0,0,0,0,0,0,0,0,0,0,0,0,0,0,0,0,6,0,0,0,0,4,0,0,0,0,0,0,0,0,7
2014-01-25 09:43:58,751,443915105935,0,0,0,3,1,Passive,0,Safe,0,0,0,0,0,0,1,7,0,0,0,0,0,0,0,0,0,0,0,0,0,0,0,0,6,0,0,0,0,4,0,0,0,0,0,0,0,0,7
2014-01-25 09:44:58,946,443915166130,0,0,0,3,1,Passive,0,Safe,0,0,0,0,0,0,1,7,0,0,0,0,0,0,0,0,0,0,0,0,0,0,0,0,6,0,0,0,0,4,0,0,0,0,0,0,0,0,7
2014-01-25 09:45:59,40,443915226224,0,0,0,3,1,Passive,0,Safe,0,0,0,0,0,0,1,7,0,0,0,0,0,0,0,0,0,0,0,0,0,0,0,0,6,0,0,0,0,4,0,0,0,0,0,0,0,0,7
2014-01-25 09:46:59,214,443915286398,0,0,0,3,1,Passive,0,Safe,0,0,0,0,0,0,1,7,0,0,0,0,0,0,0,0,0,0,0,0,0,0,0,0,6,0,0,0,0,4,0,0,0,0,0,0,0,0,7
2014-01-25 09:47:59,337,443915346521,0,0,0,3,1,Passive,0,Safe,0,0,0,0,0,0,1,7,0,0,0,0,0,0,0,0,0,0,0,0,0,0,0,0,6,0,0,0,0,4,0,0,0,0,0,0,0,0,7
2014-01-25 09:48:59,513,443915406697,0,0,0,3,1,Passive,0,Safe,0,0,0,0,0,0,1,7,0,0,0,0,0,0,0,0,0,0,0,0,0,0,0,0,6,0,0,0,0,4,0,0,0,0,0,0,0,0,7
2014-01-25 09:49:59,608,443915466792,0,0,0,3,1,Passive,0,Safe,0,0,0,0,0,0,1,7,0,0,0,0,0,0,0,0,0,0,0,0,0,0,0,0,6,0,0,0,0,4,0,0,0,0,0,0,0,0,7
2014-01-25 09:50:59,775,443915526959,0,0,0,3,1,Passive,0,Safe,0,0,0,0,0,0,1,7,0,0,0,0,0,0,0,0,0,0,0,0,0,0,0,0,6,0,0,0,0,4,0,0,0,0,0,0,0,0,7
2014-01-25 09:51:59,895,443915587079,0,0,0,3,1,Passive,0,Safe,0,0,0,0,0,0,1,7,0,0,0,0,0,0,0,0,0,0,0,0,0,0,0,0,6,0,0,0,0,4,0,0,0,0,0,0,0,0,7
2014-01-25 09:53:00,135,443915647319,0,0,0,3,1,Passive,0,Safe,0,0,0,0,0,0,1,7,0,0,0,0,0,0,0,0,0,0,0,0,0,0,0,0,6,0,0,0,0,4,0,0,0,0,0,0,0,0,7
2014-01-25 09:54:00,222,443915707406,0,0,0,3,1,Passive,0,Safe,0,0,0,0,0,0,1,7,0,0,0,0,0,0,0,0,0,0,0,0,0,0,0,0,6,0,0,0,0,4,0,0,0,0,0,0,0,0,7
2014-01-25 09:55:00,456,443915767640,0,0,0,3,1,Passive,0,Safe,0,0,0,0,0,0,1,7,0,0,0,0,0,0,0,0,0,0,0,0,0,0,0,0,6,0,0,0,0,4,0,0,0,0,0,0,0,0,7
2014-01-25 09:56:00,590,443915827774,0,0,0,3,1,Passive,0,Safe,0,0,0,0,0,0,1,7,0,0,0,0,0,0,0,0,0,0,0,0,0,0,0,0,6,0,0,0,0,4,0,0,0,0,0,0,0,0,7
2014-01-25 09:57:00,729,443915887913,0,0,0,3,1,Passive,0,Safe,0,0,0,0,0,0,1,7,0,0,0,0,0,0,0,0,0,0,0,0,0,0,0,0,6,0,0,0,0,4,0,0,0,0,0,0,0,0,7
2014-01-25 09:58:00,895,443915948079,0,0,0,3,1,Passive,0,Safe,0,0,0,0,0,0,1,7,0,0,0,0,0,0,0,0,0,0,0,0,0,0,0,0,6,0,0,0,0,4,0,0,0,0,0,0,0,0,7
2014-01-25 09:59:01,79,443916008263,0,0,0,3,1,Passive,0,Safe,0,0,0,0,0,0,1,7,0,0,0,0,0,0,0,0,0,0,0,0,0,0,0,0,6,0,0,0,0,4,0,0,0,0,0,0,0,0,7
2014-01-25 10:00:01,253,443916068437,0,0,0,3,1,Passive,0,Safe,0,0,0,0,0,0,1,7,0,0,0,0,0,0,0,0,0,0,0,0,0,0,0,0,6,0,0,0,0,4,0,0,0,0,0,0,0,0,7
2014-01-25 10:01:01,392,443916128576,0,0,0,3,1,Passive,0,Safe,0,0,0,0,0,0,1,7,0,0,0,0,0,0,0,0,0,0,0,0,0,0,0,0,6,0,0,0,0,4,0,0,0,0,0,0,0,0,7
2014-01-25 10:02:01,533,443916188717,0,0,0,3,1,Passive,0,Safe,0,0,0,0,0,0,1,7,0,0,0,0,0,0,0,0,0,0,0,0,0,0,0,0,6,0,0,0,0,4,0,0,0,0,0,0,0,0,7
2014-01-25 10:03:01,659,443916248843,0,0,0,3,1,Passive,0,Safe,0,0,0,0,0,0,1,7,0,0,0,0,0,0,0,0,0,0,0,0,0,0,0,0,6,0,0,0,0,4,0,0,0,0,0,0,0,0,7
2014-01-25 10:04:01,782,443916308966,0,0,0,3,1,Passive,0,Safe,0,0,0,0,0,0,1,7,0,0,0,0,0,0,0,0,0,0,0,0,0,0,0,0,6,0,0,0,0,4,0,0,0,0,0,0,0,0,7
2014-01-25 10:05:01,992,443916369176,0,0,0,3,1,Passive,0,Safe,0,0,0,0,0,0,1,7,0,0,0,0,0,0,0,0,0,0,0,0,0,0,0,0,6,0,0,0,0,4,0,0,0,0,0,0,0,0,7
2014-01-25 10:06:02,127,443916429311,0,0,0,3,1,Passive,0,Safe,0,0,0,0,0,0,1,7,0,0,0,0,0,0,0,0,0,0,0,0,0,0,0,0,6,0,0,0,0,4,0,0,0,0,0,0,0,0,7
2014-01-25 10:07:02,303,443916489487,0,0,0,3,1,Passive,0,Safe,0,0,0,0,0,0,1,7,0,0,0,0,0,0,0,0,0,0,0,0,0,0,0,0,6,0,0,0,0,4,0,0,0,0,0,0,0,0,7
2014-01-25 10:08:02,459,443916549643,0,0,0,3,1,Passive,0,Safe,0,0,0,0,0,0,1,7,0,0,0,0,0,0,0,0,0,0,0,0,0,0,0,0,6,0,0,0,0,4,0,0,0,0,0,0,0,0,7
2014-01-25 10:09:02,576,443916609760,0,0,0,3,1,Passive,0,Safe,0,0,0,0,0,0,1,7,0,0,0,0,0,0,0,0,0,0,0,0,0,0,0,0,6,0,0,0,0,4,0,0,0,0,0,0,0,0,7
2014-01-25 10:10:02,805,443916669989,0,0,0,3,1,Passive,0,Safe,0,0,0,0,0,0,1,7,0,0,0,0,0,0,0,0,0,0,0,0,0,0,0,0,6,0,0,0,0,4,0,0,0,0,0,0,0,0,7
2014-01-25 10:11:02,905,443916730089,0,0,0,3,1,Passive,0,Safe,0,0,0,0,0,0,1,7,0,0,0,0,0,0,0,0,0,0,0,0,0,0,0,0,6,0,0,0,0,4,0,0,0,0,0,0,0,0,7
2014-01-25 10:12:07,924,443916795108,0,0,0,0,0,Safe,0,Safe,0,0,0,0,0,0,0,0,0,0,0,0,0,0,0,0,0,0,0,0,0,0,0,0,0,0,0,0,0,0,0,0,0,0,0,0,0,0,0
2014-01-25 10:13:08,83,443916855267,0,0,0,3,0,Safe,0,Safe,0,0,0,0,0,0,1,7,0,0,0,0,0,0,0,0,0,0,0,0,0,0,0,0,6,0,0,0,0,4,0,0,0,0,0,0,0,0,7
2014-01-25 10:14:08,261,443916915445,0,0,0,3,0,Safe,0,Safe,0,0,0,0,0,0,1,7,0,0,0,0,0,0,0,0,0,0,0,0,0,0,0,0,6,0,0,0,0,4,0,0,0,0,0,0,0,0,7
2014-01-25 10:15:08,420,443916975604,0,0,0,3,0,Safe,0,Safe,0,0,0,0,0,0,1,7,0,1,2,4,0,0,0,0,23,0,0,0,0,0,0,0,6,0,0,0,0,4,0,0,0,0,0,0,0,0,7
2014-01-25 10:16:13,429,443917040613,0,0,0,0,0,Safe,0,Safe,0,0,0,0,0,0,0,0,0,0,0,0,0,0,0,0,0,0,0,0,0,0,0,0,0,0,0,0,0,0,0,0,0,0,0,0,0,0,0
2014-01-25 10:17:18,447,443917105631,0,0,0,0,0,Safe,0,Safe,0,0,0,0,0,0,0,0,0,0,0,0,0,0,0,0,0,0,0,0,0,0,0,0,0,0,0,0,0,0,0,0,0,0,0,0,0,0,0
2014-01-25 10:18:23,458,443917170642,0,0,0,0,0,Safe,0,Safe,0,0,0,0,0,0,0,0,0,0,0,0,0,0,0,0,0,0,0,0,0,0,0,0,0,0,0,0,0,0,0,0,0,0,0,0,0,0,0
2014-01-25 10:19:23,568,443917230752,0,0,0,3,0,Safe,0,Safe,0,0,0,0,0,0,1,7,0,6,4,0,0,0,0,0,6,0,0,0,0,0,0,0,6,0,0,0,0,4,0,0,0,0,0,0,0,0,7
2014-01-25 10:20:23,774,443917290958,0,0,0,3,0,Safe,0,Safe,0,0,0,0,0,0,1,7,0,5,6,0,0,0,0,0,36,0,0,0,0,0,0,0,6,0,0,0,0,4,0,0,0,0,0,0,0,0,7
2014-01-25 10:21:24,100,443917351284,0,0,0,3,1,Passive,1,Passive,-0.0122753,0.0195739,0.00502109,-0.799747,-0.23803,-0.471488,0.285387,7,5,5,1,2,0,0,0,0,66,63.6459,1,0,0,0,0,0,6,1,1,0,0,4,0,0.0150255,0.0178026,0.0109095,0.0386781,0.0406057,0.0654629,0.0477122,7
2014-01-25 10:22:24,306,443917411490,0,0,0,3,9,Three Axis PID,1,Passive,-0.0705377,0.0505104,0.00801452,0.829724,0.462112,-0.0108039,-0.31288,7,2,2,1,3,0,0,0,0,96,66.3776,1,0,0,0,0,0,6,1,1,0,0,4,0,0.0147851,0.0130869,0.0132657,0.0320455,0.0383348,0.0623966,0.0533293,7
2014-01-25 10:23:24,463,443917471647,0,0,0,3,9,Three Axis PID,1,Passive,-0.0676828,0.0542103,0.0108371,-0.630586,-0.373569,0.59515,0.329552,7,3,3,6,5,0,0,0,0,126,69.5052,1,0,0,0,0,0,6,1,1,0,0,4,0,0.0137413,0.0139414,0.0134465,0.0539472,0.0406633,0.0494921,0.0453369,7
2014-01-25 10:24:24,560,443917531744,0,0,0,3,9,Three Axis PID,1,Passive,-0.0673053,0.054441,-0.00898658,0.297764,-0.0592115,-0.85725,-0.415877,7,3,6,3,4,0,0,0,0,154,73.0183,1,1,0,0,0,0,6,1,1,0,0,4,0,0.0136823,0.0138583,0.0134247,0.0638091,0.0457297,0.031963,0.039298,7
2014-01-25 10:25:24,723,443917591907,0,0,0,3,9,Three Axis PID,1,Passive,-0.074839,0.0338117,-0.0168576,0.0604198,0.5374,0.694533,0.474525,7,6,6,5,4,0,0,0,0,184,76.8992,1,0,0,0,0,0,6,1,1,0,0,4,0,0.0139655,0.012998,0.0139131,0.0582883,0.04259,0.0337431,0.0454616,7
2014-01-25 10:26:24,850,443917652034,0,0,0,3,9,Three Axis PID,1,Passive,-0.081064,0.0199684,-0.0131106,-0.335007,-0.806995,-0.197774,-0.444314,7,5,5,4,3,0,0,0,0,214,81.1169,1,0,0,0,0,0,6,1,1,0,0,4,0,0.0136729,0.0136725,0.0136108,0.0469863,0.0337497,0.0446066,0.0532685,7
2014-01-25 10:27:25,35,443917712219,0,0,0,3,9,Three Axis PID,1,Passive,-0.0829337,0.0124466,-0.0175965,0.492084,0.716032,-0.415465,0.269331,7,2,2,5,4,0,0,0,0,244,85.6177,1,0,0,0,0,0,6,1,1,0,0,4,0,0.0130912,0.0136195,0.0142405,0.0409393,0.0341658,0.0441046,0.0571386,7
2014-01-25 10:28:26,127,443917773311,28.5582,74.8716,0.907762,3,9,Three Axis PID,9,Three Axis PID,0.0682722,0.194973,-0.0991315,-0.570104,-0.245695,0.674251,-0.4,7,2,1,2,4,0,0,0,0,275,90.4713,1,1,0,0,0,0,6,1,1,0,0,4,0,0.0124433,0.0134614,0.0149322,0.0429528,0.0418182,0.0418105,0.0532865,7
2014-01-25 10:29:26,272,443917833456,-88.9936,13.1863,46.6187,3,9,Three Axis PID,9,Three Axis PID,-0.0761015,-0.0792539,0.00153278,0.593539,-0.373042,0.231716,-0.674432,7,1,1,4,5,0,0,0,0,305,95.2225,1,0,0,0,0,0,6,1,1,0,0,4,0,0.0136956,0.0132244,0.0138288,0.0439415,0.0560894,0.0420392,0.0349285,7
2014-01-25 10:30:26,411,443917893595,-8.03223,19.4446,19.7466,3,9,Three Axis PID,9,Three Axis PID,0.0266275,-0.0884436,-0.143055,-0.0519918,-0.174472,0.607906,-0.772856,7,1,1,4,6,0,0,0,0,335,99.8273,1,0,0,0,0,0,6,1,1,0,0,4,0,0.0140877,0.0127909,0.0140799,0.0475302,0.0456471,0.0454559,0.0406335,7
2014-01-25 10:31:26,497,443917953681,-0.302915,0.123571,0.873137,3,9,Three Axis PID,9,Three Axis PID,-6.99597e-005,-0.00110141,-0.00656738,0.000952712,-0.00269126,0.746789,-0.665055,7,1,1,2,4,0,0,0,0,365,104.033,1,1,0,0,0,0,6,1,1,0,0,4,0,0.013641,0.0129357,0.0143,0.0472354,0.0441532,0.0426308,0.0478921,7
2014-01-25 10:32:26,662,443918013846,0.329635,0.0474843,1.87817,3,9,Three Axis PID,9,Three Axis PID,-0.00089526,-8.94368e-005,-0.0090546,-0.0022389,0.00185308,0.74093,-0.671576,7,1,1,2,4,0,0,0,0,395,107.56,1,1,0,0,0,0,6,1,1,0,0,4,0,0.0132737,0.0129754,0.0146562,0.047143,0.0421133,0.0455967,0.0489796,7
2014-01-25 10:33:26,841,443918074025,-0.0982409,-0.409929,-1.48622,3,9,Three Axis PID,9,Three Axis PID,0.000838095,0.00258028,0.00963332,0.00327677,0.00167176,0.760325,-0.649533,7,2,1,2,4,0,0,0,0,425,110.149,1,1,0,0,0,0,6,1,1,0,0,4,0,0.0130598,0.0130364,0.0147816,0.0474971,0.0418686,0.046338,0.050432,7
2014-01-25 10:34:26,945,443918134129,0.210377,-0.0518087,0.00584716,3,9,Three Axis PID,9,Three Axis PID,-0.00131878,0.000303441,0.000115539,-0.00087065,0.00167835,0.751804,-0.659384,7,2,2,1,4,0,0,0,0,455,111.63,1,1,0,0,0,0,6,1,1,0,0,4,0,0.013055,0.0131603,0.0147353,0.0478008,0.0433421,0.0455498,0.050872,7
2014-01-25 10:35:27,258,443918194442,0.157027,-0.134024,0.121421,3,9,Three Axis PID,9,Three Axis PID,-0.00118759,0.000762557,-0.000763506,-2.60852e-005,0.00180139,0.751139,-0.660142,7,2,2,1,4,0,0,0,0,485,111.959,1,0,0,0,0,0,6,1,1,0,0,4,0,0.0131306,0.0134229,0.0144741,0.0479718,0.0464132,0.0441436,0.0493338,7
2014-01-25 10:36:28,307,443918255491,0.172342,-0.105213,0.256265,3,9,Three Axis PID,9,Three Axis PID,-0.0013625,0.000350535,-0.0013706,-0.000305212,0.00173545,0.750361,-0.661026,7,2,2,1,4,0,0,0,0,516,111.181,1,0,0,0,0,0,6,1,1,0,0,4,0,0.0132989,0.013715,0.0140519,0.0481101,0.0503252,0.0419422,0.0467834,7
2014-01-25 10:37:28,546,443918315730,0.0264356,0.929663,0.244392,3,9,Three Axis PID,9,Three Axis PID,-0.000795874,-0.00520773,-0.000940006,-0.00624054,-0.00518899,0.750408,-0.660925,7,2,2,1,4,0,0,0,0,546,109.52,1,0,0,0,0,0,6,1,1,0,0,4,0,0.0135374,0.0139485,0.0135228,0.0481342,0.0540854,0.0393954,0.0438229,7
2014-01-25 10:38:28,672,443918375856,-1.00747,-1.17129,-0.333391,3,9,Three Axis PID,9,Three Axis PID,0.0069028,0.0074867,0.00258083,0.0134812,9.02285e-005,0.753745,-0.657028,7,2,2,4,1,0,0,0,0,576,107.172,1,0,0,0,0,0,6,1,1,0,0,4,0,0.0135998,0.0140228,0.0131395,0.0482249,0.0575221,0.0365204,0.040742,7
2014-01-25 10:39:28,867,443918436051,0.110929,0.302348,0.270896,3,9,Three Axis PID,9,Three Axis PID,-0.000591578,-0.00118366,-0.00160288,-0.00261959,-0.00101806,0.750278,-0.661117,7,2,2,4,1,0,0,0,0,606,104.33,1,0,0,0,0,0,6,1,1,0,0,4,0,0.0137685,0.0139277,0.0129429,0.0482797,0.0600778,0.0345018,0.0381045,7
2014-01-25 10:40:28,957,443918496141,-0.272384,0.0445407,0.288491,3,9,Three Axis PID,9,Three Axis PID,0.0014153,-0.000499348,-0.00159815,0.00128017,-0.00204018,0.750175,-0.661235,7,2,2,4,1,0,0,0,0,636,101.153,1,0,0,0,0,0,6,1,1,0,0,4,0,0.0138165,0.0138162,0.0128837,0.0482162,0.061721,0.0328043,0.0361366,7
2014-01-25 10:41:29,16,443918556200,-0.10999,0.158355,0.14123,3,9,Three Axis PID,9,Three Axis PID,0.00105404,-0.000522297,-0.000999725,-0.00040409,-0.0016333,0.751025,-0.660272,7,2,2,3,4,0,0,0,0,665,97.7643,1,0,0,0,0,0,6,1,1,0,0,4,0,0.0137935,0.0138216,0.0128465,0.0481161,0.0626599,0.0317399,0.0348556,7
2014-01-25 10:42:29,175,443918616359,-0.152252,0.0799541,0.0978764,3,9,Three Axis PID,9,Three Axis PID,0.000406033,-0.000729261,-0.000338128,0.000352705,-0.00145868,0.751275,-0.659988,7,2,2,3,4,0,0,0,0,695,94.259,1,0,0,0,0,0,6,1,1,0,0,4,0,0.0136989,0.013897,0.012847,0.0477208,0.0625908,0.0311842,0.0341224,7
2014-01-25 10:43:30,296,443918677480,-0.0688318,0.125991,0.0707842,3,9,Three Axis PID,9,Three Axis PID,0.000532561,-0.000450418,-0.000471149,-0.000429853,-0.00117681,0.751431,-0.65981,7,2,2,3,6,0,0,0,0,725,90.5789,1,0,0,0,0,0,6,1,1,0,0,4,0,0.0135603,0.0140131,0.0128958,0.0475749,0.0620878,0.0312778,0.0341688,7
2014-01-25 10:44:30,494,443918737678,-0.134057,-0.00408971,0.0609848,3,9,Three Axis PID,9,Three Axis PID,0.000203791,-0.000471047,-0.000153558,0.000798634,-0.000855594,0.751488,-0.659745,7,2,2,3,6,0,0,0,0,755,87.0096,1,0,0,0,0,0,6,1,1,0,0,4,0,0.0134152,0.0141196,0.0129825,0.0475417,0.0611386,0.0317857,0.0347585,7
2014-01-25 10:45:30,661,443918797845,-0.0309061,0.075999,0.0407523,3,9,Three Axis PID,9,Three Axis PID,0.000453525,-8.73784e-005,-0.000242697,-0.000320575,-0.000640179,0.751605,-0.659613,7,2,2,3,6,0,0,0,0,785,83.465,1,0,0,0,0,0,6,1,1,0,0,4,0,0.0132805,0.0142223,0.0131144,0.0476521,0.0599428,0.032638,0.035764,7
2014-01-25 10:46:30,773,443918857957,-0.132305,0.0185449,0.0650225,3,9,Three Axis PID,9,Three Axis PID,0.000322464,-0.000525745,-0.000363467,0.000640146,-0.0009744,0.751465,-0.659772,7,2,3,2,1,0,0,0,0,815,79.9688,0,1,0,0,0,0,6,1,1,0,0,4,0,0.0131431,0.0143154,0.0132504,0.0481523,0.0585759,0.0338338,0.0371118,7
2014-01-25 10:47:30,963,443918918147,0.321399,0.428292,-0.904006,3,9,Three Axis PID,9,Three Axis PID,-0.00144918,-0.0023275,0.00456201,-0.00466196,-0.000318859,0.757017,-0.653379,7,2,2,3,1,0,0,0,0,845,76.5406,1,0,0,0,0,0,6,1,1,0,0,4,0,0.0130628,0.0143604,0.0133979,0.0483293,0.0568449,0.0350411,0.0383208,7
2014-01-25 10:48:31,99,443918978283,-0.196869,-0.0767048,-0.114619,3,9,Three Axis PID,9,Three Axis PID,0.00166197,0.000420404,0.00070887,0.00163517,-0.000851954,0.752498,-0.658592,7,2,3,2,1,0,0,0,0,875,73.1956,0,1,0,0,0,0,6,1,1,0,0,4,0,0.0129769,0.0144349,0.0135152,0.0490163,0.0548598,0.0364109,0.0399265,7
2014-01-25 10:49:32,140,443919039324,0.0572406,0.0936724,0.412096,3,9,Three Axis PID,9,Three Axis PID,0.000116248,0.000570098,-0.00233939,-0.000943349,-0.000166815,0.749464,-0.662045,7,2,1,3,2,0,0,0,0,906,69.8563,0,1,1,0,0,0,6,1,1,0,0,4,0,0.0129637,0.0143604,0.0136361,0.0498716,0.053225,0.0380324,0.0424814,7
2014-01-25 10:50:32,287,443919099471,-0.114127,0.155477,0.0227878,3,9,Three Axis PID,9,Three Axis PID,0.000693238,-0.000761166,-0.000100947,-0.000363095,-0.00164346,0.751707,-0.659495,7,2,1,2,3,0,0,0,0,936,66.7512,0,1,0,0,0,0,6,1,1,0,0,4,0,0.0130091,0.0142535,0.0136138,0.0504787,0.0516434,0.0401466,0.0444625,7
2014-01-25 10:51:32,420,443919159604,-0.132189,0.13687,-0.0459407,3,9,Three Axis PID,9,Three Axis PID,0.000421923,-0.000896733,0.000440977,-0.000138079,-0.00165477,0.752102,-0.659045,7,2,1,2,3,0,0,0,0,966,63.7964,0,1,1,0,0,0,6,1,1,0,0,4,0,0.0130147,0.0142192,0.0136927,0.0513467,0.0496424,0.0419537,0.0465309,7
2014-01-25 10:52:32,573,443919219757,-0.366447,0.430147,-1.41885,3,9,Three Axis PID,9,Three Axis PID,0.00115053,-0.00381061,0.00922425,-0.000774074,-0.00487004,0.759929,-0.649988,7,2,1,2,3,0,0,0,0,996,61.0222,1,1,0,0,0,0,6,1,1,0,0,4,0,0.0130361,0.0142406,0.0137601,0.0524392,0.0478232,0.0430646,0.0486812,7
2014-01-25 10:53:32,701,443919279885,-0.30575,0.418114,-1.96679,3,9,Three Axis PID,9,Three Axis PID,0.0011945,-0.00345033,0.013538,-0.00105959,-0.00439425,0.763031,-0.646346,7,2,1,2,4,0,0,0,0,1026,58.4532,1,1,0,0,0,0,6,1,1,0,0,4,0,0.013015,0.0143235,0.0138286,0.0538717,0.0459379,0.0444245,0.0502142,7
2014-01-25 10:54:32,842,443919340026,-0.160903,0.617523,-2.75249,3,9,Three Axis PID,9,Three Axis PID,0.000102733,-0.00325874,0.0131467,-0.00323556,-0.0045324,0.767442,-0.641094,7,2,2,1,4,0,0,0,0,1056,56.1202,1,1,0,0,0,0,6,1,1,0,0,4,0,0.0130509,0.0144049,0.0138695,0.0554946,0.0444265,0.045225,0.0519435,7
2014-01-25 10:55:32,931,443919400115,-0.20057,-0.23487,0.716198,3,9,Three Axis PID,9,Three Axis PID,-2.57136e-005,-0.00432443,0.0156258,0.00269477,5.2313e-005,0.747704,-0.664027,7,1,1,2,4,0,0,0,0,1086,54.053,1,1,0,0,0,0,6,1,1,0,0,4,0,0.0130619,0.0145552,0.0138772,0.0572092,0.0427545,0.047044,0.0518202,7
2014-01-25 10:56:33,22,443919460206,-0.163479,-0.427487,2.01418,3,9,Three Axis PID,9,Three Axis PID,0.00156311,0.0045195,-0.0136454,0.00372043,0.00145273,0.740133,-0.672449,7,1,2,1,4,0,0,0,0,1116,52.2807,1,1,0,0,0,0,6,1,1,0,0,4,0,0.0131736,0.0146313,0.0138562,0.0585682,0.0416315,0.0475725,0.0523585,7
2014-01-25 10:57:33,167,443919520351,0.100627,0.522662,-2.39888,3,9,Three Axis PID,9,Three Axis PID,-0.00170283,-0.00242194,0.00959845,-0.00405644,-0.00226269,0.765471,-0.643453,7,2,2,1,4,0,0,0,0,1146,50.8356,1,1,0,0,0,0,6,1,1,0,0,4,0,0.0133171,0.0147339,0.013829,0.0598044,0.0411473,0.0463034,0.0537597,7
2014-01-25 10:58:34,275,443919581459,-0.127088,0.166421,-1.49883,3,9,Three Axis PID,9,Three Axis PID,-0.000140886,-0.00312776,0.0118984,-0.000384043,-0.00178652,0.760397,-0.649456,7,2,2,1,4,0,0,0,0,1177,49.714,1,1,0,0,0,0,6,1,1,0,0,4,0,0.0134418,0.0148784,0.0137769,0.0609491,0.0409607,0.0472685,0.0529791,7
2014-01-25 10:59:34,413,443919641597,-0.544908,-0.149545,0.351573,3,9,Three Axis PID,9,Three Axis PID,0.00241944,0.000384605,-0.0015058,0.00412478,-0.00270205,0.749808,-0.661637,7,2,2,1,4,0,0,0,0,1207,49.017,1,1,0,0,0,0,6,1,1,0,0,4,0,0.013567,0.014855,0.0137797,0.0621905,0.0414101,0.0472212,0.0531244,7
2014-01-25 11:00:34,527,443919701711,-1.22437,-0.335948,-0.0445047,3,9,Three Axis PID,9,Three Axis PID,0.00551108,0.00133565,5.6417e-005,0.0092464,-0.00610368,0.75207,-0.65899,7,2,2,1,4,0,0,0,0,1237,48.7268,1,1,0,0,0,0,6,1,1,0,0,4,0,0.0136788,0.014805,0.0139098,0.0623873,0.0419518,0.0469832,0.0530603,7
2014-01-25 11:01:34,679,443919761863,-0.0572441,0.114305,-0.254465,3,9,Three Axis PID,9,Three Axis PID,0.00025405,-0.000298665,0.00123853,-0.000422878,-0.00103234,0.753301,-0.657675,7,2,2,1,4,0,0,0,0,1267,48.862,1,0,0,0,0,0,6,1,1,0,0,4,0,0.0139661,0.013916,0.0145685,0.0642107,0.0445256,0.048245,0.0541229,7
2014-01-25 11:02:34,846,443919822030,-0.0165663,0.026395,-0.257683,3,9,Three Axis PID,9,Three Axis PID,-3.16023e-006,-0.000193114,0.00151866,-7.8444e-005,-0.00026039,0.753321,-0.657654,7,2,2,1,4,0,0,0,0,1296,49.4328,1,0,0,0,0,0,6,1,1,0,0,4,0,0.0143659,0.013543,0.0146057,0.0647529,0.0478227,0.0471708,0.0527025,7
2014-01-25 11:03:34,964,443919882148,0.0474476,0.0212957,-0.18205,3,9,Three Axis PID,9,Three Axis PID,-0.000542831,-0.00020926,0.000944666,-0.000412429,0.000189428,0.752886,-0.65815,7,2,2,1,4,0,0,0,0,1326,50.4379,1,0,0,0,0,0,6,1,1,0,0,4,0,0.0146075,0.0134048,0.0144379,0.0645519,0.0506822,0.0454466,0.0506422,7
2014-01-25 11:04:35,101,443919942285,0.0518407,0.00413658,-0.0867586,3,9,Three Axis PID,9,Three Axis PID,-0.000597183,-0.000581803,0.00101075,-0.000325185,0.000316574,0.752339,-0.658776,7,2,2,4,1,0,0,0,0,1356,51.8671,1,0,0,0,0,0,6,1,1,0,0,4,0,0.0147475,0.013334,0.0142366,0.0638666,0.0530225,0.0434271,0.0483508,7
2014-01-25 11:05:35,254,443920002438,-0.0717727,-0.520168,0.449393,3,9,Three Axis PID,9,Three Axis PID,0.000505716,0.00136681,-0.000556611,0.00381588,0.00253706,0.749242,-0.66228,7,2,2,4,1,0,0,0,0,1385,53.6965,1,0,0,0,0,0,6,1,1,0,0,4,0,0.0148231,0.0132422,0.0140715,0.062718,0.0551766,0.0413727,0.0459593,7
2014-01-25 19:54:34,276,443951741460,0,0,0,3,0,Safe,0,Safe,0,0,0,0,0,0,1,7,0,0,0,0,0,0,0,0,0,0,0,0,0,0,0,0,6,0,0,0,0,4,0,0,0,0,0,0,0,0,7
2014-01-25 19:55:34,375,443951801559,0,0,0,3,0,Safe,0,Safe,0,0,0,0,0,0,1,7,0,4,3,0,0,0,0,0,21,0,0,0,0,0,0,0,6,0,0,0,0,4,0,0,0,0,0,0,0,0,7
2014-01-25 19:56:34,436,443951861620,0,0,0,3,0,Safe,0,Safe,0,0,0,0,0,0,1,7,0,4,3,0,0,0,0,0,51,0,0,0,0,0,0,0,6,0,0,0,0,4,0,0,0,0,0,0,0,0,7
2014-01-25 19:57:35,70,443951922254,0,0,0,3,0,Safe,0,Safe,0,0,0,0,0,0,1,7,0,4,3,0,0,0,0,0,81,0,0,0,0,0,0,0,6,0,0,0,0,4,0,0,0,0,0,0,0,0,7
2014-01-25 19:58:35,266,443951982450,0,0,0,3,1,Passive,1,Passive,0.0314983,0.0697486,0.01985,0.56627,0.330417,-0.634199,0.409822,7,0,4,3,1,0,0,0,0,111,91.9954,0,0,0,0,0,0,6,1,1,0,0,4,0,0.0172757,0.0145557,0.0160177,0.0498188,0.113968,0.0418249,0.0828472,7
2014-01-25 19:59:35,402,443952042586,0,0,0,3,1,Passive,1,Passive,0.0405768,0.0887124,0.0417369,-0.70514,-0.370608,0.490778,-0.352938,7,0,4,3,1,0,0,0,0,141,89.1613,0,0,0,0,0,0,6,1,1,0,0,4,0,0.0144491,0.015497,0.0164026,0.0389282,0.0776196,0.0494402,0.100706,7
2014-01-25 20:00:35,540,443952102724,0,0,0,3,1,Passive,1,Passive,0.0656312,0.0614754,0.0587281,0.468059,-0.0957076,-0.168461,0.862196,7,1,1,6,3,0,0,0,0,170,86.2516,1,0,0,0,0,0,6,1,1,0,0,4,0,0.0133232,0.0140261,0.0141532,0.0446809,0.0507372,0.0487874,0.0317734,7
2014-01-25 20:01:35,743,443952162927,0,0,0,3,1,Passive,1,Passive,0.0809559,0.0471739,0.0492007,-0.41156,0.106528,0.0127807,-0.905045,7,6,6,1,5,0,0,0,0,200,83.314,1,1,0,0,0,0,6,1,1,0,0,4,0,0.0130374,0.0143056,0.01418,0.0476075,0.04902,0.0504015,0.0270073,7
2014-01-25 20:02:35,908,443952223092,0,0,0,3,1,Passive,1,Passive,0.0925575,0.0246998,0.0447532,0.387333,-0.13485,0.15281,0.899132,7,6,6,1,5,0,0,0,0,230,80.3827,1,0,0,0,0,0,6,1,1,0,0,4,0,0.0129294,0.0142701,0.0142806,0.0481254,0.0470487,0.0523387,0.0256709,7
2014-01-25 20:03:37,220,443952284404,0,0,0,3,1,Passive,1,Passive,0.0990364,0.00516654,0.034645,-0.49739,0.125887,-0.30037,-0.804073,7,6,6,5,1,0,0,0,0,261,77.4029,1,0,0,0,0,0,6,1,1,0,0,4,0,0.0129258,0.0140306,0.0144414,0.0459141,0.0467472,0.052494,0.0295411,7
2014-01-25 20:04:37,421,443952344605,0,0,0,3,1,Passive,1,Passive,0.101145,-0.0114244,0.0231365,0.558813,-0.132426,0.343067,0.743301,7,6,6,5,4,0,0,0,0,291,74.603,1,1,0,0,0,0,6,1,1,0,0,4,0,0.0128314,0.0140931,0.01449,0.0433651,0.0480887,0.0525809,0.0317882,7
2014-01-25 20:05:37,576,443952404760,0,0,0,3,1,Passive,1,Passive,0.103191,-0.0254534,0.0102915,-0.646076,0.135672,-0.336493,-0.671529,7,5,5,6,1,0,0,0,0,321,71.918,1,0,0,0,0,0,6,1,1,0,0,4,0,0.0127317,0.014316,0.0143972,0.0399637,0.050596,0.0522635,0.0339589,7
2014-01-25 20:06:37,716,443952464900,0,0,0,3,1,Passive,1,Passive,0.100144,-0.0365686,-0.00171835,0.720766,-0.144539,0.290822,0.612395,7,5,5,6,1,0,0,0,0,351,69.3773,1,0,0,0,0,0,6,1,1,0,0,4,0,0.0127141,0.0146117,0.0142114,0.0362134,0.0534472,0.0519817,0.0359431,7
2014-01-25 20:07:37,814,443952524998,0,0,0,3,1,Passive,1,Passive,0.095372,-0.0447264,-0.0111476,-0.783966,0.155874,-0.216167,-0.56069,7,5,5,1,6,0,0,0,0,381,67.0065,1,0,0,0,0,0,6,1,1,0,0,4,0,0.0127528,0.0149023,0.0139372,0.0326534,0.0563313,0.0514459,0.0380018,7
2014-01-25 20:08:37,945,443952585129,0,0,0,3,1,Passive,1,Passive,0.090839,-0.0497948,-0.0194664,0.831496,-0.169576,0.122795,0.514567,7,5,5,1,4,0,0,0,0,411,64.8272,1,0,0,0,0,0,6,1,1,0,0,4,0,0.0128286,0.0151213,0.013696,0.0297449,0.0587688,0.0504059,0.040394,7
2014-01-25 20:09:39,57,443952646241,0,0,0,3,1,Passive,1,Passive,0.0865871,-0.0557087,-0.0278761,-0.903399,0.197702,0.0500791,-0.377194,7,1,1,5,2,0,0,0,0,442,62.7948,1,0,0,0,0,0,6,1,1,0,0,4,0,0.0129596,0.0152379,0.0135291,0.0256845,0.0609148,0.0468942,0.0465273,7
2014-01-25 20:10:39,207,443952706391,0,0,0,3,1,Passive,1,Passive,0.0833323,-0.0566005,-0.0338287,0.902685,-0.21694,-0.170042,0.330427,7,1,1,2,4,0,0,0,0,472,61.0537,1,0,0,0,0,0,6,1,1,0,0,4,0,0.0131522,0.0151229,0.0134979,0.0256501,0.0612783,0.0445826,0.0504234,7
2014-01-25 20:11:39,315,443952766499,0,0,0,3,1,Passive,1,Passive,0.0807506,-0.05524,-0.0393037,-0.884265,0.235276,0.285369,-0.285105,7,1,1,2,4,0,0,0,0,502,59.5441,1,0,0,0,0,0,6,1,1,0,0,4,0,0.013472,0.0148987,0.0134447,0.0266462,0.0609307,0.0421693,0.0546096,7
2014-01-25 20:12:39,466,443952826650,0,0,0,3,1,Passive,1,Passive,0.0791403,-0.0513149,-0.0458633,0.85342,-0.244436,-0.394945,0.236525,7,2,1,2,3,0,0,0,0,532,58.2726,0,1,1,0,0,0,6,1,1,0,0,4,0,0.0139413,0.0145707,0.0133367,0.0281276,0.059968,0.0399345,0.0588649,7
2014-01-25 20:13:39,523,443952886707,0,0,0,3,1,Passive,1,Passive,0.0787385,-0.0477206,-0.0524654,-0.808183,0.26226,0.499485,-0.169039,7,3,3,2,1,0,0,0,0,562,57.2466,1,0,0,0,0,0,6,1,1,0,0,4,0,0.0145455,0.0141509,0.0131716,0.0299148,0.0584374,0.0385091,0.0630979,7
2014-01-25 20:14:39,665,443952946849,0,0,0,3,1,Passive,1,Passive,0.0782531,-0.0410733,-0.0596848,0.756783,-0.273591,-0.585509,0.0980163,7,3,3,2,4,0,0,0,0,592,56.4732,1,0,0,0,0,0,6,1,1,0,0,4,0,0.0151412,0.0137027,0.0130038,0.0316644,0.0558043,0.037894,0.0662736,7
2014-01-25 20:15:39,790,443953006974,0,0,0,3,1,Passive,1,Passive,0.0769087,-0.0317039,-0.0672639,-0.704287,0.280104,0.652129,-0.0158037,7,3,3,2,4,0,0,0,0,622,55.9633,1,0,0,0,0,0,6,1,1,0,0,4,0,0.0155968,0.0133097,0.0129308,0.0336174,0.0529391,0.0388248,0.0687078,7
2014-01-25 20:16:41,35,443953068219,0,0,0,3,1,Passive,1,Passive,0.0739468,-0.0180449,-0.0763308,0.657405,-0.269684,-0.679161,-0.183928,7,3,3,4,2,0,0,0,0,653,55.7275,1,0,0,0,0,0,6,1,1,0,0,4,0,0.0158088,0.0129366,0.0130757,0.0349299,0.0480986,0.0455887,0.0685603,7
2014-01-25 20:17:41,169,443953128353,0,0,0,3,1,Passive,1,Passive,0.0668954,-0.000415468,-0.0849324,-0.643807,0.240613,0.672106,0.275484,7,3,3,4,2,0,0,0,0,683,55.7968,1,0,0,0,0,0,6,1,1,0,0,4,0,0.0155551,0.0129429,0.0133026,0.0364185,0.0460835,0.0506276,0.0659017,7
2014-01-25 20:18:41,320,443953188504,0,0,0,3,1,Passive,1,Passive,0.0538912,0.0200519,-0.09144,0.661271,-0.192531,-0.635877,-0.348301,7,3,3,4,6,0,0,0,0,713,56.1739,1,0,0,0,0,0,6,1,1,0,0,4,0,0.0150707,0.0130874,0.0135654,0.0375636,0.0449593,0.0562041,0.0610379,7
2014-01-25 20:19:41,455,443953248639,0,0,0,3,1,Passive,1,Passive,0.0352009,0.0407802,-0.0932886,-0.707076,0.11502,0.581529,0.385537,7,3,3,6,2,0,0,0,0,743,56.871,1,0,0,0,0,0,6,1,1,0,0,4,0,0.0145119,0.013384,0.0137077,0.0386329,0.0447417,0.0611135,0.054366,7
2014-01-25 20:20:41,665,443953308849,0,0,0,3,1,Passive,1,Passive,0.0155542,0.0586569,-0.0885956,0.771051,-0.0252077,-0.515637,-0.372777,7,3,3,6,1,0,0,0,0,773,57.8953,1,0,0,0,0,0,6,1,1,0,0,4,0,0.0140464,0.0138032,0.0136802,0.0388053,0.0446435,0.0639685,0.0477398,7
2014-01-25 20:21:41,820,443953369004,0,0,0,3,1,Passive,1,Passive,-0.00238388,0.0734022,-0.0778391,-0.843756,-0.0613379,0.439017,0.302617,7,3,3,1,6,0,0,0,0,803,59.2475,1,0,0,0,0,0,6,1,1,0,0,4,0,0.0137283,0.0142053,0.0135382,0.0374319,0.0448322,0.064934,0.0437212,7
2014-01-25 20:22:42,30,443953429214,0,0,0,3,1,Passive,1,Passive,-0.0173566,0.0840743,-0.0638402,0.900892,0.145388,-0.365996,-0.18249,7,3,3,1,4,0,0,0,0,833,60.922,1,1,0,0,0,0,6,1,1,0,0,4,0,0.0135511,0.0144938,0.0134559,0.0350845,0.0452969,0.0637915,0.0427136,7
2014-01-25 20:23:42,983,443953490167,0,0,0,3,1,Passive,1,Passive,-0.0284387,0.0943896,-0.0440373,-0.950948,-0.248938,0.183134,0.0137526,7,1,1,3,4,0,0,0,0,864,62.9795,1,0,0,0,0,0,6,1,1,0,0,4,0,0.0133428,0.0145956,0.0136644,0.0291443,0.0456077,0.0628471,0.0444372,7
2014-01-25 20:24:43,258,443953550442,0,0,0,3,1,Passive,1,Passive,-0.0368877,0.0980817,-0.0297531,0.921616,0.332261,-0.125744,0.156255,7,1,1,2,4,0,0,0,0,894,65.2693,1,1,0,0,0,0,6,1,1,0,0,4,0,0.0133531,0.0141612,0.0142452,0.0282322,0.04649,0.0589721,0.0463194,7
2014-01-25 20:25:43,443,443953610627,0,0,0,3,1,Passive,1,Passive,-0.0436659,0.0986805,-0.0212556,-0.850132,-0.44092,0.0934964,-0.272259,7,2,2,1,4,0,0,0,0,924,67.8336,1,0,0,0,0,0,6,1,1,0,0,4,0,0.0133353,0.0136126,0.0148137,0.0299025,0.0460735,0.0550262,0.048162,7
2014-01-25 20:26:43,588,443953670772,0,0,0,3,1,Passive,1,Passive,-0.0492008,0.0988612,-0.0151184,0.763176,0.557584,-0.0652669,0.320003,7,2,2,1,5,0,0,0,0,954,70.6461,1,0,1,0,0,0,6,1,1,0,0,4,0,0.013352,0.0132681,0.015121,0.0325532,0.0429621,0.0516283,0.0505549,7
2014-01-25 20:27:43,764,443953730948,0,0,0,3,1,Passive,1,Passive,-0.0556128,0.0953898,-0.0032139,-0.665068,-0.642461,0.0328459,-0.379275,7,5,5,2,4,0,0,0,0,984,73.6729,1,0,0,0,0,0,6,1,1,0,0,4,0,0.0133964,0.0131283,0.0151628,0.035351,0.0395688,0.0491987,0.052266,7
2014-01-25 20:28:44,12,443953791196,0,0,0,3,1,Passive,1,Passive,-0.0597992,0.0920398,0.00447177,0.569718,0.725076,-0.00734143,0.386824,7,5,5,2,4,0,0,0,0,1014,76.8659,1,0,0,0,0,0,6,1,1,0,0,4,0,0.0134554,0.0132153,0.0149677,0.0383893,0.0358507,0.0474812,0.0533201,7
2014-01-25 20:29:45,79,443953852263,0,0,0,3,1,Passive,1,Passive,-0.0619768,0.0885492,0.00849675,-0.472187,-0.820556,-0.102703,-0.305251,7,5,5,4,2,0,0,0,0,1045,80.2692,1,0,0,0,0,0,6,1,1,0,0,4,0,0.0137021,0.0134731,0.0144149,0.0424237,0.0307601,0.0461364,0.0537975,7
2014-01-25 20:30:45,290,443953912474,0,0,0,3,1,Passive,1,Passive,-0.0615314,0.0893116,0.0117354,0.427903,0.869667,0.119124,0.215376,7,4,5,4,1,0,0,0,0,1075,83.566,1,1,0,0,0,0,6,1,1,0,0,4,0,0.013724,0.0136543,0.0141737,0.0455328,0.0282629,0.0455102,0.0528453,7
2014-01-25 20:31:45,521,443953972705,0,0,0,3,1,Passive,1,Passive,-0.0623143,0.0889007,0.0144941,-0.404783,-0.897807,-0.132894,-0.111499,7,4,4,5,1,0,0,0,0,1105,86.7394,1,0,0,0,0,0,6,1,1,0,0,4,0,0.0136954,0.0137428,0.0140738,0.048263,0.0271861,0.0453598,0.051094,7
2014-01-25 20:32:45,659,443954032843,0,0,0,3,1,Passive,1,Passive,-0.0622528,0.0888197,0.0155042,0.40371,0.904758,0.135674,-0.00477888,7,4,4,6,1,0,0,0,0,1135,89.6366,1,0,0,0,0,0,6,1,1,0,0,4,0,0.0136597,0.0137474,0.0141463,0.0501876,0.0280019,0.045396,0.0484864,7
2014-01-25 20:33:45,797,443954092981,0,0,0,3,1,Passive,1,Passive,-0.0644526,0.0860258,0.0155599,-0.415197,-0.892767,-0.136102,0.109792,7,4,4,3,6,0,0,0,0,1165,92.0923,1,0,0,0,0,0,6,1,1,0,0,4,0,0.0135862,0.0136799,0.0142986,0.0515629,0.0303518,0.0458447,0.0454923,7
2014-01-25 20:34:45,885,443954153069,0,0,0,3,1,Passive,1,Passive,-0.0672057,0.0824224,0.0154494,0.431782,0.869056,0.134934,-0.200248,7,4,4,3,1,0,0,0,0,1195,93.9567,1,0,0,0,0,0,6,1,1,0,0,4,0,0.013496,0.0135683,0.0144801,0.0525217,0.0326293,0.0463765,0.0427559,7
2014-01-25 20:35:46,916,443954214100,0,0,0,3,1,Passive,1,Passive,-0.0711033,0.0757417,0.0136298,-0.4758,-0.794617,-0.223719,0.303559,7,3,3,4,1,0,0,0,0,1226,95.1561,1,1,0,0,0,0,6,1,1,0,0,4,0,0.0134565,0.0132328,0.0147767,0.0518788,0.0367527,0.046982,0.0406067,7
2014-01-25 20:36:47,95,443954274279,0,0,0,3,1,Passive,1,Passive,-0.0767637,0.0691048,0.0100808,0.510431,0.751472,0.230059,-0.349031,7,3,3,4,1,0,0,0,0,1254,95.5892,1,0,0,0,0,0,6,1,1,0,0,4,0,0.0134592,0.0131231,0.0147649,0.0506563,0.0375418,0.0472977,0.0407544,7
2014-01-25 20:37:47,287,443954334471,0,0,0,3,1,Passive,1,Passive,-0.0827965,0.0603256,0.00679711,-0.549891,-0.711631,-0.243505,0.363189,7,3,3,2,4,0,0,0,0,1284,95.3654,1,0,0,0,0,0,6,1,1,0,0,4,0,0.0135263,0.0130791,0.0147127,0.0489371,0.0378225,0.0475368,0.042695,7
2014-01-25 20:38:47,535,443954394719,0,0,0,3,1,Passive,1,Passive,-0.0902253,0.0477691,0.00282374,0.594695,0.684221,0.257978,-0.334107,7,2,3,2,4,0,0,0,0,1314,94.6054,1,1,0,0,0,0,6,1,1,0,0,4,0,0.0135739,0.0130653,0.0145725,0.0465675,0.0375868,0.047506,0.0456421,7
2014-01-25 20:39:47,702,443954454886,0,0,0,3,1,Passive,1,Passive,-0.0968388,0.03214,-0.00352663,-0.623394,-0.683449,-0.267534,0.269636,7,2,2,3,4,0,0,0,0,1344,93.4598,1,0,0,0,0,0,6,1,1,0,0,4,0,0.0135933,0.0131196,0.0144022,0.0438918,0.0368174,0.0472291,0.0490871,7
2014-01-25 20:40:47,879,443954515063,0,0,0,3,1,Passive,1,Passive,-0.100555,0.0116342,-0.0117585,0.626128,0.716934,0.253533,-0.172308,7,2,2,3,4,0,0,0,0,1374,92.0785,1,0,0,0,0,0,6,1,1,0,0,4,0,0.0135728,0.0132351,0.0142114,0.0415027,0.0356409,0.047226,0.0523353,7
2014-01-25 20:41:48,35,443954575219,0,0,0,3,1,Passive,1,Passive,-0.0992894,-0.00944912,-0.0233479,-0.577174,-0.782802,-0.218116,0.0807263,7,2,2,4,1,0,0,0,0,1404,90.5898,1,0,0,0,0,0,6,1,1,0,0,4,0,0.0135484,0.0133599,0.0140418,0.0403963,0.0331126,0.0475009,0.0539702,7
2014-01-25 20:42:49,58,443954636242,0,0,0,3,1,Passive,1,Passive,-0.0906341,-0.0320479,-0.0369793,0.435172,0.869533,0.224506,0.064299,7,4,2,4,1,0,0,0,0,1435,89.0411,0,1,0,0,0,0,6,1,1,0,0,4,0,0.0135046,0.0137094,0.0136759,0.0401488,0.0294042,0.0488307,0.0547145,7
2014-01-25 20:43:49,266,443954696450,0,0,0,3,1,Passive,1,Passive,-0.0765662,-0.0516127,-0.047556,-0.270476,-0.946737,-0.137341,-0.10802,7,4,4,2,1,0,0,0,0,1465,87.5997,1,0,0,0,0,0,6,1,1,0,0,4,0,0.0136295,0.0136767,0.0135716,0.042083,0.0246675,0.0514389,0.0530245,7
2014-01-25 20:44:49,561,443954756745,0,0,0,3,1,Passive,1,Passive,-0.0571217,-0.0683663,-0.0548469,0.0777992,0.988886,0.0467641,0.117745,7,4,4,1,5,0,0,0,0,1495,86.2557,1,0,0,0,0,0,6,1,1,0,0,4,0,0.0139335,0.0134803,0.0135109,0.0434562,0.0208485,0.0541282,0.0508428,7
2014-01-25 20:45:49,675,443954816859,0,0,0,3,1,Passive,1,Passive,-0.034844,-0.0849741,-0.0648472,0.152983,-0.980122,0.025168,-0.123787,7,0,6,5,1,0,0,0,0,1525,85.0296,0,0,0,0,0,0,6,1,1,0,0,4,0,0.0146448,0.013496,0.0138989,0.0456027,0.0205232,0.0626605,0.0503896,7
2014-01-25 20:46:49,760,443954876944,0,0,0,3,1,Passive,1,Passive,-0.0176534,-0.0877526,-0.0618753,-0.304015,0.945775,-0.0630592,0.0954321,7,6,6,5,4,0,0,0,0,1555,83.9294,1,0,0,0,0,0,6,1,1,0,0,4,0,0.0146078,0.0129702,0.0134904,0.0421104,0.0225357,0.0578831,0.0470372,7
2014-01-25 20:47:49,884,443954937068,0,0,0,3,1,Passive,1,Passive,-0.00197797,-0.091746,-0.0611353,0.457784,-0.881108,0.0693866,-0.0962728,7,6,6,5,4,0,0,0,0,1585,82.9503,1,0,0,0,0,0,6,1,1,0,0,4,0,0.0147641,0.0129602,0.0134637,0.0396612,0.0261033,0.0586446,0.0462694,7
2014-01-25 20:48:51,25,443954998209,0,0,0,3,1,Passive,1,Passive,0.0111433,-0.0945729,-0.0564516,-0.614716,0.762112,-0.0110062,0.20295,7,6,6,5,1,0,0,0,0,1616,82.0447,1,0,0,0,0,0,6,1,1,0,0,4,0,0.0149129,0.0132319,0.0132436,0.0361759,0.0308006,0.0586471,0.0464484,7
2014-01-25 20:49:51,193,443955058377,0,0,0,3,1,Passive,1,Passive,0.0231159,-0.0948285,-0.0516901,0.68648,-0.685915,-0.0121929,-0.241075,7,6,1,6,5,0,0,0,0,1646,81.2325,0,1,0,0,0,0,6,1,1,0,0,4,0,0.0146846,0.0135237,0.0131978,0.0346035,0.0335136,0.0575383,0.0470261,7
2014-01-25 20:50:51,295,443955118479,0,0,0,3,1,Passive,1,Passive,0.0354551,-0.0925131,-0.0482855,-0.744016,0.60227,0.0219,0.288499,7,1,1,4,5,0,0,0,0,1676,80.4265,1,0,0,0,0,0,6,1,1,0,0,4,0,0.0144423,0.0137694,0.0132155,0.0342802,0.035961,0.0558669,0.0476359,7
2014-01-25 20:51:51,518,443955178702,0,0,0,3,1,Passive,1,Passive,0.0426847,-0.0897877,-0.0441832,0.769845,-0.535611,-0.0547189,-0.342734,7,1,1,4,6,0,0,0,0,1706,79.5594,1,0,0,0,0,0,6,1,1,0,0,4,0,0.0142063,0.0139266,0.013301,0.0352669,0.0380175,0.0537258,0.0479756,7
2014-01-25 20:52:51,660,443955238844,0,0,0,3,1,Passive,1,Passive,0.0473644,-0.0879741,-0.0404092,-0.781017,0.472642,0.0931449,0.397423,7,1,1,4,3,0,0,0,0,1736,78.5644,1,0,0,0,0,0,6,1,1,0,0,4,0,0.0140044,0.0139658,0.0134575,0.0368401,0.0399511,0.0512073,0.0481332,7
2014-01-25 20:53:51,814,443955298998,0,0,0,3,1,Passive,1,Passive,0.0498361,-0.0873941,-0.0370407,0.768381,-0.424116,-0.141631,-0.457883,7,1,1,4,5,0,0,0,0,1766,77.3899,1,0,0,0,0,0,6,1,1,0,0,4,0,0.0139017,0.0138889,0.0136453,0.0394253,0.0413955,0.0485682,0.0480603,7
2014-01-25 20:54:51,951,443955359135,0,0,0,3,1,Passive,1,Passive,0.0513045,-0.087061,-0.0329807,-0.739945,0.385905,0.188812,0.517599,7,1,1,3,4,0,0,0,0,1796,76.0062,1,0,0,0,0,0,6,1,1,0,0,4,0,0.0138738,0.0137151,0.0138373,0.0423535,0.0425746,0.0459292,0.0477264,7
2014-01-25 20:55:52,951,443955420135,0,0,0,3,1,Passive,1,Passive,0.0503698,-0.0904707,-0.0292001,0.642513,-0.295173,-0.278867,-0.649833,7,3,3,1,4,0,0,0,0,1827,74.3566,1,0,0,0,0,0,6,1,1,0,0,4,0,0.0141308,0.0132754,0.013999,0.0478656,0.0437773,0.0425531,0.0455001,7
2014-01-25 20:57:53,213,443955540397,0,0,0,3,1,Passive,1,Passive,0.0488434,-0.094433,-0.0207347,0.490946,-0.258207,-0.356147,-0.751971,7,3,3,4,1,0,0,0,0,1887,70.6472,1,0,0,0,0,0,6,1,1,0,0,4,0,0.0146691,0.0129419,0.0138505,0.0529784,0.0437792,0.0418577,0.0427413,7
2014-01-25 19:54:34,276,443951741460,0,0,0,3,0,Safe,0,Safe,0,0,0,0,0,0,1,7,0,0,0,0,0,0,0,0,0,0,0,0,0,0,0,0,6,0,0,0,0,4,0,0,0,0,0,0,0,0,7
2014-01-25 19:55:34,375,443951801559,0,0,0,3,0,Safe,0,Safe,0,0,0,0,0,0,1,7,0,4,3,0,0,0,0,0,21,0,0,0,0,0,0,0,6,0,0,0,0,4,0,0,0,0,0,0,0,0,7
2014-01-25 19:56:34,436,443951861620,0,0,0,3,0,Safe,0,Safe,0,0,0,0,0,0,1,7,0,4,3,0,0,0,0,0,51,0,0,0,0,0,0,0,6,0,0,0,0,4,0,0,0,0,0,0,0,0,7
2014-01-25 19:57:35,70,443951922254,0,0,0,3,0,Safe,0,Safe,0,0,0,0,0,0,1,7,0,4,3,0,0,0,0,0,81,0,0,0,0,0,0,0,6,0,0,0,0,4,0,0,0,0,0,0,0,0,7
2014-01-25 19:58:35,266,443951982450,0,0,0,3,1,Passive,1,Passive,0.0314983,0.0697486,0.01985,0.56627,0.330417,-0.634199,0.409822,7,0,4,3,1,0,0,0,0,111,91.9954,0,0,0,0,0,0,6,1,1,0,0,4,0,0.0172757,0.0145557,0.0160177,0.0498188,0.113968,0.0418249,0.0828472,7
2014-01-25 19:59:35,402,443952042586,0,0,0,3,1,Passive,1,Passive,0.0405768,0.0887124,0.0417369,-0.70514,-0.370608,0.490778,-0.352938,7,0,4,3,1,0,0,0,0,141,89.1613,0,0,0,0,0,0,6,1,1,0,0,4,0,0.0144491,0.015497,0.0164026,0.0389282,0.0776196,0.0494402,0.100706,7
2014-01-25 20:00:35,540,443952102724,0,0,0,3,1,Passive,1,Passive,0.0656312,0.0614754,0.0587281,0.468059,-0.0957076,-0.168461,0.862196,7,1,1,6,3,0,0,0,0,170,86.2516,1,0,0,0,0,0,6,1,1,0,0,4,0,0.0133232,0.0140261,0.0141532,0.0446809,0.0507372,0.0487874,0.0317734,7
2014-01-25 20:01:35,743,443952162927,0,0,0,3,1,Passive,1,Passive,0.0809559,0.0471739,0.0492007,-0.41156,0.106528,0.0127807,-0.905045,7,6,6,1,5,0,0,0,0,200,83.314,1,1,0,0,0,0,6,1,1,0,0,4,0,0.0130374,0.0143056,0.01418,0.0476075,0.04902,0.0504015,0.0270073,7
2014-01-25 20:02:35,908,443952223092,0,0,0,3,1,Passive,1,Passive,0.0925575,0.0246998,0.0447532,0.387333,-0.13485,0.15281,0.899132,7,6,6,1,5,0,0,0,0,230,80.3827,1,0,0,0,0,0,6,1,1,0,0,4,0,0.0129294,0.0142701,0.0142806,0.0481254,0.0470487,0.0523387,0.0256709,7
2014-01-25 20:03:37,220,443952284404,0,0,0,3,1,Passive,1,Passive,0.0990364,0.00516654,0.034645,-0.49739,0.125887,-0.30037,-0.804073,7,6,6,5,1,0,0,0,0,261,77.4029,1,0,0,0,0,0,6,1,1,0,0,4,0,0.0129258,0.0140306,0.0144414,0.0459141,0.0467472,0.052494,0.0295411,7
2014-01-25 20:04:37,421,443952344605,0,0,0,3,1,Passive,1,Passive,0.101145,-0.0114244,0.0231365,0.558813,-0.132426,0.343067,0.743301,7,6,6,5,4,0,0,0,0,291,74.603,1,1,0,0,0,0,6,1,1,0,0,4,0,0.0128314,0.0140931,0.01449,0.0433651,0.0480887,0.0525809,0.0317882,7
2014-01-25 20:05:37,576,443952404760,0,0,0,3,1,Passive,1,Passive,0.103191,-0.0254534,0.0102915,-0.646076,0.135672,-0.336493,-0.671529,7,5,5,6,1,0,0,0,0,321,71.918,1,0,0,0,0,0,6,1,1,0,0,4,0,0.0127317,0.014316,0.0143972,0.0399637,0.050596,0.0522635,0.0339589,7
2014-01-25 20:06:37,716,443952464900,0,0,0,3,1,Passive,1,Passive,0.100144,-0.0365686,-0.00171835,0.720766,-0.144539,0.290822,0.612395,7,5,5,6,1,0,0,0,0,351,69.3773,1,0,0,0,0,0,6,1,1,0,0,4,0,0.0127141,0.0146117,0.0142114,0.0362134,0.0534472,0.0519817,0.0359431,7
2014-01-25 20:07:37,814,443952524998,0,0,0,3,1,Passive,1,Passive,0.095372,-0.0447264,-0.0111476,-0.783966,0.155874,-0.216167,-0.56069,7,5,5,1,6,0,0,0,0,381,67.0065,1,0,0,0,0,0,6,1,1,0,0,4,0,0.0127528,0.0149023,0.0139372,0.0326534,0.0563313,0.0514459,0.0380018,7
2014-01-25 20:08:37,945,443952585129,0,0,0,3,1,Passive,1,Passive,0.090839,-0.0497948,-0.0194664,0.831496,-0.169576,0.122795,0.514567,7,5,5,1,4,0,0,0,0,411,64.8272,1,0,0,0,0,0,6,1,1,0,0,4,0,0.0128286,0.0151213,0.013696,0.0297449,0.0587688,0.0504059,0.040394,7
2014-01-25 20:09:39,57,443952646241,0,0,0,3,1,Passive,1,Passive,0.0865871,-0.0557087,-0.0278761,-0.903399,0.197702,0.0500791,-0.377194,7,1,1,5,2,0,0,0,0,442,62.7948,1,0,0,0,0,0,6,1,1,0,0,4,0,0.0129596,0.0152379,0.0135291,0.0256845,0.0609148,0.0468942,0.0465273,7
2014-01-25 20:10:39,207,443952706391,0,0,0,3,1,Passive,1,Passive,0.0833323,-0.0566005,-0.0338287,0.902685,-0.21694,-0.170042,0.330427,7,1,1,2,4,0,0,0,0,472,61.0537,1,0,0,0,0,0,6,1,1,0,0,4,0,0.0131522,0.0151229,0.0134979,0.0256501,0.0612783,0.0445826,0.0504234,7
2014-01-25 20:11:39,315,443952766499,0,0,0,3,1,Passive,1,Passive,0.0807506,-0.05524,-0.0393037,-0.884265,0.235276,0.285369,-0.285105,7,1,1,2,4,0,0,0,0,502,59.5441,1,0,0,0,0,0,6,1,1,0,0,4,0,0.013472,0.0148987,0.0134447,0.0266462,0.0609307,0.0421693,0.0546096,7
2014-01-25 20:12:39,466,443952826650,0,0,0,3,1,Passive,1,Passive,0.0791403,-0.0513149,-0.0458633,0.85342,-0.244436,-0.394945,0.236525,7,2,1,2,3,0,0,0,0,532,58.2726,0,1,1,0,0,0,6,1,1,0,0,4,0,0.0139413,0.0145707,0.0133367,0.0281276,0.059968,0.0399345,0.0588649,7
2014-01-25 20:13:39,523,443952886707,0,0,0,3,1,Passive,1,Passive,0.0787385,-0.0477206,-0.0524654,-0.808183,0.26226,0.499485,-0.169039,7,3,3,2,1,0,0,0,0,562,57.2466,1,0,0,0,0,0,6,1,1,0,0,4,0,0.0145455,0.0141509,0.0131716,0.0299148,0.0584374,0.0385091,0.0630979,7
2014-01-25 20:14:39,665,443952946849,0,0,0,3,1,Passive,1,Passive,0.0782531,-0.0410733,-0.0596848,0.756783,-0.273591,-0.585509,0.0980163,7,3,3,2,4,0,0,0,0,592,56.4732,1,0,0,0,0,0,6,1,1,0,0,4,0,0.0151412,0.0137027,0.0130038,0.0316644,0.0558043,0.037894,0.0662736,7
2014-01-25 20:15:39,790,443953006974,0,0,0,3,1,Passive,1,Passive,0.0769087,-0.0317039,-0.0672639,-0.704287,0.280104,0.652129,-0.0158037,7,3,3,2,4,0,0,0,0,622,55.9633,1,0,0,0,0,0,6,1,1,0,0,4,0,0.0155968,0.0133097,0.0129308,0.0336174,0.0529391,0.0388248,0.0687078,7
2014-01-25 20:16:41,35,443953068219,0,0,0,3,1,Passive,1,Passive,0.0739468,-0.0180449,-0.0763308,0.657405,-0.269684,-0.679161,-0.183928,7,3,3,4,2,0,0,0,0,653,55.7275,1,0,0,0,0,0,6,1,1,0,0,4,0,0.0158088,0.0129366,0.0130757,0.0349299,0.0480986,0.0455887,0.0685603,7
2014-01-25 20:17:41,169,443953128353,0,0,0,3,1,Passive,1,Passive,0.0668954,-0.000415468,-0.0849324,-0.643807,0.240613,0.672106,0.275484,7,3,3,4,2,0,0,0,0,683,55.7968,1,0,0,0,0,0,6,1,1,0,0,4,0,0.0155551,0.0129429,0.0133026,0.0364185,0.0460835,0.0506276,0.0659017,7
2014-01-25 20:18:41,320,443953188504,0,0,0,3,1,Passive,1,Passive,0.0538912,0.0200519,-0.09144,0.661271,-0.192531,-0.635877,-0.348301,7,3,3,4,6,0,0,0,0,713,56.1739,1,0,0,0,0,0,6,1,1,0,0,4,0,0.0150707,0.0130874,0.0135654,0.0375636,0.0449593,0.0562041,0.0610379,7
2014-01-25 20:19:41,455,443953248639,0,0,0,3,1,Passive,1,Passive,0.0352009,0.0407802,-0.0932886,-0.707076,0.11502,0.581529,0.385537,7,3,3,6,2,0,0,0,0,743,56.871,1,0,0,0,0,0,6,1,1,0,0,4,0,0.0145119,0.013384,0.0137077,0.0386329,0.0447417,0.0611135,0.054366,7
2014-01-25 20:20:41,665,443953308849,0,0,0,3,1,Passive,1,Passive,0.0155542,0.0586569,-0.0885956,0.771051,-0.0252077,-0.515637,-0.372777,7,3,3,6,1,0,0,0,0,773,57.8953,1,0,0,0,0,0,6,1,1,0,0,4,0,0.0140464,0.0138032,0.0136802,0.0388053,0.0446435,0.0639685,0.0477398,7
2014-01-25 20:21:41,820,443953369004,0,0,0,3,1,Passive,1,Passive,-0.00238388,0.0734022,-0.0778391,-0.843756,-0.0613379,0.439017,0.302617,7,3,3,1,6,0,0,0,0,803,59.2475,1,0,0,0,0,0,6,1,1,0,0,4,0,0.0137283,0.0142053,0.0135382,0.0374319,0.0448322,0.064934,0.0437212,7
2014-01-25 20:22:42,30,443953429214,0,0,0,3,1,Passive,1,Passive,-0.0173566,0.0840743,-0.0638402,0.900892,0.145388,-0.365996,-0.18249,7,3,3,1,4,0,0,0,0,833,60.922,1,1,0,0,0,0,6,1,1,0,0,4,0,0.0135511,0.0144938,0.0134559,0.0350845,0.0452969,0.0637915,0.0427136,7
2014-01-25 20:23:42,983,443953490167,0,0,0,3,1,Passive,1,Passive,-0.0284387,0.0943896,-0.0440373,-0.950948,-0.248938,0.183134,0.0137526,7,1,1,3,4,0,0,0,0,864,62.9795,1,0,0,0,0,0,6,1,1,0,0,4,0,0.0133428,0.0145956,0.0136644,0.0291443,0.0456077,0.0628471,0.0444372,7
2014-01-25 20:24:43,258,443953550442,0,0,0,3,1,Passive,1,Passive,-0.0368877,0.0980817,-0.0297531,0.921616,0.332261,-0.125744,0.156255,7,1,1,2,4,0,0,0,0,894,65.2693,1,1,0,0,0,0,6,1,1,0,0,4,0,0.0133531,0.0141612,0.0142452,0.0282322,0.04649,0.0589721,0.0463194,7
2014-01-25 20:25:43,443,443953610627,0,0,0,3,1,Passive,1,Passive,-0.0436659,0.0986805,-0.0212556,-0.850132,-0.44092,0.0934964,-0.272259,7,2,2,1,4,0,0,0,0,924,67.8336,1,0,0,0,0,0,6,1,1,0,0,4,0,0.0133353,0.0136126,0.0148137,0.0299025,0.0460735,0.0550262,0.048162,7
2014-01-25 20:26:43,588,443953670772,0,0,0,3,1,Passive,1,Passive,-0.0492008,0.0988612,-0.0151184,0.763176,0.557584,-0.0652669,0.320003,7,2,2,1,5,0,0,0,0,954,70.6461,1,0,1,0,0,0,6,1,1,0,0,4,0,0.013352,0.0132681,0.015121,0.0325532,0.0429621,0.0516283,0.0505549,7
2014-01-25 20:27:43,764,443953730948,0,0,0,3,1,Passive,1,Passive,-0.0556128,0.0953898,-0.0032139,-0.665068,-0.642461,0.0328459,-0.379275,7,5,5,2,4,0,0,0,0,984,73.6729,1,0,0,0,0,0,6,1,1,0,0,4,0,0.0133964,0.0131283,0.0151628,0.035351,0.0395688,0.0491987,0.052266,7
2014-01-25 20:28:44,12,443953791196,0,0,0,3,1,Passive,1,Passive,-0.0597992,0.0920398,0.00447177,0.569718,0.725076,-0.00734143,0.386824,7,5,5,2,4,0,0,0,0,1014,76.8659,1,0,0,0,0,0,6,1,1,0,0,4,0,0.0134554,0.0132153,0.0149677,0.0383893,0.0358507,0.0474812,0.0533201,7
2014-01-25 20:29:45,79,443953852263,0,0,0,3,1,Passive,1,Passive,-0.0619768,0.0885492,0.00849675,-0.472187,-0.820556,-0.102703,-0.305251,7,5,5,4,2,0,0,0,0,1045,80.2692,1,0,0,0,0,0,6,1,1,0,0,4,0,0.0137021,0.0134731,0.0144149,0.0424237,0.0307601,0.0461364,0.0537975,7
2014-01-25 20:30:45,290,443953912474,0,0,0,3,1,Passive,1,Passive,-0.0615314,0.0893116,0.0117354,0.427903,0.869667,0.119124,0.215376,7,4,5,4,1,0,0,0,0,1075,83.566,1,1,0,0,0,0,6,1,1,0,0,4,0,0.013724,0.0136543,0.0141737,0.0455328,0.0282629,0.0455102,0.0528453,7
2014-01-25 20:31:45,521,443953972705,0,0,0,3,1,Passive,1,Passive,-0.0623143,0.0889007,0.0144941,-0.404783,-0.897807,-0.132894,-0.111499,7,4,4,5,1,0,0,0,0,1105,86.7394,1,0,0,0,0,0,6,1,1,0,0,4,0,0.0136954,0.0137428,0.0140738,0.048263,0.0271861,0.0453598,0.051094,7
2014-01-25 20:32:45,659,443954032843,0,0,0,3,1,Passive,1,Passive,-0.0622528,0.0888197,0.0155042,0.40371,0.904758,0.135674,-0.00477888,7,4,4,6,1,0,0,0,0,1135,89.6366,1,0,0,0,0,0,6,1,1,0,0,4,0,0.0136597,0.0137474,0.0141463,0.0501876,0.0280019,0.045396,0.0484864,7
2014-01-25 20:33:45,797,443954092981,0,0,0,3,1,Passive,1,Passive,-0.0644526,0.0860258,0.0155599,-0.415197,-0.892767,-0.136102,0.109792,7,4,4,3,6,0,0,0,0,1165,92.0923,1,0,0,0,0,0,6,1,1,0,0,4,0,0.0135862,0.0136799,0.0142986,0.0515629,0.0303518,0.0458447,0.0454923,7
2014-01-25 20:34:45,885,443954153069,0,0,0,3,1,Passive,1,Passive,-0.0672057,0.0824224,0.0154494,0.431782,0.869056,0.134934,-0.200248,7,4,4,3,1,0,0,0,0,1195,93.9567,1,0,0,0,0,0,6,1,1,0,0,4,0,0.013496,0.0135683,0.0144801,0.0525217,0.0326293,0.0463765,0.0427559,7
2014-01-25 20:35:46,916,443954214100,0,0,0,3,1,Passive,1,Passive,-0.0711033,0.0757417,0.0136298,-0.4758,-0.794617,-0.223719,0.303559,7,3,3,4,1,0,0,0,0,1226,95.1561,1,1,0,0,0,0,6,1,1,0,0,4,0,0.0134565,0.0132328,0.0147767,0.0518788,0.0367527,0.046982,0.0406067,7
2014-01-25 20:36:47,95,443954274279,0,0,0,3,1,Passive,1,Passive,-0.0767637,0.0691048,0.0100808,0.510431,0.751472,0.230059,-0.349031,7,3,3,4,1,0,0,0,0,1254,95.5892,1,0,0,0,0,0,6,1,1,0,0,4,0,0.0134592,0.0131231,0.0147649,0.0506563,0.0375418,0.0472977,0.0407544,7
2014-01-25 20:37:47,287,443954334471,0,0,0,3,1,Passive,1,Passive,-0.0827965,0.0603256,0.00679711,-0.549891,-0.711631,-0.243505,0.363189,7,3,3,2,4,0,0,0,0,1284,95.3654,1,0,0,0,0,0,6,1,1,0,0,4,0,0.0135263,0.0130791,0.0147127,0.0489371,0.0378225,0.0475368,0.042695,7
2014-01-25 20:38:47,535,443954394719,0,0,0,3,1,Passive,1,Passive,-0.0902253,0.0477691,0.00282374,0.594695,0.684221,0.257978,-0.334107,7,2,3,2,4,0,0,0,0,1314,94.6054,1,1,0,0,0,0,6,1,1,0,0,4,0,0.0135739,0.0130653,0.0145725,0.0465675,0.0375868,0.047506,0.0456421,7
2014-01-25 20:39:47,702,443954454886,0,0,0,3,1,Passive,1,Passive,-0.0968388,0.03214,-0.00352663,-0.623394,-0.683449,-0.267534,0.269636,7,2,2,3,4,0,0,0,0,1344,93.4598,1,0,0,0,0,0,6,1,1,0,0,4,0,0.0135933,0.0131196,0.0144022,0.0438918,0.0368174,0.0472291,0.0490871,7
2014-01-25 20:40:47,879,443954515063,0,0,0,3,1,Passive,1,Passive,-0.100555,0.0116342,-0.0117585,0.626128,0.716934,0.253533,-0.172308,7,2,2,3,4,0,0,0,0,1374,92.0785,1,0,0,0,0,0,6,1,1,0,0,4,0,0.0135728,0.0132351,0.0142114,0.0415027,0.0356409,0.047226,0.0523353,7
2014-01-25 20:41:48,35,443954575219,0,0,0,3,1,Passive,1,Passive,-0.0992894,-0.00944912,-0.0233479,-0.577174,-0.782802,-0.218116,0.0807263,7,2,2,4,1,0,0,0,0,1404,90.5898,1,0,0,0,0,0,6,1,1,0,0,4,0,0.0135484,0.0133599,0.0140418,0.0403963,0.0331126,0.0475009,0.0539702,7
2014-01-25 20:42:49,58,443954636242,0,0,0,3,1,Passive,1,Passive,-0.0906341,-0.0320479,-0.0369793,0.435172,0.869533,0.224506,0.064299,7,4,2,4,1,0,0,0,0,1435,89.0411,0,1,0,0,0,0,6,1,1,0,0,4,0,0.0135046,0.0137094,0.0136759,0.0401488,0.0294042,0.0488307,0.0547145,7
2014-01-25 20:43:49,266,443954696450,0,0,0,3,1,Passive,1,Passive,-0.0765662,-0.0516127,-0.047556,-0.270476,-0.946737,-0.137341,-0.10802,7,4,4,2,1,0,0,0,0,1465,87.5997,1,0,0,0,0,0,6,1,1,0,0,4,0,0.0136295,0.0136767,0.0135716,0.042083,0.0246675,0.0514389,0.0530245,7
2014-01-25 20:44:49,561,443954756745,0,0,0,3,1,Passive,1,Passive,-0.0571217,-0.0683663,-0.0548469,0.0777992,0.988886,0.0467641,0.117745,7,4,4,1,5,0,0,0,0,1495,86.2557,1,0,0,0,0,0,6,1,1,0,0,4,0,0.0139335,0.0134803,0.0135109,0.0434562,0.0208485,0.0541282,0.0508428,7
2014-01-25 20:45:49,675,443954816859,0,0,0,3,1,Passive,1,Passive,-0.034844,-0.0849741,-0.0648472,0.152983,-0.980122,0.025168,-0.123787,7,0,6,5,1,0,0,0,0,1525,85.0296,0,0,0,0,0,0,6,1,1,0,0,4,0,0.0146448,0.013496,0.0138989,0.0456027,0.0205232,0.0626605,0.0503896,7
2014-01-25 20:46:49,760,443954876944,0,0,0,3,1,Passive,1,Passive,-0.0176534,-0.0877526,-0.0618753,-0.304015,0.945775,-0.0630592,0.0954321,7,6,6,5,4,0,0,0,0,1555,83.9294,1,0,0,0,0,0,6,1,1,0,0,4,0,0.0146078,0.0129702,0.0134904,0.0421104,0.0225357,0.0578831,0.0470372,7
2014-01-25 20:47:49,884,443954937068,0,0,0,3,1,Passive,1,Passive,-0.00197797,-0.091746,-0.0611353,0.457784,-0.881108,0.0693866,-0.0962728,7,6,6,5,4,0,0,0,0,1585,82.9503,1,0,0,0,0,0,6,1,1,0,0,4,0,0.0147641,0.0129602,0.0134637,0.0396612,0.0261033,0.0586446,0.0462694,7
2014-01-25 20:48:51,25,443954998209,0,0,0,3,1,Passive,1,Passive,0.0111433,-0.0945729,-0.0564516,-0.614716,0.762112,-0.0110062,0.20295,7,6,6,5,1,0,0,0,0,1616,82.0447,1,0,0,0,0,0,6,1,1,0,0,4,0,0.0149129,0.0132319,0.0132436,0.0361759,0.0308006,0.0586471,0.0464484,7
2014-01-25 20:49:51,193,443955058377,0,0,0,3,1,Passive,1,Passive,0.0231159,-0.0948285,-0.0516901,0.68648,-0.685915,-0.0121929,-0.241075,7,6,1,6,5,0,0,0,0,1646,81.2325,0,1,0,0,0,0,6,1,1,0,0,4,0,0.0146846,0.0135237,0.0131978,0.0346035,0.0335136,0.0575383,0.0470261,7
2014-01-25 20:50:51,295,443955118479,0,0,0,3,1,Passive,1,Passive,0.0354551,-0.0925131,-0.0482855,-0.744016,0.60227,0.0219,0.288499,7,1,1,4,5,0,0,0,0,1676,80.4265,1,0,0,0,0,0,6,1,1,0,0,4,0,0.0144423,0.0137694,0.0132155,0.0342802,0.035961,0.0558669,0.0476359,7
2014-01-25 20:51:51,518,443955178702,0,0,0,3,1,Passive,1,Passive,0.0426847,-0.0897877,-0.0441832,0.769845,-0.535611,-0.0547189,-0.342734,7,1,1,4,6,0,0,0,0,1706,79.5594,1,0,0,0,0,0,6,1,1,0,0,4,0,0.0142063,0.0139266,0.013301,0.0352669,0.0380175,0.0537258,0.0479756,7
2014-01-25 20:52:51,660,443955238844,0,0,0,3,1,Passive,1,Passive,0.0473644,-0.0879741,-0.0404092,-0.781017,0.472642,0.0931449,0.397423,7,1,1,4,3,0,0,0,0,1736,78.5644,1,0,0,0,0,0,6,1,1,0,0,4,0,0.0140044,0.0139658,0.0134575,0.0368401,0.0399511,0.0512073,0.0481332,7
2014-01-25 20:53:51,814,443955298998,0,0,0,3,1,Passive,1,Passive,0.0498361,-0.0873941,-0.0370407,0.768381,-0.424116,-0.141631,-0.457883,7,1,1,4,5,0,0,0,0,1766,77.3899,1,0,0,0,0,0,6,1,1,0,0,4,0,0.0139017,0.0138889,0.0136453,0.0394253,0.0413955,0.0485682,0.0480603,7
2014-01-25 20:54:51,951,443955359135,0,0,0,3,1,Passive,1,Passive,0.0513045,-0.087061,-0.0329807,-0.739945,0.385905,0.188812,0.517599,7,1,1,3,4,0,0,0,0,1796,76.0062,1,0,0,0,0,0,6,1,1,0,0,4,0,0.0138738,0.0137151,0.0138373,0.0423535,0.0425746,0.0459292,0.0477264,7
2014-01-25 20:55:52,951,443955420135,0,0,0,3,1,Passive,1,Passive,0.0503698,-0.0904707,-0.0292001,0.642513,-0.295173,-0.278867,-0.649833,7,3,3,1,4,0,0,0,0,1827,74.3566,1,0,0,0,0,0,6,1,1,0,0,4,0,0.0141308,0.0132754,0.013999,0.0478656,0.0437773,0.0425531,0.0455001,7
2014-01-25 20:56:53,89,443955480273,0,0,0,3,1,Passive,1,Passive,0.0500994,-0.0924077,-0.0249678,-0.571571,0.272684,0.321721,0.703878,7,3,3,1,4,0,0,0,0,1857,72.5726,1,0,0,0,0,0,6,1,1,0,0,4,0,0.0143822,0.0130787,0.0139741,0.0506935,0.0439177,0.0415856,0.0442454,7
2014-01-25 20:57:53,213,443955540397,0,0,0,3,1,Passive,1,Passive,0.0488434,-0.094433,-0.0207347,0.490946,-0.258207,-0.356147,-0.751971,7,3,3,4,1,0,0,0,0,1887,70.6472,1,0,0,0,0,0,6,1,1,0,0,4,0,0.0146691,0.0129419,0.0138505,0.0529784,0.0437792,0.0418577,0.0427413,7
2014-01-25 20:58:53,393,443955600577,0,0,0,3,1,Passive,1,Passive,0.0485162,-0.0963312,-0.0143273,-0.387017,0.254187,0.379577,0.800954,7,6,3,6,1,0,0,0,0,1917,68.634,0,1,0,0,0,0,6,1,1,0,0,4,0,0.0149602,0.0128811,0.0136704,0.0548767,0.0436729,0.0434619,0.0410341,7
2014-01-25 20:59:53,543,443955660727,0,0,0,3,1,Passive,1,Passive,0.0459398,-0.0984516,-0.00838026,0.288833,-0.251471,-0.394122,-0.835467,7,6,6,3,1,0,0,0,0,1947,66.5897,1,0,0,0,0,0,6,1,1,0,0,4,0,0.0151858,0.0129031,0.0134857,0.0555533,0.0434822,0.0456647,0.0390752,7
2014-01-25 21:00:53,650,443955720834,0,0,0,3,1,Passive,1,Passive,0.0414022,-0.100518,0.000104746,-0.175052,0.256262,0.401578,0.861639,7,6,6,4,1,0,0,0,0,1977,64.5701,1,0,0,0,0,0,6,1,1,0,0,4,0,0.0152834,0.0130307,0.0133331,0.0562658,0.0442342,0.0482129,0.0370206,7
2014-01-25 21:01:53,764,443955780948,0,0,0,3,1,Passive,1,Passive,0.0326008,-0.102846,0.00803101,0.0724167,-0.253031,-0.406678,-0.874839,7,6,6,4,1,0,0,0,0,2007,62.6303,1,0,0,0,0,0,6,1,1,0,0,4,0,0.0152405,0.0132344,0.0132356,0.0553182,0.0459372,0.050434,0.0353225,7
2014-01-25 21:02:53,920,443955841104,0,0,0,3,1,Passive,1,Passive,0.0240534,-0.104127,0.0177849,0.0335479,0.241399,0.417372,0.875444,7,6,6,5,4,0,0,0,0,2037,60.8178,1,0,0,0,0,0,6,1,1,0,0,4,0,0.015043,0.0135283,0.0132237,0.0531763,0.0491104,0.0521554,0.0345923,7
2014-01-25 21:03:55,131,443955902315,0,0,0,3,1,Passive,1,Passive,0.0161973,-0.102853,0.0294592,-0.215827,-0.150801,-0.425561,-0.86578,7,5,5,6,1,0,0,0,0,2068,59.1277,1,1,0,0,0,0,6,1,1,0,0,4,0,0.0143562,0.0141616,0.0134036,0.0478389,0.0563114,0.053727,0.0326182,7
2014-01-25 21:04:55,313,443955962497,0,0,0,3,1,Passive,1,Passive,0.00388386,-0.0982775,0.043635,0.327946,0.134972,0.448059,0.820656,7,5,5,4,1,0,0,0,0,2098,57.7119,1,0,0,0,0,0,6,1,1,0,0,4,0,0.0137457,0.0148739,0.0133238,0.0438608,0.0626575,0.0515401,0.0341106,7
2014-01-25 21:05:55,560,443956022744,0,0,0,3,1,Passive,1,Passive,-0.0109563,-0.0883453,0.0567579,-0.416656,-0.114766,-0.475347,-0.766337,7,5,5,4,1,0,0,0,0,2128,56.5512,1,0,0,0,0,0,6,1,1,0,0,4,0,0.0132517,0.0154801,0.0131498,0.0401263,0.0682951,0.048439,0.0361587,7
2014-01-25 21:06:55,713,443956082897,0,0,0,3,1,Passive,1,Passive,-0.0272935,-0.0716644,0.0705582,0.488735,0.0915143,0.524338,0.691255,7,5,5,1,4,0,0,0,0,2158,55.6791,1,0,0,0,0,0,6,1,1,0,0,4,0,0.013056,0.0157468,0.0129653,0.037122,0.0724406,0.0440423,0.0392984,7
2014-01-25 21:07:55,883,443956143067,0,0,0,3,1,Passive,1,Passive,-0.0439597,-0.0629098,0.0728474,-0.34406,-0.0366724,-0.625805,-0.699032,7,0,3,4,1,0,0,0,0,2188,55.1247,0,0,0,0,0,0,6,1,1,0,0,4,0,0.0137842,0.0174713,0.0146675,0.0465843,0.0902003,0.0817978,0.069529,7
2014-01-25 21:08:57,262,443956204446,0,0,0,3,1,Passive,1,Passive,-0.0535077,-0.0103904,0.0938386,0.314226,-0.00613602,0.818223,0.481389,7,0,4,1,3,0,0,0,0,2219,54.9071,0,0,0,0,0,0,6,1,1,0,0,4,0,0.014324,0.0171175,0.0143935,0.0648621,0.0790938,0.0615505,0.0957751,7
2014-01-25 21:09:57,378,443956264562,0,0,0,3,1,Passive,1,Passive,-0.0546487,0.0144445,0.094597,-0.31317,-0.0379361,-0.908555,-0.273885,7,0,4,1,5,0,0,0,0,2248,55.0534,0,0,0,0,0,0,6,1,1,0,0,4,0,0.0151554,0.0160418,0.0145814,0.0704804,0.064005,0.0389149,0.108679,7
2014-01-25 21:10:57,539,443956324723,0,0,0,3,1,Passive,1,Passive,-0.0549963,0.0335768,0.0912575,0.324195,0.0572763,0.943239,0.0437876,7,0,1,4,3,0,0,0,0,2276,55.5542,0,0,0,0,0,0,6,1,1,0,0,4,0,0.015536,0.0149928,0.0151116,0.0733528,0.0516722,0.0266926,0.116084,7
2014-01-25 21:11:57,722,443956384906,0,0,0,3,1,Passive,1,Passive,-0.0565665,0.0471569,0.0814798,-0.265175,-0.0566191,-0.961318,0.0484283,7,0,4,5,1,0,0,0,0,2305,56.4047,0,0,0,0,0,0,6,1,1,0,0,4,0,0.0153348,0.0143704,0.0159665,0.0786365,0.0484826,0.0292573,0.116237,7
2014-01-25 21:12:57,900,443956445084,0,0,0,3,1,Passive,1,Passive,-0.0603907,0.0521957,0.0687093,0.245114,0.0399328,0.957635,-0.145807,7,0,3,1,4,0,0,0,0,2335,57.5934,0,0,0,0,0,0,6,1,1,0,0,4,0,0.0147675,0.0140392,0.0169382,0.0793163,0.0542996,0.0420577,0.108746,7
2014-01-25 21:13:59,341,443956506525,0,0,0,3,1,Passive,1,Passive,-0.0599324,0.0583018,0.0623004,-0.216496,0.0903983,-0.921383,0.309857,7,0,3,4,1,0,0,0,0,2365,59.1616,0,0,0,0,0,0,6,1,1,0,0,4,0,0.0138551,0.013985,0.0179274,0.0831684,0.0706238,0.0546385,0.0878405,7
2014-01-25 21:14:59,516,443956566700,0,0,0,3,1,Passive,1,Passive,-0.0621028,0.0629269,0.0535807,0.184322,-0.112067,0.915942,-0.338403,7,0,4,1,5,0,0,0,0,2395,60.9892,0,0,0,0,0,0,6,1,1,0,0,4,0,0.0135875,0.0138969,0.01803,0.0853122,0.0813295,0.054641,0.0783393,7
2014-01-25 21:15:59,666,443956626850,0,0,0,3,1,Passive,1,Passive,-0.0622803,0.066884,0.0410905,-0.0753929,0.0325793,-0.948426,0.306176,7,0,4,1,6,0,0,0,0,2425,63.1078,0,0,0,0,0,0,6,1,1,0,0,4,0,0.0136308,0.0137649,0.0180156,0.0873352,0.0899516,0.0436497,0.0717504,7
2014-01-25 21:16:59,836,443956687020,0,0,0,3,1,Passive,1,Passive,-0.0621143,0.067745,0.0342347,0.0698195,-0.0238265,0.942082,-0.327167,7,0,4,1,5,0,0,0,0,2455,65.5001,0,0,0,0,0,0,6,1,1,0,0,4,0,0.0138386,0.0137066,0.0178574,0.0843474,0.0943855,0.0430774,0.0621931,7
2014-01-25 21:18:01,340,443956748524,0,0,0,3,1,Passive,1,Passive,-0.0677129,0.0686712,0.0369321,-0.114055,0.238764,-0.88662,0.379325,7,0,1,4,6,0,0,0,0,2485,68.2486,0,0,0,0,0,0,6,1,1,0,0,4,0,0.014721,0.0137917,0.0169064,0.0821716,0.103129,0.0468869,0.047736,7
2014-01-25 21:19:01,489,443956808673,0,0,0,3,1,Passive,1,Passive,-0.0654977,0.0680766,0.0203413,0.0527847,-0.118922,0.935985,-0.327114,7,0,4,3,1,0,0,0,0,2515,71.1626,0,0,0,0,0,0,6,1,1,0,0,4,0,0.0149714,0.0137388,0.0165593,0.0829865,0.098418,0.0408184,0.0471592,7
2014-01-25 21:20:01,688,443956868872,0,0,0,3,1,Passive,1,Passive,-0.0758224,0.0645276,0.0240525,-0.102428,0.174233,-0.934467,0.293127,7,0,4,3,1,0,0,0,0,2545,74.3138,0,0,0,0,0,0,6,1,1,0,0,4,0,0.0152066,0.013901,0.016163,0.0839033,0.103232,0.0348894,0.047275,7
2014-01-25 21:21:01,852,443956929036,0,0,0,3,1,Passive,1,Passive,-0.0801119,0.0601147,0.0148052,0.128858,-0.167138,0.956993,-0.199062,7,0,4,3,1,0,0,0,0,2574,77.6864,0,0,0,0,0,0,6,1,1,0,0,4,0,0.0152545,0.014173,0.0158349,0.0836988,0.0940977,0.0361219,0.0508752,7
2014-01-25 21:22:01,968,443956989152,0,0,0,3,1,Passive,1,Passive,-0.0879468,0.0531083,0.0104938,-0.188656,0.209384,-0.956994,0.0687785,7,0,4,1,3,0,0,0,0,2604,81.2591,0,0,0,0,0,0,6,1,1,0,0,4,0,0.0151283,0.014685,0.0154288,0.0833472,0.0887121,0.0411558,0.0574231,7
2014-01-25 21:23:03,332,443957050516,0,0,0,3,1,Passive,1,Passive,-0.0941431,0.0448328,0.00193877,0.078094,-0.218588,0.971419,0.0496577,7,0,4,1,6,0,0,0,0,2635,85.1263,0,0,0,0,0,0,6,1,1,0,0,4,0,0.0149872,0.0157299,0.0146297,0.0852469,0.0756919,0.0353087,0.070773,7
2014-01-25 21:24:03,481,443957110665,0,0,0,3,1,Passive,1,Passive,-0.100049,0.0316525,-0.00744477,-0.0591965,0.176444,-0.961383,-0.202744,7,0,4,1,5,0,0,0,0,2665,88.9923,0,0,0,0,0,0,6,1,1,0,0,4,0,0.0142858,0.01657,0.0143145,0.0849648,0.0648999,0.0388863,0.0777576,7
2014-01-25 21:25:03,671,443957170855,0,0,0,3,1,Passive,1,Passive,-0.102953,0.0167261,-0.016442,0.014443,-0.114985,0.930438,0.347643,7,0,4,3,1,0,0,0,0,2695,92.9108,0,0,0,0,0,0,6,1,1,0,0,4,0,0.0135554,0.0173265,0.0142492,0.0833985,0.0558642,0.0462991,0.0838219,7
2014-01-25 21:26:03,807,443957230991,0,0,0,3,1,Passive,1,Passive,-0.103127,-0.00235069,-0.0259323,0.0579638,0.0478433,-0.883255,-0.46283,7,0,4,3,1,0,0,0,0,2725,96.7804,0,0,0,0,0,0,6,1,1,0,0,4,0,0.0133218,0.0175707,0.0143125,0.0803898,0.0501263,0.0524004,0.0904789,7
2014-01-25 21:27:04,53,443957291237,0,0,0,3,1,Passive,1,Passive,-0.0998887,-0.0204925,-0.0368857,-0.148727,0.0180748,0.803111,0.576686,7,0,4,3,1,0,0,0,0,2755,100.466,0,0,0,0,0,0,6,1,1,0,0,4,0,0.0140417,0.0170767,0.014416,0.0736491,0.0497922,0.0659513,0.0879822,7
2014-01-25 21:28:05,297,443957352481,0,0,0,3,1,Passive,1,Passive,-0.0914844,-0.0425997,-0.0469617,0.28877,0.0508719,-0.700253,-0.650899,7,0,4,3,5,0,0,0,0,2786,103.894,0,0,0,0,0,0,6,1,1,0,0,4,0,0.0158777,0.0152579,0.0150344,0.0558406,0.0594982,0.0772197,0.0838405,7
2014-01-25 21:29:05,417,443957412601,0,0,0,3,1,Passive,1,Passive,-0.0757828,-0.0638653,-0.0526881,-0.349584,-0.0409413,0.623305,0.698287,7,0,4,3,1,0,0,0,0,2816,106.634,0,0,0,0,0,0,6,1,1,0,0,4,0,0.0172129,0.0139769,0.0148836,0.047136,0.0651163,0.0893033,0.0744838,7
2014-01-25 21:30:05,547,443957472731,0,0,0,3,1,Passive,1,Passive,-0.0520959,-0.0803661,-0.0578355,0.3957,0.0394174,-0.548144,-0.735803,7,0,4,3,1,0,0,0,0,2846,108.607,0,0,0,0,0,0,6,1,1,0,0,4,0,0.0177433,0.0134859,0.0145828,0.0445923,0.0676088,0.0983454,0.0627627,7
2014-01-25 21:31:05,654,443957532838,0,0,0,3,1,Passive,1,Passive,-0.0312603,-0.0907077,-0.0571129,-0.417685,-0.0415752,0.490895,0.763435,7,0,4,3,5,0,0,0,0,2875,109.667,0,0,0,0,0,0,6,1,1,0,0,4,0,0.0172298,0.0139507,0.0145443,0.0504373,0.0635551,0.103659,0.0480725,7
2014-01-25 21:32:10,680,443957597864,0,0,0,0,0,Safe,0,Safe,0,0,0,0,0,0,0,0,0,0,0,0,0,0,0,0,0,0,0,0,0,0,0,0,0,0,0,0,0,0,0,0,0,0,0,0,0,0,0
2014-01-25 21:33:15,695,443957662879,0,0,0,0,0,Safe,0,Safe,0,0,0,0,0,0,0,0,0,0,0,0,0,0,0,0,0,0,0,0,0,0,0,0,0,0,0,0,0,0,0,0,0,0,0,0,0,0,0
2014-01-25 21:34:20,716,443957727900,0,0,0,0,0,Safe,0,Safe,0,0,0,0,0,0,0,0,0,0,0,0,0,0,0,0,0,0,0,0,0,0,0,0,0,0,0,0,0,0,0,0,0,0,0,0,0,0,0
2014-01-25 21:35:25,731,443957792915,0,0,0,0,0,Safe,0,Safe,0,0,0,0,0,0,0,0,0,0,0,0,0,0,0,0,0,0,0,0,0,0,0,0,0,0,0,0,0,0,0,0,0,0,0,0,0,0,0
2014-01-25 21:36:30,743,443957857927,0,0,0,0,0,Safe,0,Safe,0,0,0,0,0,0,0,0,0,0,0,0,0,0,0,0,0,0,0,0,0,0,0,0,0,0,0,0,0,0,0,0,0,0,0,0,0,0,0
2014-01-25 21:37:35,756,443957922940,0,0,0,0,0,Safe,0,Safe,0,0,0,0,0,0,0,0,0,0,0,0,0,0,0,0,0,0,0,0,0,0,0,0,0,0,0,0,0,0,0,0,0,0,0,0,0,0,0
2014-01-25 21:38:40,786,443957987970,0,0,0,0,0,Safe,0,Safe,0,0,0,0,0,0,0,0,0,0,0,0,0,0,0,0,0,0,0,0,0,0,0,0,0,0,0,0,0,0,0,0,0,0,0,0,0,0,0
2014-01-25 21:39:45,812,443958052996,0,0,0,0,0,Safe,0,Safe,0,0,0,0,0,0,0,0,0,0,0,0,0,0,0,0,0,0,0,0,0,0,0,0,0,0,0,0,0,0,0,0,0,0,0,0,0,0,0
2014-01-25 21:40:50,848,443958118032,0,0,0,0,0,Safe,0,Safe,0,0,0,0,0,0,0,0,0,0,0,0,0,0,0,0,0,0,0,0,0,0,0,0,0,0,0,0,0,0,0,0,0,0,0,0,0,0,0
2014-01-25 21:41:55,892,443958183076,0,0,0,0,0,Safe,0,Safe,0,0,0,0,0,0,0,0,0,0,0,0,0,0,0,0,0,0,0,0,0,0,0,0,0,0,0,0,0,0,0,0,0,0,0,0,0,0,0
2014-01-25 21:43:00,921,443958248105,0,0,0,0,0,Safe,0,Safe,0,0,0,0,0,0,0,0,0,0,0,0,0,0,0,0,0,0,0,0,0,0,0,0,0,0,0,0,0,0,0,0,0,0,0,0,0,0,0
2014-01-25 21:44:05,932,443958313116,0,0,0,0,0,Safe,0,Safe,0,0,0,0,0,0,0,0,0,0,0,0,0,0,0,0,0,0,0,0,0,0,0,0,0,0,0,0,0,0,0,0,0,0,0,0,0,0,0
2014-01-25 21:45:10,953,443958378137,0,0,0,0,0,Safe,0,Safe,0,0,0,0,0,0,0,0,0,0,0,0,0,0,0,0,0,0,0,0,0,0,0,0,0,0,0,0,0,0,0,0,0,0,0,0,0,0,0
2014-01-25 21:46:15,988,443958443172,0,0,0,0,0,Safe,0,Safe,0,0,0,0,0,0,0,0,0,0,0,0,0,0,0,0,0,0,0,0,0,0,0,0,0,0,0,0,0,0,0,0,0,0,0,0,0,0,0
2014-01-25 21:47:21,21,443958508205,0,0,0,0,0,Safe,0,Safe,0,0,0,0,0,0,0,0,0,0,0,0,0,0,0,0,0,0,0,0,0,0,0,0,0,0,0,0,0,0,0,0,0,0,0,0,0,0,0
2014-01-25 21:48:26,39,443958573223,0,0,0,0,0,Safe,0,Safe,0,0,0,0,0,0,0,0,0,0,0,0,0,0,0,0,0,0,0,0,0,0,0,0,0,0,0,0,0,0,0,0,0,0,0,0,0,0,0
2014-01-25 21:49:31,50,443958638234,0,0,0,0,0,Safe,0,Safe,0,0,0,0,0,0,0,0,0,0,0,0,0,0,0,0,0,0,0,0,0,0,0,0,0,0,0,0,0,0,0,0,0,0,0,0,0,0,0
2014-01-25 21:50:36,85,443958703269,0,0,0,0,0,Safe,0,Safe,0,0,0,0,0,0,0,0,0,0,0,0,0,0,0,0,0,0,0,0,0,0,0,0,0,0,0,0,0,0,0,0,0,0,0,0,0,0,0
2014-01-25 21:51:41,108,443958768292,0,0,0,0,0,Safe,0,Safe,0,0,0,0,0,0,0,0,0,0,0,0,0,0,0,0,0,0,0,0,0,0,0,0,0,0,0,0,0,0,0,0,0,0,0,0,0,0,0
2014-01-25 21:52:46,141,443958833325,0,0,0,0,0,Safe,0,Safe,0,0,0,0,0,0,0,0,0,0,0,0,0,0,0,0,0,0,0,0,0,0,0,0,0,0,0,0,0,0,0,0,0,0,0,0,0,0,0
2014-01-25 21:53:51,152,443958898336,0,0,0,0,0,Safe,0,Safe,0,0,0,0,0,0,0,0,0,0,0,0,0,0,0,0,0,0,0,0,0,0,0,0,0,0,0,0,0,0,0,0,0,0,0,0,0,0,0
2014-01-25 21:54:56,191,443958963375,0,0,0,0,0,Safe,0,Safe,0,0,0,0,0,0,0,0,0,0,0,0,0,0,0,0,0,0,0,0,0,0,0,0,0,0,0,0,0,0,0,0,0,0,0,0,0,0,0
2014-01-25 21:56:01,216,443959028400,0,0,0,0,0,Safe,0,Safe,0,0,0,0,0,0,0,0,0,0,0,0,0,0,0,0,0,0,0,0,0,0,0,0,0,0,0,0,0,0,0,0,0,0,0,0,0,0,0
2014-01-25 21:57:06,242,443959093426,0,0,0,0,0,Safe,0,Safe,0,0,0,0,0,0,0,0,0,0,0,0,0,0,0,0,0,0,0,0,0,0,0,0,0,0,0,0,0,0,0,0,0,0,0,0,0,0,0
2014-01-25 21:58:11,268,443959158452,0,0,0,0,0,Safe,0,Safe,0,0,0,0,0,0,0,0,0,0,0,0,0,0,0,0,0,0,0,0,0,0,0,0,0,0,0,0,0,0,0,0,0,0,0,0,0,0,0
2014-01-25 21:59:16,281,443959223465,0,0,0,0,0,Safe,0,Safe,0,0,0,0,0,0,0,0,0,0,0,0,0,0,0,0,0,0,0,0,0,0,0,0,0,0,0,0,0,0,0,0,0,0,0,0,0,0,0
2014-01-25 22:00:21,309,443959288493,0,0,0,0,0,Safe,0,Safe,0,0,0,0,0,0,0,0,0,0,0,0,0,0,0,0,0,0,0,0,0,0,0,0,0,0,0,0,0,0,0,0,0,0,0,0,0,0,0
2014-01-25 22:01:26,334,443959353518,0,0,0,0,0,Safe,0,Safe,0,0,0,0,0,0,0,0,0,0,0,0,0,0,0,0,0,0,0,0,0,0,0,0,0,0,0,0,0,0,0,0,0,0,0,0,0,0,0
2014-01-25 22:02:31,347,443959418531,0,0,0,0,0,Safe,0,Safe,0,0,0,0,0,0,0,0,0,0,0,0,0,0,0,0,0,0,0,0,0,0,0,0,0,0,0,0,0,0,0,0,0,0,0,0,0,0,0
2014-01-25 22:03:36,388,443959483572,0,0,0,0,0,Safe,0,Safe,0,0,0,0,0,0,0,0,0,0,0,0,0,0,0,0,0,0,0,0,0,0,0,0,0,0,0,0,0,0,0,0,0,0,0,0,0,0,0
2014-01-25 22:04:41,414,443959548598,0,0,0,0,0,Safe,0,Safe,0,0,0,0,0,0,0,0,0,0,0,0,0,0,0,0,0,0,0,0,0,0,0,0,0,0,0,0,0,0,0,0,0,0,0,0,0,0,0
2014-01-25 22:05:46,454,443959613638,0,0,0,0,0,Safe,0,Safe,0,0,0,0,0,0,0,0,0,0,0,0,0,0,0,0,0,0,0,0,0,0,0,0,0,0,0,0,0,0,0,0,0,0,0,0,0,0,0
2014-01-25 22:06:51,478,443959678662,0,0,0,0,0,Safe,0,Safe,0,0,0,0,0,0,0,0,0,0,0,0,0,0,0,0,0,0,0,0,0,0,0,0,0,0,0,0,0,0,0,0,0,0,0,0,0,0,0
2014-01-25 22:07:56,490,443959743674,0,0,0,0,0,Safe,0,Safe,0,0,0,0,0,0,0,0,0,0,0,0,0,0,0,0,0,0,0,0,0,0,0,0,0,0,0,0,0,0,0,0,0,0,0,0,0,0,0
2014-01-25 22:09:01,521,443959808705,0,0,0,0,0,Safe,0,Safe,0,0,0,0,0,0,0,0,0,0,0,0,0,0,0,0,0,0,0,0,0,0,0,0,0,0,0,0,0,0,0,0,0,0,0,0,0,0,0
2014-01-25 22:10:06,541,443959873725,0,0,0,0,0,Safe,0,Safe,0,0,0,0,0,0,0,0,0,0,0,0,0,0,0,0,0,0,0,0,0,0,0,0,0,0,0,0,0,0,0,0,0,0,0,0,0,0,0
2014-01-25 22:11:11,555,443959938739,0,0,0,0,0,Safe,0,Safe,0,0,0,0,0,0,0,0,0,0,0,0,0,0,0,0,0,0,0,0,0,0,0,0,0,0,0,0,0,0,0,0,0,0,0,0,0,0,0
2014-01-25 22:12:16,590,443960003774,0,0,0,0,0,Safe,0,Safe,0,0,0,0,0,0,0,0,0,0,0,0,0,0,0,0,0,0,0,0,0,0,0,0,0,0,0,0,0,0,0,0,0,0,0,0,0,0,0
2014-01-25 22:13:21,622,443960068806,0,0,0,0,0,Safe,0,Safe,0,0,0,0,0,0,0,0,0,0,0,0,0,0,0,0,0,0,0,0,0,0,0,0,0,0,0,0,0,0,0,0,0,0,0,0,0,0,0
2014-01-25 22:14:26,661,443960133845,0,0,0,0,0,Safe,0,Safe,0,0,0,0,0,0,0,0,0,0,0,0,0,0,0,0,0,0,0,0,0,0,0,0,0,0,0,0,0,0,0,0,0,0,0,0,0,0,0
2014-01-25 22:15:31,690,443960198874,0,0,0,0,0,Safe,0,Safe,0,0,0,0,0,0,0,0,0,0,0,0,0,0,0,0,0,0,0,0,0,0,0,0,0,0,0,0,0,0,0,0,0,0,0,0,0,0,0
2014-01-25 22:16:36,729,443960263913,0,0,0,0,0,Safe,0,Safe,0,0,0,0,0,0,0,0,0,0,0,0,0,0,0,0,0,0,0,0,0,0,0,0,0,0,0,0,0,0,0,0,0,0,0,0,0,0,0
2014-01-25 22:17:41,763,443960328947,0,0,0,0,0,Safe,0,Safe,0,0,0,0,0,0,0,0,0,0,0,0,0,0,0,0,0,0,0,0,0,0,0,0,0,0,0,0,0,0,0,0,0,0,0,0,0,0,0
2014-01-25 22:18:46,816,443960394000,0,0,0,0,0,Safe,0,Safe,0,0,0,0,0,0,0,0,0,0,0,0,0,0,0,0,0,0,0,0,0,0,0,0,0,0,0,0,0,0,0,0,0,0,0,0,0,0,0
2014-01-25 22:19:51,854,443960459038,0,0,0,0,0,Safe,0,Safe,0,0,0,0,0,0,0,0,0,0,0,0,0,0,0,0,0,0,0,0,0,0,0,0,0,0,0,0,0,0,0,0,0,0,0,0,0,0,0
2014-01-25 22:20:56,893,443960524077,0,0,0,0,0,Safe,0,Safe,0,0,0,0,0,0,0,0,0,0,0,0,0,0,0,0,0,0,0,0,0,0,0,0,0,0,0,0,0,0,0,0,0,0,0,0,0,0,0
2014-01-25 22:22:01,932,443960589116,0,0,0,0,0,Safe,0,Safe,0,0,0,0,0,0,0,0,0,0,0,0,0,0,0,0,0,0,0,0,0,0,0,0,0,0,0,0,0,0,0,0,0,0,0,0,0,0,0
2014-01-25 22:23:06,944,443960654128,0,0,0,0,0,Safe,0,Safe,0,0,0,0,0,0,0,0,0,0,0,0,0,0,0,0,0,0,0,0,0,0,0,0,0,0,0,0,0,0,0,0,0,0,0,0,0,0,0
2014-01-25 22:24:11,958,443960719142,0,0,0,0,0,Safe,0,Safe,0,0,0,0,0,0,0,0,0,0,0,0,0,0,0,0,0,0,0,0,0,0,0,0,0,0,0,0,0,0,0,0,0,0,0,0,0,0,0
2014-01-25 22:25:16,982,443960784166,0,0,0,0,0,Safe,0,Safe,0,0,0,0,0,0,0,0,0,0,0,0,0,0,0,0,0,0,0,0,0,0,0,0,0,0,0,0,0,0,0,0,0,0,0,0,0,0,0
2014-01-25 22:26:22,6,443960849190,0,0,0,0,0,Safe,0,Safe,0,0,0,0,0,0,0,0,0,0,0,0,0,0,0,0,0,0,0,0,0,0,0,0,0,0,0,0,0,0,0,0,0,0,0,0,0,0,0
2014-01-25 22:27:27,25,443960914209,0,0,0,0,0,Safe,0,Safe,0,0,0,0,0,0,0,0,0,0,0,0,0,0,0,0,0,0,0,0,0,0,0,0,0,0,0,0,0,0,0,0,0,0,0,0,0,0,0
2014-01-25 22:28:32,65,443960979249,0,0,0,0,0,Safe,0,Safe,0,0,0,0,0,0,0,0,0,0,0,0,0,0,0,0,0,0,0,0,0,0,0,0,0,0,0,0,0,0,0,0,0,0,0,0,0,0,0
2014-01-25 22:29:37,104,443961044288,0,0,0,0,0,Safe,0,Safe,0,0,0,0,0,0,0,0,0,0,0,0,0,0,0,0,0,0,0,0,0,0,0,0,0,0,0,0,0,0,0,0,0,0,0,0,0,0,0
2014-01-25 22:30:42,143,443961109327,0,0,0,0,0,Safe,0,Safe,0,0,0,0,0,0,0,0,0,0,0,0,0,0,0,0,0,0,0,0,0,0,0,0,0,0,0,0,0,0,0,0,0,0,0,0,0,0,0
2014-01-25 22:31:47,167,443961174351,0,0,0,0,0,Safe,0,Safe,0,0,0,0,0,0,0,0,0,0,0,0,0,0,0,0,0,0,0,0,0,0,0,0,0,0,0,0,0,0,0,0,0,0,0,0,0,0,0
2014-01-25 22:32:52,189,443961239373,0,0,0,0,0,Safe,0,Safe,0,0,0,0,0,0,0,0,0,0,0,0,0,0,0,0,0,0,0,0,0,0,0,0,0,0,0,0,0,0,0,0,0,0,0,0,0,0,0
2014-01-25 22:33:57,229,443961304413,0,0,0,0,0,Safe,0,Safe,0,0,0,0,0,0,0,0,0,0,0,0,0,0,0,0,0,0,0,0,0,0,0,0,0,0,0,0,0,0,0,0,0,0,0,0,0,0,0
2014-01-25 22:35:02,241,443961369425,0,0,0,0,0,Safe,0,Safe,0,0,0,0,0,0,0,0,0,0,0,0,0,0,0,0,0,0,0,0,0,0,0,0,0,0,0,0,0,0,0,0,0,0,0,0,0,0,0
2014-01-25 22:36:07,277,443961434461,0,0,0,0,0,Safe,0,Safe,0,0,0,0,0,0,0,0,0,0,0,0,0,0,0,0,0,0,0,0,0,0,0,0,0,0,0,0,0,0,0,0,0,0,0,0,0,0,0
2014-01-25 22:37:12,312,443961499496,0,0,0,0,0,Safe,0,Safe,0,0,0,0,0,0,0,0,0,0,0,0,0,0,0,0,0,0,0,0,0,0,0,0,0,0,0,0,0,0,0,0,0,0,0,0,0,0,0
2014-01-25 22:38:17,331,443961564515,0,0,0,0,0,Safe,0,Safe,0,0,0,0,0,0,0,0,0,0,0,0,0,0,0,0,0,0,0,0,0,0,0,0,0,0,0,0,0,0,0,0,0,0,0,0,0,0,0
2014-01-25 22:39:22,363,443961629547,0,0,0,0,0,Safe,0,Safe,0,0,0,0,0,0,0,0,0,0,0,0,0,0,0,0,0,0,0,0,0,0,0,0,0,0,0,0,0,0,0,0,0,0,0,0,0,0,0
2014-01-25 22:40:27,402,443961694586,0,0,0,0,0,Safe,0,Safe,0,0,0,0,0,0,0,0,0,0,0,0,0,0,0,0,0,0,0,0,0,0,0,0,0,0,0,0,0,0,0,0,0,0,0,0,0,0,0
2014-01-25 22:41:32,420,443961759604,0,0,0,0,0,Safe,0,Safe,0,0,0,0,0,0,0,0,0,0,0,0,0,0,0,0,0,0,0,0,0,0,0,0,0,0,0,0,0,0,0,0,0,0,0,0,0,0,0
2014-01-25 22:42:37,444,443961824628,0,0,0,0,0,Safe,0,Safe,0,0,0,0,0,0,0,0,0,0,0,0,0,0,0,0,0,0,0,0,0,0,0,0,0,0,0,0,0,0,0,0,0,0,0,0,0,0,0
2014-01-25 22:43:42,460,443961889644,0,0,0,0,0,Safe,0,Safe,0,0,0,0,0,0,0,0,0,0,0,0,0,0,0,0,0,0,0,0,0,0,0,0,0,0,0,0,0,0,0,0,0,0,0,0,0,0,0
2014-01-25 22:44:47,498,443961954682,0,0,0,0,0,Safe,0,Safe,0,0,0,0,0,0,0,0,0,0,0,0,0,0,0,0,0,0,0,0,0,0,0,0,0,0,0,0,0,0,0,0,0,0,0,0,0,0,0
2014-01-25 22:45:52,518,443962019702,0,0,0,0,0,Safe,0,Safe,0,0,0,0,0,0,0,0,0,0,0,0,0,0,0,0,0,0,0,0,0,0,0,0,0,0,0,0,0,0,0,0,0,0,0,0,0,0,0
2014-01-25 22:46:57,530,443962084714,0,0,0,0,0,Safe,0,Safe,0,0,0,0,0,0,0,0,0,0,0,0,0,0,0,0,0,0,0,0,0,0,0,0,0,0,0,0,0,0,0,0,0,0,0,0,0,0,0
2014-01-25 22:48:02,556,443962149740,0,0,0,0,0,Safe,0,Safe,0,0,0,0,0,0,0,0,0,0,0,0,0,0,0,0,0,0,0,0,0,0,0,0,0,0,0,0,0,0,0,0,0,0,0,0,0,0,0
2014-01-25 22:49:07,582,443962214766,0,0,0,0,0,Safe,0,Safe,0,0,0,0,0,0,0,0,0,0,0,0,0,0,0,0,0,0,0,0,0,0,0,0,0,0,0,0,0,0,0,0,0,0,0,0,0,0,0
2014-01-25 22:50:12,617,443962279801,0,0,0,0,0,Safe,0,Safe,0,0,0,0,0,0,0,0,0,0,0,0,0,0,0,0,0,0,0,0,0,0,0,0,0,0,0,0,0,0,0,0,0,0,0,0,0,0,0
2014-01-25 22:51:17,637,443962344821,0,0,0,0,0,Safe,0,Safe,0,0,0,0,0,0,0,0,0,0,0,0,0,0,0,0,0,0,0,0,0,0,0,0,0,0,0,0,0,0,0,0,0,0,0,0,0,0,0
2014-01-25 22:52:22,648,443962409832,0,0,0,0,0,Safe,0,Safe,0,0,0,0,0,0,0,0,0,0,0,0,0,0,0,0,0,0,0,0,0,0,0,0,0,0,0,0,0,0,0,0,0,0,0,0,0,0,0
2014-01-25 22:53:27,681,443962474865,0,0,0,0,0,Safe,0,Safe,0,0,0,0,0,0,0,0,0,0,0,0,0,0,0,0,0,0,0,0,0,0,0,0,0,0,0,0,0,0,0,0,0,0,0,0,0,0,0
2014-01-25 22:54:32,708,443962539892,0,0,0,0,0,Safe,0,Safe,0,0,0,0,0,0,0,0,0,0,0,0,0,0,0,0,0,0,0,0,0,0,0,0,0,0,0,0,0,0,0,0,0,0,0,0,0,0,0
2014-01-25 22:55:37,746,443962604930,0,0,0,0,0,Safe,0,Safe,0,0,0,0,0,0,0,0,0,0,0,0,0,0,0,0,0,0,0,0,0,0,0,0,0,0,0,0,0,0,0,0,0,0,0,0,0,0,0
2014-01-25 22:56:42,779,443962669963,0,0,0,0,0,Safe,0,Safe,0,0,0,0,0,0,0,0,0,0,0,0,0,0,0,0,0,0,0,0,0,0,0,0,0,0,0,0,0,0,0,0,0,0,0,0,0,0,0
2014-01-25 22:57:47,801,443962734985,0,0,0,0,0,Safe,0,Safe,0,0,0,0,0,0,0,0,0,0,0,0,0,0,0,0,0,0,0,0,0,0,0,0,0,0,0,0,0,0,0,0,0,0,0,0,0,0,0
2014-01-25 22:58:52,814,443962799998,0,0,0,0,0,Safe,0,Safe,0,0,0,0,0,0,0,0,0,0,0,0,0,0,0,0,0,0,0,0,0,0,0,0,0,0,0,0,0,0,0,0,0,0,0,0,0,0,0
2014-01-25 22:59:57,826,443962865010,0,0,0,0,0,Safe,0,Safe,0,0,0,0,0,0,0,0,0,0,0,0,0,0,0,0,0,0,0,0,0,0,0,0,0,0,0,0,0,0,0,0,0,0,0,0,0,0,0
2014-01-25 23:01:02,855,443962930039,0,0,0,0,0,Safe,0,Safe,0,0,0,0,0,0,0,0,0,0,0,0,0,0,0,0,0,0,0,0,0,0,0,0,0,0,0,0,0,0,0,0,0,0,0,0,0,0,0
2014-01-25 23:02:07,881,443962995065,0,0,0,0,0,Safe,0,Safe,0,0,0,0,0,0,0,0,0,0,0,0,0,0,0,0,0,0,0,0,0,0,0,0,0,0,0,0,0,0,0,0,0,0,0,0,0,0,0
2014-01-25 23:03:12,906,443963060090,0,0,0,0,0,Safe,0,Safe,0,0,0,0,0,0,0,0,0,0,0,0,0,0,0,0,0,0,0,0,0,0,0,0,0,0,0,0,0,0,0,0,0,0,0,0,0,0,0
2014-01-25 23:04:17,927,443963125111,0,0,0,0,0,Safe,0,Safe,0,0,0,0,0,0,0,0,0,0,0,0,0,0,0,0,0,0,0,0,0,0,0,0,0,0,0,0,0,0,0,0,0,0,0,0,0,0,0
2014-01-25 23:05:22,938,443963190122,0,0,0,0,0,Safe,0,Safe,0,0,0,0,0,0,0,0,0,0,0,0,0,0,0,0,0,0,0,0,0,0,0,0,0,0,0,0,0,0,0,0,0,0,0,0,0,0,0
2014-01-25 23:06:27,953,443963255137,0,0,0,0,0,Safe,0,Safe,0,0,0,0,0,0,0,0,0,0,0,0,0,0,0,0,0,0,0,0,0,0,0,0,0,0,0,0,0,0,0,0,0,0,0,0,0,0,0
2014-01-25 23:07:32,973,443963320157,0,0,0,0,0,Safe,0,Safe,0,0,0,0,0,0,0,0,0,0,0,0,0,0,0,0,0,0,0,0,0,0,0,0,0,0,0,0,0,0,0,0,0,0,0,0,0,0,0
2014-01-25 23:08:38,13,443963385197,0,0,0,0,0,Safe,0,Safe,0,0,0,0,0,0,0,0,0,0,0,0,0,0,0,0,0,0,0,0,0,0,0,0,0,0,0,0,0,0,0,0,0,0,0,0,0,0,0
2014-01-25 23:09:43,24,443963450208,0,0,0,0,0,Safe,0,Safe,0,0,0,0,0,0,0,0,0,0,0,0,0,0,0,0,0,0,0,0,0,0,0,0,0,0,0,0,0,0,0,0,0,0,0,0,0,0,0
2014-01-25 23:10:48,51,443963515235,0,0,0,0,0,Safe,0,Safe,0,0,0,0,0,0,0,0,0,0,0,0,0,0,0,0,0,0,0,0,0,0,0,0,0,0,0,0,0,0,0,0,0,0,0,0,0,0,0
2014-01-25 23:11:53,85,443963580269,0,0,0,0,0,Safe,0,Safe,0,0,0,0,0,0,0,0,0,0,0,0,0,0,0,0,0,0,0,0,0,0,0,0,0,0,0,0,0,0,0,0,0,0,0,0,0,0,0
2014-01-25 23:12:58,105,443963645289,0,0,0,0,0,Safe,0,Safe,0,0,0,0,0,0,0,0,0,0,0,0,0,0,0,0,0,0,0,0,0,0,0,0,0,0,0,0,0,0,0,0,0,0,0,0,0,0,0
2014-01-25 23:14:03,119,443963710303,0,0,0,0,0,Safe,0,Safe,0,0,0,0,0,0,0,0,0,0,0,0,0,0,0,0,0,0,0,0,0,0,0,0,0,0,0,0,0,0,0,0,0,0,0,0,0,0,0
2014-01-25 23:15:08,130,443963775314,0,0,0,0,0,Safe,0,Safe,0,0,0,0,0,0,0,0,0,0,0,0,0,0,0,0,0,0,0,0,0,0,0,0,0,0,0,0,0,0,0,0,0,0,0,0,0,0,0
2014-01-25 23:16:13,153,443963840337,0,0,0,0,0,Safe,0,Safe,0,0,0,0,0,0,0,0,0,0,0,0,0,0,0,0,0,0,0,0,0,0,0,0,0,0,0,0,0,0,0,0,0,0,0,0,0,0,0
2014-01-25 23:17:18,180,443963905364,0,0,0,0,0,Safe,0,Safe,0,0,0,0,0,0,0,0,0,0,0,0,0,0,0,0,0,0,0,0,0,0,0,0,0,0,0,0,0,0,0,0,0,0,0,0,0,0,0
2014-01-25 23:18:23,196,443963970380,0,0,0,0,0,Safe,0,Safe,0,0,0,0,0,0,0,0,0,0,0,0,0,0,0,0,0,0,0,0,0,0,0,0,0,0,0,0,0,0,0,0,0,0,0,0,0,0,0
2014-01-25 23:19:28,222,443964035406,0,0,0,0,0,Safe,0,Safe,0,0,0,0,0,0,0,0,0,0,0,0,0,0,0,0,0,0,0,0,0,0,0,0,0,0,0,0,0,0,0,0,0,0,0,0,0,0,0
2014-01-25 23:20:33,256,443964100440,0,0,0,0,0,Safe,0,Safe,0,0,0,0,0,0,0,0,0,0,0,0,0,0,0,0,0,0,0,0,0,0,0,0,0,0,0,0,0,0,0,0,0,0,0,0,0,0,0
2014-01-25 23:21:38,306,443964165490,0,0,0,0,0,Safe,0,Safe,0,0,0,0,0,0,0,0,0,0,0,0,0,0,0,0,0,0,0,0,0,0,0,0,0,0,0,0,0,0,0,0,0,0,0,0,0,0,0
2014-01-25 23:22:43,328,443964230512,0,0,0,0,0,Safe,0,Safe,0,0,0,0,0,0,0,0,0,0,0,0,0,0,0,0,0,0,0,0,0,0,0,0,0,0,0,0,0,0,0,0,0,0,0,0,0,0,0
2014-01-25 23:23:48,364,443964295548,0,0,0,0,0,Safe,0,Safe,0,0,0,0,0,0,0,0,0,0,0,0,0,0,0,0,0,0,0,0,0,0,0,0,0,0,0,0,0,0,0,0,0,0,0,0,0,0,0
2014-01-25 23:24:53,386,443964360570,0,0,0,0,0,Safe,0,Safe,0,0,0,0,0,0,0,0,0,0,0,0,0,0,0,0,0,0,0,0,0,0,0,0,0,0,0,0,0,0,0,0,0,0,0,0,0,0,0
2014-01-25 23:25:58,413,443964425597,0,0,0,0,0,Safe,0,Safe,0,0,0,0,0,0,0,0,0,0,0,0,0,0,0,0,0,0,0,0,0,0,0,0,0,0,0,0,0,0,0,0,0,0,0,0,0,0,0
2014-01-25 23:27:03,448,443964490632,0,0,0,0,0,Safe,0,Safe,0,0,0,0,0,0,0,0,0,0,0,0,0,0,0,0,0,0,0,0,0,0,0,0,0,0,0,0,0,0,0,0,0,0,0,0,0,0,0
2014-01-25 23:28:08,467,443964555651,0,0,0,0,0,Safe,0,Safe,0,0,0,0,0,0,0,0,0,0,0,0,0,0,0,0,0,0,0,0,0,0,0,0,0,0,0,0,0,0,0,0,0,0,0,0,0,0,0
2014-01-25 23:29:13,485,443964620669,0,0,0,0,0,Safe,0,Safe,0,0,0,0,0,0,0,0,0,0,0,0,0,0,0,0,0,0,0,0,0,0,0,0,0,0,0,0,0,0,0,0,0,0,0,0,0,0,0
2014-01-25 23:30:18,500,443964685684,0,0,0,0,0,Safe,0,Safe,0,0,0,0,0,0,0,0,0,0,0,0,0,0,0,0,0,0,0,0,0,0,0,0,0,0,0,0,0,0,0,0,0,0,0,0,0,0,0
2014-01-25 23:31:23,514,443964750698,0,0,0,0,0,Safe,0,Safe,0,0,0,0,0,0,0,0,0,0,0,0,0,0,0,0,0,0,0,0,0,0,0,0,0,0,0,0,0,0,0,0,0,0,0,0,0,0,0
2014-01-25 23:32:28,554,443964815738,0,0,0,0,0,Safe,0,Safe,0,0,0,0,0,0,0,0,0,0,0,0,0,0,0,0,0,0,0,0,0,0,0,0,0,0,0,0,0,0,0,0,0,0,0,0,0,0,0
2014-01-25 23:33:33,594,443964880778,0,0,0,0,0,Safe,0,Safe,0,0,0,0,0,0,0,0,0,0,0,0,0,0,0,0,0,0,0,0,0,0,0,0,0,0,0,0,0,0,0,0,0,0,0,0,0,0,0
2014-01-25 23:34:38,611,443964945795,0,0,0,0,0,Safe,0,Safe,0,0,0,0,0,0,0,0,0,0,0,0,0,0,0,0,0,0,0,0,0,0,0,0,0,0,0,0,0,0,0,0,0,0,0,0,0,0,0
2014-01-25 23:35:43,640,443965010824,0,0,0,0,0,Safe,0,Safe,0,0,0,0,0,0,0,0,0,0,0,0,0,0,0,0,0,0,0,0,0,0,0,0,0,0,0,0,0,0,0,0,0,0,0,0,0,0,0
2014-01-25 23:36:48,671,443965075855,0,0,0,0,0,Safe,0,Safe,0,0,0,0,0,0,0,0,0,0,0,0,0,0,0,0,0,0,0,0,0,0,0,0,0,0,0,0,0,0,0,0,0,0,0,0,0,0,0
2014-01-25 23:37:53,706,443965140890,0,0,0,0,0,Safe,0,Safe,0,0,0,0,0,0,0,0,0,0,0,0,0,0,0,0,0,0,0,0,0,0,0,0,0,0,0,0,0,0,0,0,0,0,0,0,0,0,0
2014-01-25 23:38:58,729,443965205913,0,0,0,0,0,Safe,0,Safe,0,0,0,0,0,0,0,0,0,0,0,0,0,0,0,0,0,0,0,0,0,0,0,0,0,0,0,0,0,0,0,0,0,0,0,0,0,0,0
2014-01-25 23:40:03,765,443965270949,0,0,0,0,0,Safe,0,Safe,0,0,0,0,0,0,0,0,0,0,0,0,0,0,0,0,0,0,0,0,0,0,0,0,0,0,0,0,0,0,0,0,0,0,0,0,0,0,0
2014-01-25 23:41:08,803,443965335987,0,0,0,0,0,Safe,0,Safe,0,0,0,0,0,0,0,0,0,0,0,0,0,0,0,0,0,0,0,0,0,0,0,0,0,0,0,0,0,0,0,0,0,0,0,0,0,0,0
2014-01-25 23:42:13,824,443965401008,0,0,0,0,0,Safe,0,Safe,0,0,0,0,0,0,0,0,0,0,0,0,0,0,0,0,0,0,0,0,0,0,0,0,0,0,0,0,0,0,0,0,0,0,0,0,0,0,0
2014-01-25 23:43:18,860,443965466044,0,0,0,0,0,Safe,0,Safe,0,0,0,0,0,0,0,0,0,0,0,0,0,0,0,0,0,0,0,0,0,0,0,0,0,0,0,0,0,0,0,0,0,0,0,0,0,0,0
2014-01-25 23:44:23,872,443965531056,0,0,0,0,0,Safe,0,Safe,0,0,0,0,0,0,0,0,0,0,0,0,0,0,0,0,0,0,0,0,0,0,0,0,0,0,0,0,0,0,0,0,0,0,0,0,0,0,0
2014-01-25 23:45:28,896,443965596080,0,0,0,0,0,Safe,0,Safe,0,0,0,0,0,0,0,0,0,0,0,0,0,0,0,0,0,0,0,0,0,0,0,0,0,0,0,0,0,0,0,0,0,0,0,0,0,0,0
2014-01-25 23:46:33,922,443965661106,0,0,0,0,0,Safe,0,Safe,0,0,0,0,0,0,0,0,0,0,0,0,0,0,0,0,0,0,0,0,0,0,0,0,0,0,0,0,0,0,0,0,0,0,0,0,0,0,0
2014-01-25 23:47:38,947,443965726131,0,0,0,0,0,Safe,0,Safe,0,0,0,0,0,0,0,0,0,0,0,0,0,0,0,0,0,0,0,0,0,0,0,0,0,0,0,0,0,0,0,0,0,0,0,0,0,0,0
2014-01-25 23:48:43,989,443965791173,0,0,0,0,0,Safe,0,Safe,0,0,0,0,0,0,0,0,0,0,0,0,0,0,0,0,0,0,0,0,0,0,0,0,0,0,0,0,0,0,0,0,0,0,0,0,0,0,0
2014-01-25 23:49:49,17,443965856201,0,0,0,0,0,Safe,0,Safe,0,0,0,0,0,0,0,0,0,0,0,0,0,0,0,0,0,0,0,0,0,0,0,0,0,0,0,0,0,0,0,0,0,0,0,0,0,0,0
2014-01-25 23:50:54,40,443965921224,0,0,0,0,0,Safe,0,Safe,0,0,0,0,0,0,0,0,0,0,0,0,0,0,0,0,0,0,0,0,0,0,0,0,0,0,0,0,0,0,0,0,0,0,0,0,0,0,0
2014-01-25 23:51:59,59,443965986243,0,0,0,0,0,Safe,0,Safe,0,0,0,0,0,0,0,0,0,0,0,0,0,0,0,0,0,0,0,0,0,0,0,0,0,0,0,0,0,0,0,0,0,0,0,0,0,0,0
2014-01-25 23:53:04,72,443966051256,0,0,0,0,0,Safe,0,Safe,0,0,0,0,0,0,0,0,0,0,0,0,0,0,0,0,0,0,0,0,0,0,0,0,0,0,0,0,0,0,0,0,0,0,0,0,0,0,0
2014-01-25 23:54:09,86,443966116270,0,0,0,0,0,Safe,0,Safe,0,0,0,0,0,0,0,0,0,0,0,0,0,0,0,0,0,0,0,0,0,0,0,0,0,0,0,0,0,0,0,0,0,0,0,0,0,0,0
2014-01-25 23:55:14,102,443966181286,0,0,0,0,0,Safe,0,Safe,0,0,0,0,0,0,0,0,0,0,0,0,0,0,0,0,0,0,0,0,0,0,0,0,0,0,0,0,0,0,0,0,0,0,0,0,0,0,0
2014-01-25 23:56:19,124,443966246308,0,0,0,0,0,Safe,0,Safe,0,0,0,0,0,0,0,0,0,0,0,0,0,0,0,0,0,0,0,0,0,0,0,0,0,0,0,0,0,0,0,0,0,0,0,0,0,0,0
2014-01-25 23:57:24,159,443966311343,0,0,0,0,0,Safe,0,Safe,0,0,0,0,0,0,0,0,0,0,0,0,0,0,0,0,0,0,0,0,0,0,0,0,0,0,0,0,0,0,0,0,0,0,0,0,0,0,0
2014-01-25 23:58:29,190,443966376374,0,0,0,0,0,Safe,0,Safe,0,0,0,0,0,0,0,0,0,0,0,0,0,0,0,0,0,0,0,0,0,0,0,0,0,0,0,0,0,0,0,0,0,0,0,0,0,0,0
2014-01-25 23:59:34,225,443966441409,0,0,0,0,0,Safe,0,Safe,0,0,0,0,0,0,0,0,0,0,0,0,0,0,0,0,0,0,0,0,0,0,0,0,0,0,0,0,0,0,0,0,0,0,0,0,0,0,0
2014-01-25 19:53:34,201,443951681385,0,0,0,0,0,Safe,0,Safe,0,0,0,0,0,0,0,0,0,0,0,0,0,0,0,0,0,0,0,0,0,0,0,0,0,0,0,0,0,0,0,0,0,0,0,0,0,0,0
2014-01-25 19:51:24,169,443951551353,0,0,0,0,0,Safe,0,Safe,0,0,0,0,0,0,0,0,0,0,0,0,0,0,0,0,0,0,0,0,0,0,0,0,0,0,0,0,0,0,0,0,0,0,0,0,0,0,0
2014-01-25 19:52:29,189,443951616373,0,0,0,0,0,Safe,0,Safe,0,0,0,0,0,0,0,0,0,0,0,0,0,0,0,0,0,0,0,0,0,0,0,0,0,0,0,0,0,0,0,0,0,0,0,0,0,0,0
