'Date (YYYY-MM-DD HH:MM:SS),'Date Millisecond Offset,'Date (J2000 mseconds),'Reset Count File,'Reset Reason File,'Comm Err Count File,'Scrub Index File,'SEU Count File,'Init Pointer File,'Ping Pointer File,'ADC Raw1 File,'ADC Raw2 File,'ADC Raw3 File,'ADC Raw4 File,'PWM Setting File,'PWM Period File,'PWM Controller Pointer File,'PWM Controller Cycle File,'PWM DCycle1 File,'PWM DCycle2 File,'PWM DCycle3 File,'PWM DCycle4 File,'Converted Temp1 File(°C),'Converted Temp2 File(°C),'Converted Temp3 File(°C),'Converted Temp4 File(°C),'Controller P Gain File,'Controller I Gain File,'Controller D Gain File,'Controller I Max File,'Controller Max DT File,'Controller SetPoint File,'Controller I State File
2014-02-01 00:00:23,946,444484891130,,,,,,,,0,0,0,0,,,,,,,,,0,0,0,0,,,,,,,
2014-02-01 00:01:24,365,444484951549,,,,,,,,0,0,0,0,,,,,,,,,0,0,0,0,,,,,,,
2014-02-01 00:02:24,819,444485012003,,,,,,,,0,0,0,0,,,,,,,,,0,0,0,0,,,,,,,
2014-02-01 00:03:25,243,444485072427,,,,,,,,0,0,0,0,,,,,,,,,0,0,0,0,,,,,,,
2014-02-01 00:04:25,729,444485132913,,,,,,,,0,0,0,0,,,,,,,,,0,0,0,0,,,,,,,
2014-02-01 00:05:26,161,444485193345,,,,,,,,0,0,0,0,,,,,,,,,0,0,0,0,,,,,,,
2014-02-01 00:06:26,646,444485253830,,,,,,,,0,0,0,0,,,,,,,,,0,0,0,0,,,,,,,
2014-02-01 00:07:27,67,444485314251,,,,,,,,0,0,0,0,,,,,,,,,0,0,0,0,,,,,,,
2014-02-01 00:08:27,543,444485374727,,,,,,,,0,0,0,0,,,,,,,,,0,0,0,0,,,,,,,
2014-02-01 00:09:28,53,444485435237,,,,,,,,0,0,0,0,,,,,,,,,0,0,0,0,,,,,,,
2014-02-01 00:10:28,490,444485495674,,,,,,,,0,0,0,0,,,,,,,,,0,0,0,0,,,,,,,
2014-02-01 00:11:28,937,444485556121,,,,,,,,0,0,0,0,,,,,,,,,0,0,0,0,,,,,,,
2014-02-01 00:12:29,431,444485616615,,,,,,,,0,0,0,0,,,,,,,,,0,0,0,0,,,,,,,
2014-02-01 00:13:29,872,444485677056,,,,,,,,0,0,0,0,,,,,,,,,0,0,0,0,,,,,,,
2014-02-01 00:14:30,299,444485737483,,,,,,,,0,0,0,0,,,,,,,,,0,0,0,0,,,,,,,
2014-02-01 00:15:30,809,444485797993,,,,,,,,0,0,0,0,,,,,,,,,0,0,0,0,,,,,,,
2014-02-01 00:16:31,281,444485858465,,,,,,,,0,0,0,0,,,,,,,,,0,0,0,0,,,,,,,
2014-02-01 00:17:31,725,444485918909,,,,,,,,0,0,0,0,,,,,,,,,0,0,0,0,,,,,,,
2014-02-01 00:18:32,148,444485979332,,,,,,,,0,0,0,0,,,,,,,,,0,0,0,0,,,,,,,
2014-02-01 00:19:32,992,444486040176,,,,,,,,0,0,0,0,,,,,,,,,0,0,0,0,,,,,,,
2014-02-01 00:20:33,459,444486100643,,,,,,,,0,0,0,0,,,,,,,,,0,0,0,0,,,,,,,
2014-02-01 00:21:33,966,444486161150,,,,,,,,0,0,0,0,,,,,,,,,0,0,0,0,,,,,,,
2014-02-01 00:22:34,441,444486221625,,,,,,,,0,0,0,0,,,,,,,,,0,0,0,0,,,,,,,
2014-02-01 00:23:34,889,444486282073,,,,,,,,0,0,0,0,,,,,,,,,0,0,0,0,,,,,,,
2014-02-01 00:24:35,282,444486342466,,,,,,,,0,0,0,0,,,,,,,,,0,0,0,0,,,,,,,
2014-02-01 00:25:35,714,444486402898,,,,,,,,0,0,0,0,,,,,,,,,0,0,0,0,,,,,,,
2014-02-01 00:26:36,113,444486463297,,,,,,,,0,0,0,0,,,,,,,,,0,0,0,0,,,,,,,
2014-02-01 00:27:36,872,444486524056,,,,,,,,0,0,0,0,,,,,,,,,0,0,0,0,,,,,,,
2014-02-01 00:28:37,347,444486584531,,,,,,,,0,0,0,0,,,,,,,,,0,0,0,0,,,,,,,
2014-02-01 00:29:37,825,444486645009,,,,,,,,0,0,0,0,,,,,,,,,0,0,0,0,,,,,,,
2014-02-01 00:30:38,261,444486705445,,,,,,,,0,0,0,0,,,,,,,,,0,0,0,0,,,,,,,
2014-02-01 00:31:38,777,444486765961,,,,,,,,0,0,0,0,,,,,,,,,0,0,0,0,,,,,,,
2014-02-01 00:32:39,286,444486826470,,,,,,,,0,0,0,0,,,,,,,,,0,0,0,0,,,,,,,
2014-02-01 00:33:39,719,444486886903,,,,,,,,0,0,0,0,,,,,,,,,0,0,0,0,,,,,,,
2014-02-01 00:34:40,174,444486947358,,,,,,,,0,0,0,0,,,,,,,,,0,0,0,0,,,,,,,
2014-02-01 00:35:40,669,444487007853,,,,,,,,0,0,0,0,,,,,,,,,0,0,0,0,,,,,,,
2014-02-01 00:36:41,136,444487068320,,,,,,,,0,0,0,0,,,,,,,,,0,0,0,0,,,,,,,
2014-02-01 00:37:41,592,444487128776,,,,,,,,0,0,0,0,,,,,,,,,0,0,0,0,,,,,,,
2014-02-01 00:38:42,90,444487189274,,,,,,,,0,0,0,0,,,,,,,,,0,0,0,0,,,,,,,
2014-02-01 00:39:43,73,444487250257,,,,,,,,0,0,0,0,,,,,,,,,0,0,0,0,,,,,,,
2014-02-01 00:40:43,470,444487310654,,,,,,,,0,0,0,0,,,,,,,,,0,0,0,0,,,,,,,
2014-02-01 00:41:43,975,444487371159,,,,,,,,0,0,0,0,,,,,,,,,0,0,0,0,,,,,,,
2014-02-01 00:42:44,439,444487431623,,,,,,,,0,0,0,0,,,,,,,,,0,0,0,0,,,,,,,
2014-02-01 00:43:44,881,444487492065,,,,,,,,0,0,0,0,,,,,,,,,0,0,0,0,,,,,,,
2014-02-01 00:44:45,327,444487552511,,,,,,,,0,0,0,0,,,,,,,,,0,0,0,0,,,,,,,
2014-02-01 00:45:45,729,444487612913,,,,,,,,0,0,0,0,,,,,,,,,0,0,0,0,,,,,,,
2014-02-01 00:46:46,162,444487673346,,,,,,,,0,0,0,0,,,,,,,,,0,0,0,0,,,,,,,
2014-02-01 00:47:47,65,444487734249,,,,,,,,0,0,0,0,,,,,,,,,0,0,0,0,,,,,,,
2014-02-01 00:48:47,478,444487794662,,,,,,,,0,0,0,0,,,,,,,,,0,0,0,0,,,,,,,
2014-02-01 00:49:47,943,444487855127,,,,,,,,0,0,0,0,,,,,,,,,0,0,0,0,,,,,,,
2014-02-01 00:50:49,123,444487916307,,,,,,,,0,0,0,0,,,,,,,,,0,0,0,0,,,,,,,
2014-02-01 00:51:49,648,444487976832,,,,,,,,0,0,0,0,,,,,,,,,0,0,0,0,,,,,,,
2014-02-01 00:52:50,149,444488037333,,,,,,,,0,0,0,0,,,,,,,,,0,0,0,0,,,,,,,
2014-02-01 00:53:51,332,444488098516,,,,,,,,0,0,0,0,,,,,,,,,0,0,0,0,,,,,,,
2014-02-01 00:54:51,707,444488158891,,,,,,,,0,0,0,0,,,,,,,,,0,0,0,0,,,,,,,
2014-02-01 00:55:52,126,444488219310,,,,,,,,0,0,0,0,,,,,,,,,0,0,0,0,,,,,,,
2014-02-01 00:56:52,644,444488279828,,,,,,,,0,0,0,0,,,,,,,,,0,0,0,0,,,,,,,
2014-02-01 00:57:53,96,444488340280,,,,,,,,0,0,0,0,,,,,,,,,0,0,0,0,,,,,,,
2014-02-01 00:58:53,541,444488400725,,,,,,,,0,0,0,0,,,,,,,,,0,0,0,0,,,,,,,
2014-02-01 00:59:53,995,444488461179,,,,,,,,0,0,0,0,,,,,,,,,0,0,0,0,,,,,,,
2014-02-01 01:00:54,401,444488521585,,,,,,,,0,0,0,0,,,,,,,,,0,0,0,0,,,,,,,
2014-02-01 01:01:54,867,444488582051,,,,,,,,0,0,0,0,,,,,,,,,0,0,0,0,,,,,,,
2014-02-01 01:02:55,310,444488642494,,,,,,,,0,0,0,0,,,,,,,,,0,0,0,0,,,,,,,
2014-02-01 01:03:55,808,444488702992,,,,,,,,0,0,0,0,,,,,,,,,0,0,0,0,,,,,,,
2014-02-01 01:04:56,249,444488763433,,,,,,,,0,0,0,0,,,,,,,,,0,0,0,0,,,,,,,
2014-02-01 01:05:56,684,444488823868,,,,,,,,0,0,0,0,,,,,,,,,0,0,0,0,,,,,,,
2014-02-01 01:06:57,78,444488884262,,,,,,,,0,0,0,0,,,,,,,,,0,0,0,0,,,,,,,
2014-02-01 01:07:57,505,444488944689,,,,,,,,0,0,0,0,,,,,,,,,0,0,0,0,,,,,,,
2014-02-01 01:08:58,18,444489005202,,,,,,,,0,0,0,0,,,,,,,,,0,0,0,0,,,,,,,
2014-02-01 01:09:58,503,444489065687,,,,,,,,0,0,0,0,,,,,,,,,0,0,0,0,,,,,,,
2014-02-01 01:10:58,949,444489126133,,,,,,,,0,0,0,0,,,,,,,,,0,0,0,0,,,,,,,
2014-02-01 01:11:59,433,444489186617,,,,,,,,0,0,0,0,,,,,,,,,0,0,0,0,,,,,,,
2014-02-01 01:12:59,868,444489247052,,,,,,,,0,0,0,0,,,,,,,,,0,0,0,0,,,,,,,
2014-02-01 01:14:00,347,444489307531,,,,,,,,0,0,0,0,,,,,,,,,0,0,0,0,,,,,,,
2014-02-01 01:15:00,839,444489368023,,,,,,,,0,0,0,0,,,,,,,,,0,0,0,0,,,,,,,
2014-02-01 01:16:01,297,444489428481,,,,,,,,0,0,0,0,,,,,,,,,0,0,0,0,,,,,,,
2014-02-01 01:17:01,783,444489488967,,,,,,,,0,0,0,0,,,,,,,,,0,0,0,0,,,,,,,
2014-02-01 01:18:02,153,444489549337,,,,,,,,0,0,0,0,,,,,,,,,0,0,0,0,,,,,,,
2014-02-01 01:19:02,556,444489609740,,,,,,,,0,0,0,0,,,,,,,,,0,0,0,0,,,,,,,
2014-02-01 01:20:03,65,444489670249,,,,,,,,0,0,0,0,,,,,,,,,0,0,0,0,,,,,,,
2014-02-01 01:21:03,595,444489730779,,,,,,,,0,0,0,0,,,,,,,,,0,0,0,0,,,,,,,
2014-02-01 01:22:04,40,444489791224,,,,,,,,0,0,0,0,,,,,,,,,0,0,0,0,,,,,,,
2014-02-01 01:23:04,488,444489851672,,,,,,,,0,0,0,0,,,,,,,,,0,0,0,0,,,,,,,
2014-02-01 01:24:04,879,444489912063,,,,,,,,0,0,0,0,,,,,,,,,0,0,0,0,,,,,,,
2014-02-01 01:25:05,300,444489972484,,,,,,,,0,0,0,0,,,,,,,,,0,0,0,0,,,,,,,
2014-02-01 01:26:05,777,444490032961,,,,,,,,0,0,0,0,,,,,,,,,0,0,0,0,,,,,,,
2014-02-01 01:27:06,252,444490093436,,,,,,,,0,0,0,0,,,,,,,,,0,0,0,0,,,,,,,
2014-02-01 01:28:06,659,444490153843,,,,,,,,0,0,0,0,,,,,,,,,0,0,0,0,,,,,,,
2014-02-01 01:29:07,177,444490214361,,,,,,,,0,0,0,0,,,,,,,,,0,0,0,0,,,,,,,
2014-02-01 01:30:07,564,444490274748,,,,,,,,0,0,0,0,,,,,,,,,0,0,0,0,,,,,,,
2014-02-01 01:31:08,67,444490335251,,,,,,,,0,0,0,0,,,,,,,,,0,0,0,0,,,,,,,
2014-02-01 01:32:08,480,444490395664,,,,,,,,0,0,0,0,,,,,,,,,0,0,0,0,,,,,,,
2014-02-01 01:33:08,917,444490456101,,,,,,,,0,0,0,0,,,,,,,,,0,0,0,0,,,,,,,
2014-02-01 01:34:09,454,444490516638,,,,,,,,0,0,0,0,,,,,,,,,0,0,0,0,,,,,,,
2014-02-01 01:35:09,919,444490577103,,,,,,,,0,0,0,0,,,,,,,,,0,0,0,0,,,,,,,
2014-02-01 01:36:10,425,444490637609,,,,,,,,0,0,0,0,,,,,,,,,0,0,0,0,,,,,,,
2014-02-01 01:37:10,885,444490698069,,,,,,,,0,0,0,0,,,,,,,,,0,0,0,0,,,,,,,
2014-02-01 01:38:11,410,444490758594,,,,,,,,0,0,0,0,,,,,,,,,0,0,0,0,,,,,,,
2014-02-01 01:39:11,882,444490819066,,,,,,,,0,0,0,0,,,,,,,,,0,0,0,0,,,,,,,
2014-02-01 01:40:12,302,444490879486,,,,,,,,0,0,0,0,,,,,,,,,0,0,0,0,,,,,,,
2014-02-01 01:41:12,695,444490939879,,,,,,,,0,0,0,0,,,,,,,,,0,0,0,0,,,,,,,
2014-02-01 01:42:13,137,444491000321,,,,,,,,0,0,0,0,,,,,,,,,0,0,0,0,,,,,,,
2014-02-01 01:43:13,566,444491060750,,,,,,,,0,0,0,0,,,,,,,,,0,0,0,0,,,,,,,
2014-02-01 01:44:14,17,444491121201,,,,,,,,0,0,0,0,,,,,,,,,0,0,0,0,,,,,,,
2014-02-01 01:45:14,470,444491181654,,,,,,,,0,0,0,0,,,,,,,,,0,0,0,0,,,,,,,
2014-02-01 01:46:14,924,444491242108,,,,,,,,0,0,0,0,,,,,,,,,0,0,0,0,,,,,,,
2014-02-01 01:47:15,326,444491302510,,,,,,,,0,0,0,0,,,,,,,,,0,0,0,0,,,,,,,
2014-02-01 01:48:15,769,444491362953,,,,,,,,0,0,0,0,,,,,,,,,0,0,0,0,,,,,,,
2014-02-01 01:49:16,175,444491423359,,,,,,,,0,0,0,0,,,,,,,,,0,0,0,0,,,,,,,
2014-02-01 01:50:17,43,444491484227,,,,,,,,0,0,0,0,,,,,,,,,0,0,0,0,,,,,,,
2014-02-01 01:51:17,423,444491544607,,,,,,,,0,0,0,0,,,,,,,,,0,0,0,0,,,,,,,
2014-02-01 01:52:17,930,444491605114,,,,,,,,0,0,0,0,,,,,,,,,0,0,0,0,,,,,,,
2014-02-01 01:53:18,966,444491666150,,,,,,,,0,0,0,0,,,,,,,,,0,0,0,0,,,,,,,
2014-02-01 01:54:19,386,444491726570,,,,,,,,0,0,0,0,,,,,,,,,0,0,0,0,,,,,,,
2014-02-01 01:55:19,878,444491787062,,,,,,,,0,0,0,0,,,,,,,,,0,0,0,0,,,,,,,
2014-02-01 01:56:20,282,444491847466,,,,,,,,0,0,0,0,,,,,,,,,0,0,0,0,,,,,,,
2014-02-01 01:57:20,825,444491908009,,,,,,,,0,0,0,0,,,,,,,,,0,0,0,0,,,,,,,
2014-02-01 01:58:21,245,444491968429,,,,,,,,0,0,0,0,,,,,,,,,0,0,0,0,,,,,,,
2014-02-01 01:59:21,785,444492028969,,,,,,,,0,0,0,0,,,,,,,,,0,0,0,0,,,,,,,
2014-02-01 02:00:22,185,444492089369,,,,,,,,0,0,0,0,,,,,,,,,0,0,0,0,,,,,,,
2014-02-01 02:01:22,814,444492149998,,,,,,,,0,0,0,0,,,,,,,,,0,0,0,0,,,,,,,
2014-02-01 02:02:23,218,444492210402,,,,,,,,0,0,0,0,,,,,,,,,0,0,0,0,,,,,,,
2014-02-01 02:03:23,662,444492270846,,,,,,,,0,0,0,0,,,,,,,,,0,0,0,0,,,,,,,
2014-02-01 02:04:24,59,444492331243,,,,,,,,0,0,0,0,,,,,,,,,0,0,0,0,,,,,,,
2014-02-01 02:05:24,539,444492391723,,,,,,,,0,0,0,0,,,,,,,,,0,0,0,0,,,,,,,
2014-02-01 02:06:24,965,444492452149,,,,,,,,0,0,0,0,,,,,,,,,0,0,0,0,,,,,,,
2014-02-01 02:07:25,373,444492512557,,,,,,,,0,0,0,0,,,,,,,,,0,0,0,0,,,,,,,
2014-02-01 02:08:26,757,444492573941,,,,,,,,0,0,0,0,,,,,,,,,0,0,0,0,,,,,,,
2014-02-01 02:09:27,224,444492634408,,,,,,,,0,0,0,0,,,,,,,,,0,0,0,0,,,,,,,
2014-02-01 02:10:27,775,444492694959,,,,,,,,0,0,0,0,,,,,,,,,0,0,0,0,,,,,,,
2014-02-01 02:11:28,767,444492755951,,,,,,,,0,0,0,0,,,,,,,,,0,0,0,0,,,,,,,
2014-02-01 02:12:29,237,444492816421,,,,,,,,0,0,0,0,,,,,,,,,0,0,0,0,,,,,,,
2014-02-01 02:13:29,648,444492876832,,,,,,,,0,0,0,0,,,,,,,,,0,0,0,0,,,,,,,
2014-02-01 02:14:30,94,444492937278,,,,,,,,0,0,0,0,,,,,,,,,0,0,0,0,,,,,,,
2014-02-01 02:15:30,798,444492997982,,,,,,,,0,0,0,0,,,,,,,,,0,0,0,0,,,,,,,
2014-02-01 02:16:31,234,444493058418,,,,,,,,0,0,0,0,,,,,,,,,0,0,0,0,,,,,,,
2014-02-01 02:17:31,679,444493118863,,,,,,,,0,0,0,0,,,,,,,,,0,0,0,0,,,,,,,
2014-02-01 02:18:33,138,444493180322,,,,,,,,0,0,0,0,,,,,,,,,0,0,0,0,,,,,,,
2014-02-01 02:19:33,591,444493240775,,,,,,,,0,0,0,0,,,,,,,,,0,0,0,0,,,,,,,
2014-02-01 02:20:34,74,444493301258,,,,,,,,0,0,0,0,,,,,,,,,0,0,0,0,,,,,,,
2014-02-01 02:21:34,495,444493361679,,,,,,,,0,0,0,0,,,,,,,,,0,0,0,0,,,,,,,
2014-02-01 02:22:34,953,444493422137,,,,,,,,0,0,0,0,,,,,,,,,0,0,0,0,,,,,,,
2014-02-01 02:23:35,370,444493482554,,,,,,,,0,0,0,0,,,,,,,,,0,0,0,0,,,,,,,
2014-02-01 02:24:35,780,444493542964,,,,,,,,0,0,0,0,,,,,,,,,0,0,0,0,,,,,,,
2014-02-01 02:25:36,295,444493603479,,,,,,,,0,0,0,0,,,,,,,,,0,0,0,0,,,,,,,
2014-02-01 02:26:37,164,444493664348,,,,,,,,0,0,0,0,,,,,,,,,0,0,0,0,,,,,,,
2014-02-01 02:27:37,577,444493724761,,,,,,,,0,0,0,0,,,,,,,,,0,0,0,0,,,,,,,
2014-02-01 02:28:37,986,444493785170,,,,,,,,0,0,0,0,,,,,,,,,0,0,0,0,,,,,,,
2014-02-01 02:29:38,935,444493846119,,,,,,,,0,0,0,0,,,,,,,,,0,0,0,0,,,,,,,
2014-02-01 02:30:39,318,444493906502,,,,,,,,0,0,0,0,,,,,,,,,0,0,0,0,,,,,,,
2014-02-01 02:31:39,806,444493966990,,,,,,,,0,0,0,0,,,,,,,,,0,0,0,0,,,,,,,
2014-02-01 02:32:40,227,444494027411,,,,,,,,0,0,0,0,,,,,,,,,0,0,0,0,,,,,,,
2014-02-01 02:33:41,194,444494088378,,,,,,,,0,0,0,0,,,,,,,,,0,0,0,0,,,,,,,
2014-02-01 02:34:41,607,444494148791,,,,,,,,0,0,0,0,,,,,,,,,0,0,0,0,,,,,,,
2014-02-01 02:35:42,74,444494209258,,,,,,,,0,0,0,0,,,,,,,,,0,0,0,0,,,,,,,
2014-02-01 02:36:42,494,444494269678,,,,,,,,0,0,0,0,,,,,,,,,0,0,0,0,,,,,,,
2014-02-01 02:37:43,7,444494330191,,,,,,,,0,0,0,0,,,,,,,,,0,0,0,0,,,,,,,
2014-02-01 02:38:43,435,444494390619,,,,,,,,0,0,0,0,,,,,,,,,0,0,0,0,,,,,,,
2014-02-01 02:39:43,970,444494451154,,,,,,,,0,0,0,0,,,,,,,,,0,0,0,0,,,,,,,
2014-02-01 02:40:44,446,444494511630,,,,,,,,0,0,0,0,,,,,,,,,0,0,0,0,,,,,,,
2014-02-01 02:41:44,952,444494572136,,,,,,,,0,0,0,0,,,,,,,,,0,0,0,0,,,,,,,
2014-02-01 02:42:45,375,444494632559,,,,,,,,0,0,0,0,,,,,,,,,0,0,0,0,,,,,,,
2014-02-01 02:43:45,908,444494693092,,,,,,,,0,0,0,0,,,,,,,,,0,0,0,0,,,,,,,
2014-02-01 02:44:46,283,444494753467,,,,,,,,0,0,0,0,,,,,,,,,0,0,0,0,,,,,,,
2014-02-01 02:45:46,729,444494813913,,,,,,,,0,0,0,0,,,,,,,,,0,0,0,0,,,,,,,
2014-02-01 02:46:47,133,444494874317,,,,,,,,0,0,0,0,,,,,,,,,0,0,0,0,,,,,,,
2014-02-01 02:47:47,576,444494934760,,,,,,,,0,0,0,0,,,,,,,,,0,0,0,0,,,,,,,
2014-02-01 02:48:48,5,444494995189,,,,,,,,0,0,0,0,,,,,,,,,0,0,0,0,,,,,,,
2014-02-01 02:49:48,504,444495055688,,,,,,,,0,0,0,0,,,,,,,,,0,0,0,0,,,,,,,
2014-02-01 02:50:48,945,444495116129,,,,,,,,0,0,0,0,,,,,,,,,0,0,0,0,,,,,,,
2014-02-01 02:51:49,413,444495176597,,,,,,,,0,0,0,0,,,,,,,,,0,0,0,0,,,,,,,
2014-02-01 02:52:49,926,444495237110,,,,,,,,0,0,0,0,,,,,,,,,0,0,0,0,,,,,,,
2014-02-01 02:53:50,438,444495297622,,,,,,,,0,0,0,0,,,,,,,,,0,0,0,0,,,,,,,
2014-02-01 02:54:50,902,444495358086,,,,,,,,0,0,0,0,,,,,,,,,0,0,0,0,,,,,,,
2014-02-01 02:55:51,400,444495418584,,,,,,,,0,0,0,0,,,,,,,,,0,0,0,0,,,,,,,
2014-02-01 02:56:51,891,444495479075,,,,,,,,0,0,0,0,,,,,,,,,0,0,0,0,,,,,,,
2014-02-01 02:57:52,324,444495539508,,,,,,,,0,0,0,0,,,,,,,,,0,0,0,0,,,,,,,
2014-02-01 02:58:52,776,444495599960,,,,,,,,0,0,0,0,,,,,,,,,0,0,0,0,,,,,,,
2014-02-01 02:59:53,269,444495660453,,,,,,,,0,0,0,0,,,,,,,,,0,0,0,0,,,,,,,
2014-02-01 03:00:53,713,444495720897,,,,,,,,0,0,0,0,,,,,,,,,0,0,0,0,,,,,,,
2014-02-01 03:01:54,172,444495781356,,,,,,,,0,0,0,0,,,,,,,,,0,0,0,0,,,,,,,
2014-02-01 03:02:54,614,444495841798,,,,,,,,0,0,0,0,,,,,,,,,0,0,0,0,,,,,,,
2014-02-01 03:03:55,38,444495902222,,,,,,,,0,0,0,0,,,,,,,,,0,0,0,0,,,,,,,
2014-02-01 03:04:55,537,444495962721,,,,,,,,0,0,0,0,,,,,,,,,0,0,0,0,,,,,,,
2014-02-01 03:05:55,983,444496023167,,,,,,,,0,0,0,0,,,,,,,,,0,0,0,0,,,,,,,
2014-02-01 03:06:56,514,444496083698,,,,,,,,0,0,0,0,,,,,,,,,0,0,0,0,,,,,,,
2014-02-01 03:07:56,963,444496144147,,,,,,,,0,0,0,0,,,,,,,,,0,0,0,0,,,,,,,
2014-02-01 03:08:57,459,444496204643,,,,,,,,0,0,0,0,,,,,,,,,0,0,0,0,,,,,,,
2014-02-01 03:09:57,910,444496265094,,,,,,,,0,0,0,0,,,,,,,,,0,0,0,0,,,,,,,
2014-02-01 03:10:58,427,444496325611,,,,,,,,0,0,0,0,,,,,,,,,0,0,0,0,,,,,,,
2014-02-01 03:11:58,839,444496386023,,,,,,,,0,0,0,0,,,,,,,,,0,0,0,0,,,,,,,
2014-02-01 03:12:59,251,444496446435,,,,,,,,0,0,0,0,,,,,,,,,0,0,0,0,,,,,,,
2014-02-01 03:13:59,666,444496506850,,,,,,,,0,0,0,0,,,,,,,,,0,0,0,0,,,,,,,
2014-02-01 03:15:00,157,444496567341,,,,,,,,0,0,0,0,,,,,,,,,0,0,0,0,,,,,,,
2014-02-01 03:16:00,581,444496627765,,,,,,,,0,0,0,0,,,,,,,,,0,0,0,0,,,,,,,
2014-02-01 03:17:01,68,444496688252,,,,,,,,0,0,0,0,,,,,,,,,0,0,0,0,,,,,,,
2014-02-01 03:18:01,489,444496748673,,,,,,,,0,0,0,0,,,,,,,,,0,0,0,0,,,,,,,
2014-02-01 03:19:01,913,444496809097,,,,,,,,0,0,0,0,,,,,,,,,0,0,0,0,,,,,,,
2014-02-01 03:20:02,457,444496869641,,,,,,,,0,0,0,0,,,,,,,,,0,0,0,0,,,,,,,
2014-02-01 03:21:03,51,444496930235,,,,,,,,0,0,0,0,,,,,,,,,0,0,0,0,,,,,,,
2014-02-01 03:22:03,529,444496990713,,,,,,,,0,0,0,0,,,,,,,,,0,0,0,0,,,,,,,
2014-02-01 03:23:03,942,444497051126,,,,,,,,0,0,0,0,,,,,,,,,0,0,0,0,,,,,,,
2014-02-01 03:24:04,455,444497111639,,,,,,,,0,0,0,0,,,,,,,,,0,0,0,0,,,,,,,
2014-02-01 03:25:04,940,444497172124,,,,,,,,0,0,0,0,,,,,,,,,0,0,0,0,,,,,,,
2014-02-01 03:26:05,419,444497232603,,,,,,,,0,0,0,0,,,,,,,,,0,0,0,0,,,,,,,
2014-02-01 03:27:05,812,444497292996,,,,,,,,0,0,0,0,,,,,,,,,0,0,0,0,,,,,,,
2014-02-01 03:28:06,222,444497353406,,,,,,,,0,0,0,0,,,,,,,,,0,0,0,0,,,,,,,
2014-02-01 03:29:06,791,444497413975,,,,,,,,0,0,0,0,,,,,,,,,0,0,0,0,,,,,,,
2014-02-01 03:30:07,206,444497474390,,,,,,,,0,0,0,0,,,,,,,,,0,0,0,0,,,,,,,
2014-02-01 03:31:07,706,444497534890,,,,,,,,0,0,0,0,,,,,,,,,0,0,0,0,,,,,,,
2014-02-01 03:32:08,150,444497595334,,,,,,,,0,0,0,0,,,,,,,,,0,0,0,0,,,,,,,
2014-02-01 03:33:08,936,444497656120,,,,,,,,0,0,0,0,,,,,,,,,0,0,0,0,,,,,,,
2014-02-01 03:34:09,387,444497716571,,,,,,,,0,0,0,0,,,,,,,,,0,0,0,0,,,,,,,
2014-02-01 03:35:09,780,444497776964,,,,,,,,0,0,0,0,,,,,,,,,0,0,0,0,,,,,,,
2014-02-01 03:36:10,320,444497837504,,,,,,,,0,0,0,0,,,,,,,,,0,0,0,0,,,,,,,
2014-02-01 03:37:10,875,444497898059,,,,,,,,0,0,0,0,,,,,,,,,0,0,0,0,,,,,,,
2014-02-01 03:38:11,463,444497958647,,,,,,,,0,0,0,0,,,,,,,,,0,0,0,0,,,,,,,
2014-02-01 03:39:11,926,444498019110,,,,,,,,0,0,0,0,,,,,,,,,0,0,0,0,,,,,,,
2014-02-01 03:40:12,644,444498079828,,,,,,,,0,0,0,0,,,,,,,,,0,0,0,0,,,,,,,
2014-02-01 03:41:13,105,444498140289,,,,,,,,0,0,0,0,,,,,,,,,0,0,0,0,,,,,,,
2014-02-01 03:42:13,565,444498200749,,,,,,,,0,0,0,0,,,,,,,,,0,0,0,0,,,,,,,
2014-02-01 03:43:14,91,444498261275,,,,,,,,0,0,0,0,,,,,,,,,0,0,0,0,,,,,,,
2014-02-01 03:44:14,757,444498321941,,,,,,,,0,0,0,0,,,,,,,,,0,0,0,0,,,,,,,
2014-02-01 03:45:15,190,444498382374,,,,,,,,0,0,0,0,,,,,,,,,0,0,0,0,,,,,,,
2014-02-01 03:46:15,636,444498442820,,,,,,,,0,0,0,0,,,,,,,,,0,0,0,0,,,,,,,
2014-02-01 03:47:16,72,444498503256,,,,,,,,0,0,0,0,,,,,,,,,0,0,0,0,,,,,,,
2014-02-01 03:48:17,334,444498564518,,,,,,,,0,0,0,0,,,,,,,,,0,0,0,0,,,,,,,
2014-02-01 03:49:17,799,444498624983,,,,,,,,0,0,0,0,,,,,,,,,0,0,0,0,,,,,,,
2014-02-01 03:50:18,341,444498685525,,,,,,,,0,0,0,0,,,,,,,,,0,0,0,0,,,,,,,
2014-02-01 03:51:19,313,444498746497,,,,,,,,0,0,0,0,,,,,,,,,0,0,0,0,,,,,,,
2014-02-01 03:52:19,735,444498806919,,,,,,,,0,0,0,0,,,,,,,,,0,0,0,0,,,,,,,
2014-02-01 03:53:20,190,444498867374,,,,,,,,0,0,0,0,,,,,,,,,0,0,0,0,,,,,,,
2014-02-01 03:54:21,18,444498928202,,,,,,,,0,0,0,0,,,,,,,,,0,0,0,0,,,,,,,
2014-02-01 03:55:21,459,444498988643,,,,,,,,0,0,0,0,,,,,,,,,0,0,0,0,,,,,,,
2014-02-01 03:56:21,937,444499049121,,,,,,,,0,0,0,0,,,,,,,,,0,0,0,0,,,,,,,
2014-02-01 03:57:22,932,444499110116,,,,,,,,0,0,0,0,,,,,,,,,0,0,0,0,,,,,,,
2014-02-01 03:58:23,327,444499170511,,,,,,,,0,0,0,0,,,,,,,,,0,0,0,0,,,,,,,
2014-02-01 03:59:23,785,444499230969,,,,,,,,0,0,0,0,,,,,,,,,0,0,0,0,,,,,,,
2014-02-01 04:00:24,817,444499292001,,,,,,,,0,0,0,0,,,,,,,,,0,0,0,0,,,,,,,
2014-02-01 04:01:25,259,444499352443,,,,,,,,0,0,0,0,,,,,,,,,0,0,0,0,,,,,,,
2014-02-01 04:02:25,742,444499412926,,,,,,,,0,0,0,0,,,,,,,,,0,0,0,0,,,,,,,
2014-02-01 04:03:26,146,444499473330,,,,,,,,0,0,0,0,,,,,,,,,0,0,0,0,,,,,,,
2014-02-01 04:04:26,689,444499533873,,,,,,,,0,0,0,0,,,,,,,,,0,0,0,0,,,,,,,
2014-02-01 04:05:27,215,444499594399,,,,,,,,0,0,0,0,,,,,,,,,0,0,0,0,,,,,,,
2014-02-01 04:06:27,604,444499654788,,,,,,,,0,0,0,0,,,,,,,,,0,0,0,0,,,,,,,
2014-02-01 04:07:29,78,444499716262,,,,,,,,0,0,0,0,,,,,,,,,0,0,0,0,,,,,,,
2014-02-01 04:08:29,554,444499776738,,,,,,,,0,0,0,0,,,,,,,,,0,0,0,0,,,,,,,
2014-02-01 04:09:30,63,444499837247,,,,,,,,0,0,0,0,,,,,,,,,0,0,0,0,,,,,,,
2014-02-01 04:10:30,467,444499897651,,,,,,,,0,0,0,0,,,,,,,,,0,0,0,0,,,,,,,
2014-02-01 04:11:30,971,444499958155,,,,,,,,0,0,0,0,,,,,,,,,0,0,0,0,,,,,,,
2014-02-01 04:12:31,416,444500018600,,,,,,,,0,0,0,0,,,,,,,,,0,0,0,0,,,,,,,
2014-02-01 04:13:31,895,444500079079,,,,,,,,0,0,0,0,,,,,,,,,0,0,0,0,,,,,,,
2014-02-01 04:14:33,64,444500140248,,,,,,,,0,0,0,0,,,,,,,,,0,0,0,0,,,,,,,
2014-02-01 04:15:33,454,444500200638,,,,,,,,0,0,0,0,,,,,,,,,0,0,0,0,,,,,,,
2014-02-01 04:16:33,961,444500261145,,,,,,,,0,0,0,0,,,,,,,,,0,0,0,0,,,,,,,
2014-02-01 04:17:34,412,444500321596,,,,,,,,0,0,0,0,,,,,,,,,0,0,0,0,,,,,,,
2014-02-01 04:18:34,854,444500382038,,,,,,,,0,0,0,0,,,,,,,,,0,0,0,0,,,,,,,
2014-02-01 04:19:35,289,444500442473,,,,,,,,0,0,0,0,,,,,,,,,0,0,0,0,,,,,,,
2014-02-01 04:20:35,824,444500503008,,,,,,,,0,0,0,0,,,,,,,,,0,0,0,0,,,,,,,
2014-02-01 04:21:36,288,444500563472,,,,,,,,0,0,0,0,,,,,,,,,0,0,0,0,,,,,,,
2014-02-01 04:22:36,690,444500623874,,,,,,,,0,0,0,0,,,,,,,,,0,0,0,0,,,,,,,
2014-02-01 04:23:37,98,444500684282,,,,,,,,0,0,0,0,,,,,,,,,0,0,0,0,,,,,,,
2014-02-01 04:24:37,570,444500744754,,,,,,,,0,0,0,0,,,,,,,,,0,0,0,0,,,,,,,
2014-02-01 04:25:38,13,444500805197,,,,,,,,0,0,0,0,,,,,,,,,0,0,0,0,,,,,,,
2014-02-01 04:26:38,436,444500865620,,,,,,,,0,0,0,0,,,,,,,,,0,0,0,0,,,,,,,
2014-02-01 04:27:38,949,444500926133,,,,,,,,0,0,0,0,,,,,,,,,0,0,0,0,,,,,,,
2014-02-01 04:28:39,354,444500986538,,,,,,,,0,0,0,0,,,,,,,,,0,0,0,0,,,,,,,
2014-02-01 04:29:39,806,444501046990,,,,,,,,0,0,0,0,,,,,,,,,0,0,0,0,,,,,,,
2014-02-01 04:30:40,198,444501107382,,,,,,,,0,0,0,0,,,,,,,,,0,0,0,0,,,,,,,
2014-02-01 04:31:40,700,444501167884,,,,,,,,0,0,0,0,,,,,,,,,0,0,0,0,,,,,,,
2014-02-01 04:32:41,231,444501228415,,,,,,,,0,0,0,0,,,,,,,,,0,0,0,0,,,,,,,
2014-02-01 04:33:41,626,444501288810,,,,,,,,0,0,0,0,,,,,,,,,0,0,0,0,,,,,,,
2014-02-01 04:34:42,80,444501349264,,,,,,,,0,0,0,0,,,,,,,,,0,0,0,0,,,,,,,
2014-02-01 04:35:42,546,444501409730,,,,,,,,0,0,0,0,,,,,,,,,0,0,0,0,,,,,,,
2014-02-01 04:36:43,30,444501470214,,,,,,,,0,0,0,0,,,,,,,,,0,0,0,0,,,,,,,
2014-02-01 04:37:43,457,444501530641,,,,,,,,0,0,0,0,,,,,,,,,0,0,0,0,,,,,,,
2014-02-01 04:38:43,873,444501591057,,,,,,,,0,0,0,0,,,,,,,,,0,0,0,0,,,,,,,
2014-02-01 04:39:44,305,444501651489,,,,,,,,0,0,0,0,,,,,,,,,0,0,0,0,,,,,,,
2014-02-01 04:40:44,720,444501711904,,,,,,,,0,0,0,0,,,,,,,,,0,0,0,0,,,,,,,
2014-02-01 04:41:45,264,444501772448,,,,,,,,0,0,0,0,,,,,,,,,0,0,0,0,,,,,,,
2014-02-01 04:42:45,658,444501832842,,,,,,,,0,0,0,0,,,,,,,,,0,0,0,0,,,,,,,
2014-02-01 04:43:46,163,444501893347,,,,,,,,0,0,0,0,,,,,,,,,0,0,0,0,,,,,,,
2014-02-01 04:44:46,677,444501953861,,,,,,,,0,0,0,0,,,,,,,,,0,0,0,0,,,,,,,
2014-02-01 04:45:47,68,444502014252,,,,,,,,0,0,0,0,,,,,,,,,0,0,0,0,,,,,,,
2014-02-01 04:46:47,512,444502074696,,,,,,,,0,0,0,0,,,,,,,,,0,0,0,0,,,,,,,
2014-02-01 04:47:47,972,444502135156,,,,,,,,0,0,0,0,,,,,,,,,0,0,0,0,,,,,,,
2014-02-01 04:48:48,393,444502195577,,,,,,,,0,0,0,0,,,,,,,,,0,0,0,0,,,,,,,
2014-02-01 04:49:48,847,444502256031,,,,,,,,0,0,0,0,,,,,,,,,0,0,0,0,,,,,,,
2014-02-01 04:50:49,280,444502316464,,,,,,,,0,0,0,0,,,,,,,,,0,0,0,0,,,,,,,
2014-02-01 04:51:49,831,444502377015,,,,,,,,0,0,0,0,,,,,,,,,0,0,0,0,,,,,,,
2014-02-01 04:52:50,282,444502437466,,,,,,,,0,0,0,0,,,,,,,,,0,0,0,0,,,,,,,
2014-02-01 04:53:50,751,444502497935,,,,,,,,0,0,0,0,,,,,,,,,0,0,0,0,,,,,,,
2014-02-01 04:54:51,170,444502558354,,,,,,,,0,0,0,0,,,,,,,,,0,0,0,0,,,,,,,
2014-02-01 04:55:51,610,444502618794,,,,,,,,0,0,0,0,,,,,,,,,0,0,0,0,,,,,,,
2014-02-01 04:56:52,25,444502679209,,,,,,,,0,0,0,0,,,,,,,,,0,0,0,0,,,,,,,
2014-02-01 04:57:52,456,444502739640,,,,,,,,0,0,0,0,,,,,,,,,0,0,0,0,,,,,,,
2014-02-01 04:58:52,941,444502800125,,,,,,,,0,0,0,0,,,,,,,,,0,0,0,0,,,,,,,
2014-02-01 04:59:53,367,444502860551,,,,,,,,0,0,0,0,,,,,,,,,0,0,0,0,,,,,,,
2014-02-01 05:00:53,776,444502920960,,,,,,,,0,0,0,0,,,,,,,,,0,0,0,0,,,,,,,
2014-02-01 05:01:54,265,444502981449,,,,,,,,0,0,0,0,,,,,,,,,0,0,0,0,,,,,,,
2014-02-01 05:02:54,777,444503041961,,,,,,,,0,0,0,0,,,,,,,,,0,0,0,0,,,,,,,
2014-02-01 05:03:55,219,444503102403,,,,,,,,0,0,0,0,,,,,,,,,0,0,0,0,,,,,,,
2014-02-01 05:04:55,671,444503162855,,,,,,,,0,0,0,0,,,,,,,,,0,0,0,0,,,,,,,
2014-02-01 05:05:56,106,444503223290,,,,,,,,0,0,0,0,,,,,,,,,0,0,0,0,,,,,,,
2014-02-01 05:06:56,572,444503283756,,,,,,,,0,0,0,0,,,,,,,,,0,0,0,0,,,,,,,
2014-02-01 05:07:57,26,444503344210,,,,,,,,0,0,0,0,,,,,,,,,0,0,0,0,,,,,,,
2014-02-01 05:08:57,482,444503404666,,,,,,,,0,0,0,0,,,,,,,,,0,0,0,0,,,,,,,
2014-02-01 05:09:57,899,444503465083,,,,,,,,0,0,0,0,,,,,,,,,0,0,0,0,,,,,,,
2014-02-01 05:10:58,444,444503525628,,,,,,,,0,0,0,0,,,,,,,,,0,0,0,0,,,,,,,
2014-02-01 05:11:58,941,444503586125,,,,,,,,0,0,0,0,,,,,,,,,0,0,0,0,,,,,,,
2014-02-01 05:12:59,393,444503646577,,,,,,,,0,0,0,0,,,,,,,,,0,0,0,0,,,,,,,
2014-02-01 05:13:59,902,444503707086,,,,,,,,0,0,0,0,,,,,,,,,0,0,0,0,,,,,,,
2014-02-01 05:15:00,390,444503767574,,,,,,,,0,0,0,0,,,,,,,,,0,0,0,0,,,,,,,
2014-02-01 05:16:01,38,444503828222,,,,,,,,0,0,0,0,,,,,,,,,0,0,0,0,,,,,,,
2014-02-01 05:17:01,476,444503888660,,,,,,,,0,0,0,0,,,,,,,,,0,0,0,0,,,,,,,
2014-02-01 05:18:02,11,444503949195,,,,,,,,0,0,0,0,,,,,,,,,0,0,0,0,,,,,,,
2014-02-01 05:19:02,471,444504009655,,,,,,,,0,0,0,0,,,,,,,,,0,0,0,0,,,,,,,
2014-02-01 05:20:02,906,444504070090,,,,,,,,0,0,0,0,,,,,,,,,0,0,0,0,,,,,,,
2014-02-01 05:21:03,324,444504130508,,,,,,,,0,0,0,0,,,,,,,,,0,0,0,0,,,,,,,
2014-02-01 05:22:03,784,444504190968,,,,,,,,0,0,0,0,,,,,,,,,0,0,0,0,,,,,,,
2014-02-01 05:23:04,187,444504251371,,,,,,,,0,0,0,0,,,,,,,,,0,0,0,0,,,,,,,
2014-02-01 05:24:04,754,444504311938,,,,,,,,0,0,0,0,,,,,,,,,0,0,0,0,,,,,,,
2014-02-01 05:25:05,187,444504372371,,,,,,,,0,0,0,0,,,,,,,,,0,0,0,0,,,,,,,
2014-02-01 05:26:05,597,444504432781,,,,,,,,0,0,0,0,,,,,,,,,0,0,0,0,,,,,,,
2014-02-01 05:27:06,26,444504493210,,,,,,,,0,0,0,0,,,,,,,,,0,0,0,0,,,,,,,
2014-02-01 05:28:06,971,444504554155,,,,,,,,0,0,0,0,,,,,,,,,0,0,0,0,,,,,,,
2014-02-01 05:29:07,465,444504614649,,,,,,,,0,0,0,0,,,,,,,,,0,0,0,0,,,,,,,
2014-02-01 05:30:07,886,444504675070,,,,,,,,0,0,0,0,,,,,,,,,0,0,0,0,,,,,,,
2014-02-01 05:31:08,304,444504735488,,,,,,,,0,0,0,0,,,,,,,,,0,0,0,0,,,,,,,
2014-02-01 05:32:08,760,444504795944,,,,,,,,0,0,0,0,,,,,,,,,0,0,0,0,,,,,,,
2014-02-01 05:33:09,241,444504856425,,,,,,,,0,0,0,0,,,,,,,,,0,0,0,0,,,,,,,
2014-02-01 05:34:09,708,444504916892,,,,,,,,0,0,0,0,,,,,,,,,0,0,0,0,,,,,,,
2014-02-01 05:35:10,122,444504977306,,,,,,,,0,0,0,0,,,,,,,,,0,0,0,0,,,,,,,
2014-02-01 05:36:10,928,444505038112,,,,,,,,0,0,0,0,,,,,,,,,0,0,0,0,,,,,,,
2014-02-01 05:37:11,366,444505098550,,,,,,,,0,0,0,0,,,,,,,,,0,0,0,0,,,,,,,
2014-02-01 05:38:11,881,444505159065,,,,,,,,0,0,0,0,,,,,,,,,0,0,0,0,,,,,,,
2014-02-01 05:39:12,851,444505220035,,,,,,,,0,0,0,0,,,,,,,,,0,0,0,0,,,,,,,
2014-02-01 05:40:13,257,444505280441,,,,,,,,0,0,0,0,,,,,,,,,0,0,0,0,,,,,,,
2014-02-01 05:41:13,726,444505340910,,,,,,,,0,0,0,0,,,,,,,,,0,0,0,0,,,,,,,
2014-02-01 05:42:14,169,444505401353,,,,,,,,0,0,0,0,,,,,,,,,0,0,0,0,,,,,,,
2014-02-01 05:43:14,962,444505462146,,,,,,,,0,0,0,0,,,,,,,,,0,0,0,0,,,,,,,
2014-02-01 05:44:15,356,444505522540,,,,,,,,0,0,0,0,,,,,,,,,0,0,0,0,,,,,,,
2014-02-01 05:45:15,898,444505583082,,,,,,,,0,0,0,0,,,,,,,,,0,0,0,0,,,,,,,
2014-02-01 05:46:16,300,444505643484,,,,,,,,0,0,0,0,,,,,,,,,0,0,0,0,,,,,,,
2014-02-01 05:47:16,878,444505704062,,,,,,,,0,0,0,0,,,,,,,,,0,0,0,0,,,,,,,
2014-02-01 05:48:17,286,444505764470,,,,,,,,0,0,0,0,,,,,,,,,0,0,0,0,,,,,,,
2014-02-01 05:49:17,717,444505824901,,,,,,,,0,0,0,0,,,,,,,,,0,0,0,0,,,,,,,
2014-02-01 05:50:19,51,444505886235,,,,,,,,0,0,0,0,,,,,,,,,0,0,0,0,,,,,,,
2014-02-01 05:51:19,546,444505946730,,,,,,,,0,0,0,0,,,,,,,,,0,0,0,0,,,,,,,
2014-02-01 05:52:20,8,444506007192,,,,,,,,0,0,0,0,,,,,,,,,0,0,0,0,,,,,,,
2014-02-01 05:53:21,115,444506068299,,,,,,,,0,0,0,0,,,,,,,,,0,0,0,0,,,,,,,
2014-02-01 05:54:21,542,444506128726,,,,,,,,0,0,0,0,,,,,,,,,0,0,0,0,,,,,,,
2014-02-01 05:55:22,4,444506189188,,,,,,,,0,0,0,0,,,,,,,,,0,0,0,0,,,,,,,
2014-02-01 05:56:22,486,444506249670,,,,,,,,0,0,0,0,,,,,,,,,0,0,0,0,,,,,,,
2014-02-01 05:57:22,935,444506310119,,,,,,,,0,0,0,0,,,,,,,,,0,0,0,0,,,,,,,
2014-02-01 05:58:23,378,444506370562,,,,,,,,0,0,0,0,,,,,,,,,0,0,0,0,,,,,,,
2014-02-01 05:59:23,777,444506430961,,,,,,,,0,0,0,0,,,,,,,,,0,0,0,0,,,,,,,
2014-02-01 06:00:24,259,444506491443,,,,,,,,0,0,0,0,,,,,,,,,0,0,0,0,,,,,,,
2014-02-01 06:01:24,662,444506551846,,,,,,,,0,0,0,0,,,,,,,,,0,0,0,0,,,,,,,
2014-02-01 06:02:25,101,444506612285,,,,,,,,0,0,0,0,,,,,,,,,0,0,0,0,,,,,,,
2014-02-01 06:03:25,510,444506672694,,,,,,,,0,0,0,0,,,,,,,,,0,0,0,0,,,,,,,
2014-02-01 06:04:26,13,444506733197,,,,,,,,0,0,0,0,,,,,,,,,0,0,0,0,,,,,,,
2014-02-01 06:05:26,424,444506793608,,,,,,,,0,0,0,0,,,,,,,,,0,0,0,0,,,,,,,
2014-02-01 06:06:26,815,444506853999,,,,,,,,0,0,0,0,,,,,,,,,0,0,0,0,,,,,,,
2014-02-01 06:07:27,333,444506914517,,,,,,,,0,0,0,0,,,,,,,,,0,0,0,0,,,,,,,
2014-02-01 06:08:27,722,444506974906,,,,,,,,0,0,0,0,,,,,,,,,0,0,0,0,,,,,,,
2014-02-01 06:09:28,170,444507035354,,,,,,,,0,0,0,0,,,,,,,,,0,0,0,0,,,,,,,
2014-02-01 06:10:28,630,444507095814,,,,,,,,0,0,0,0,,,,,,,,,0,0,0,0,,,,,,,
2014-02-01 06:11:29,80,444507156264,,,,,,,,0,0,0,0,,,,,,,,,0,0,0,0,,,,,,,
2014-02-01 06:12:29,528,444507216712,,,,,,,,0,0,0,0,,,,,,,,,0,0,0,0,,,,,,,
2014-02-01 06:13:29,939,444507277123,,,,,,,,0,0,0,0,,,,,,,,,0,0,0,0,,,,,,,
2014-02-01 06:14:30,427,444507337611,,,,,,,,0,0,0,0,,,,,,,,,0,0,0,0,,,,,,,
2014-02-01 06:15:30,870,444507398054,,,,,,,,0,0,0,0,,,,,,,,,0,0,0,0,,,,,,,
2014-02-01 06:16:31,283,444507458467,,,,,,,,0,0,0,0,,,,,,,,,0,0,0,0,,,,,,,
2014-02-01 06:17:31,731,444507518915,,,,,,,,0,0,0,0,,,,,,,,,0,0,0,0,,,,,,,
2014-02-01 06:18:32,143,444507579327,,,,,,,,0,0,0,0,,,,,,,,,0,0,0,0,,,,,,,
2014-02-01 06:19:32,662,444507639846,,,,,,,,0,0,0,0,,,,,,,,,0,0,0,0,,,,,,,
2014-02-01 06:20:33,52,444507700236,,,,,,,,0,0,0,0,,,,,,,,,0,0,0,0,,,,,,,
2014-02-01 06:21:33,505,444507760689,,,,,,,,0,0,0,0,,,,,,,,,0,0,0,0,,,,,,,
2014-02-01 06:22:33,998,444507821182,,,,,,,,0,0,0,0,,,,,,,,,0,0,0,0,,,,,,,
2014-02-01 06:23:34,445,444507881629,,,,,,,,0,0,0,0,,,,,,,,,0,0,0,0,,,,,,,
2014-02-01 06:24:34,886,444507942070,,,,,,,,0,0,0,0,,,,,,,,,0,0,0,0,,,,,,,
2014-02-01 06:25:35,339,444508002523,,,,,,,,0,0,0,0,,,,,,,,,0,0,0,0,,,,,,,
2014-02-01 06:26:35,787,444508062971,,,,,,,,0,0,0,0,,,,,,,,,0,0,0,0,,,,,,,
2014-02-01 06:27:36,274,444508123458,,,,,,,,0,0,0,0,,,,,,,,,0,0,0,0,,,,,,,
2014-02-01 06:28:36,727,444508183911,,,,,,,,0,0,0,0,,,,,,,,,0,0,0,0,,,,,,,
2014-02-01 06:29:37,198,444508244382,,,,,,,,0,0,0,0,,,,,,,,,0,0,0,0,,,,,,,
2014-02-01 06:30:37,624,444508304808,,,,,,,,0,0,0,0,,,,,,,,,0,0,0,0,,,,,,,
2014-02-01 06:31:38,134,444508365318,,,,,,,,0,0,0,0,,,,,,,,,0,0,0,0,,,,,,,
2014-02-01 06:32:38,548,444508425732,,,,,,,,0,0,0,0,,,,,,,,,0,0,0,0,,,,,,,
2014-02-01 06:33:39,84,444508486268,,,,,,,,0,0,0,0,,,,,,,,,0,0,0,0,,,,,,,
2014-02-01 06:34:39,572,444508546756,,,,,,,,0,0,0,0,,,,,,,,,0,0,0,0,,,,,,,
2014-02-01 06:35:40,82,444508607266,,,,,,,,0,0,0,0,,,,,,,,,0,0,0,0,,,,,,,
2014-02-01 06:36:40,514,444508667698,,,,,,,,0,0,0,0,,,,,,,,,0,0,0,0,,,,,,,
2014-02-01 06:37:41,17,444508728201,,,,,,,,0,0,0,0,,,,,,,,,0,0,0,0,,,,,,,
2014-02-01 06:38:41,518,444508788702,,,,,,,,0,0,0,0,,,,,,,,,0,0,0,0,,,,,,,
2014-02-01 06:39:42,1,444508849185,,,,,,,,0,0,0,0,,,,,,,,,0,0,0,0,,,,,,,
2014-02-01 06:40:42,497,444508909681,,,,,,,,0,0,0,0,,,,,,,,,0,0,0,0,,,,,,,
2014-02-01 06:41:42,902,444508970086,,,,,,,,0,0,0,0,,,,,,,,,0,0,0,0,,,,,,,
2014-02-01 06:42:43,399,444509030583,,,,,,,,0,0,0,0,,,,,,,,,0,0,0,0,,,,,,,
2014-02-01 06:43:43,784,444509090968,,,,,,,,0,0,0,0,,,,,,,,,0,0,0,0,,,,,,,
2014-02-01 06:44:44,205,444509151389,,,,,,,,0,0,0,0,,,,,,,,,0,0,0,0,,,,,,,
2014-02-01 06:45:44,612,444509211796,,,,,,,,0,0,0,0,,,,,,,,,0,0,0,0,,,,,,,
2014-02-01 06:46:45,82,444509272266,,,,,,,,0,0,0,0,,,,,,,,,0,0,0,0,,,,,,,
2014-02-01 06:47:45,527,444509332711,,,,,,,,0,0,0,0,,,,,,,,,0,0,0,0,,,,,,,
2014-02-01 06:48:46,860,444509394044,,,,,,,,0,0,0,0,,,,,,,,,0,0,0,0,,,,,,,
2014-02-01 06:49:47,263,444509454447,,,,,,,,0,0,0,0,,,,,,,,,0,0,0,0,,,,,,,
2014-02-01 06:50:47,688,444509514872,,,,,,,,0,0,0,0,,,,,,,,,0,0,0,0,,,,,,,
2014-02-01 06:51:49,115,444509576299,,,,,,,,0,0,0,0,,,,,,,,,0,0,0,0,,,,,,,
2014-02-01 06:52:49,614,444509636798,,,,,,,,0,0,0,0,,,,,,,,,0,0,0,0,,,,,,,
2014-02-01 06:53:50,73,444509697257,,,,,,,,0,0,0,0,,,,,,,,,0,0,0,0,,,,,,,
2014-02-01 06:54:50,504,444509757688,,,,,,,,0,0,0,0,,,,,,,,,0,0,0,0,,,,,,,
2014-02-01 06:55:51,5,444509818189,,,,,,,,0,0,0,0,,,,,,,,,0,0,0,0,,,,,,,
2014-02-01 06:56:51,443,444509878627,,,,,,,,0,0,0,0,,,,,,,,,0,0,0,0,,,,,,,
2014-02-01 06:57:51,863,444509939047,,,,,,,,0,0,0,0,,,,,,,,,0,0,0,0,,,,,,,
2014-02-01 06:58:52,732,444509999916,,,,,,,,0,0,0,0,,,,,,,,,0,0,0,0,,,,,,,
2014-02-01 06:59:53,176,444510060360,,,,,,,,0,0,0,0,,,,,,,,,0,0,0,0,,,,,,,
2014-02-01 07:00:53,613,444510120797,,,,,,,,0,0,0,0,,,,,,,,,0,0,0,0,,,,,,,
2014-02-01 07:01:54,75,444510181259,,,,,,,,0,0,0,0,,,,,,,,,0,0,0,0,,,,,,,
2014-02-01 07:02:54,886,444510242070,,,,,,,,0,0,0,0,,,,,,,,,0,0,0,0,,,,,,,
2014-02-01 07:03:55,293,444510302477,,,,,,,,0,0,0,0,,,,,,,,,0,0,0,0,,,,,,,
2014-02-01 07:04:55,838,444510363022,,,,,,,,0,0,0,0,,,,,,,,,0,0,0,0,,,,,,,
2014-02-01 07:05:56,226,444510423410,,,,,,,,0,0,0,0,,,,,,,,,0,0,0,0,,,,,,,
2014-02-01 07:06:56,960,444510484144,,,,,,,,0,0,0,0,,,,,,,,,0,0,0,0,,,,,,,
2014-02-01 07:07:57,325,444510544509,,,,,,,,0,0,0,0,,,,,,,,,0,0,0,0,,,,,,,
2014-02-01 07:08:57,774,444510604958,,,,,,,,0,0,0,0,,,,,,,,,0,0,0,0,,,,,,,
2014-02-01 07:09:58,185,444510665369,,,,,,,,0,0,0,0,,,,,,,,,0,0,0,0,,,,,,,
2014-02-01 07:10:58,728,444510725912,,,,,,,,0,0,0,0,,,,,,,,,0,0,0,0,,,,,,,
2014-02-01 07:11:59,131,444510786315,,,,,,,,0,0,0,0,,,,,,,,,0,0,0,0,,,,,,,
2014-02-01 07:12:59,630,444510846814,,,,,,,,0,0,0,0,,,,,,,,,0,0,0,0,,,,,,,
2014-02-01 07:14:00,122,444510907306,,,,,,,,0,0,0,0,,,,,,,,,0,0,0,0,,,,,,,
2014-02-01 07:15:01,125,444510968309,,,,,,,,0,0,0,0,,,,,,,,,0,0,0,0,,,,,,,
2014-02-01 07:16:01,524,444511028708,,,,,,,,0,0,0,0,,,,,,,,,0,0,0,0,,,,,,,
2014-02-01 07:17:02,9,444511089193,,,,,,,,0,0,0,0,,,,,,,,,0,0,0,0,,,,,,,
2014-02-01 07:18:03,22,444511150206,,,,,,,,0,0,0,0,,,,,,,,,0,0,0,0,,,,,,,
2014-02-01 07:19:03,458,444511210642,,,,,,,,0,0,0,0,,,,,,,,,0,0,0,0,,,,,,,
2014-02-01 07:20:03,858,444511271042,,,,,,,,0,0,0,0,,,,,,,,,0,0,0,0,,,,,,,
2014-02-01 07:21:04,363,444511331547,,,,,,,,0,0,0,0,,,,,,,,,0,0,0,0,,,,,,,
2014-02-01 07:22:04,859,444511392043,,,,,,,,0,0,0,0,,,,,,,,,0,0,0,0,,,,,,,
2014-02-01 07:23:05,351,444511452535,,,,,,,,0,0,0,0,,,,,,,,,0,0,0,0,,,,,,,
2014-02-01 07:24:05,850,444511513034,,,,,,,,0,0,0,0,,,,,,,,,0,0,0,0,,,,,,,
2014-02-01 07:25:06,321,444511573505,,,,,,,,0,0,0,0,,,,,,,,,0,0,0,0,,,,,,,
2014-02-01 07:26:07,59,444511634243,,,,,,,,0,0,0,0,,,,,,,,,0,0,0,0,,,,,,,
2014-02-01 07:27:07,467,444511694651,,,,,,,,0,0,0,0,,,,,,,,,0,0,0,0,,,,,,,
2014-02-01 07:28:07,920,444511755104,,,,,,,,0,0,0,0,,,,,,,,,0,0,0,0,,,,,,,
2014-02-01 07:29:09,124,444511816308,,,,,,,,0,0,0,0,,,,,,,,,0,0,0,0,,,,,,,
2014-02-01 07:30:09,552,444511876736,,,,,,,,0,0,0,0,,,,,,,,,0,0,0,0,,,,,,,
2014-02-01 07:31:09,981,444511937165,,,,,,,,0,0,0,0,,,,,,,,,0,0,0,0,,,,,,,
2014-02-01 07:32:10,397,444511997581,,,,,,,,0,0,0,0,,,,,,,,,0,0,0,0,,,,,,,
2014-02-01 07:33:11,173,444512058357,,,,,,,,0,0,0,0,,,,,,,,,0,0,0,0,,,,,,,
2014-02-01 07:34:11,686,444512118870,,,,,,,,0,0,0,0,,,,,,,,,0,0,0,0,,,,,,,
2014-02-01 07:35:12,144,444512179328,,,,,,,,0,0,0,0,,,,,,,,,0,0,0,0,,,,,,,
2014-02-01 07:36:12,654,444512239838,,,,,,,,0,0,0,0,,,,,,,,,0,0,0,0,,,,,,,
2014-02-01 07:37:13,155,444512300339,,,,,,,,0,0,0,0,,,,,,,,,0,0,0,0,,,,,,,
2014-02-01 07:38:13,646,444512360830,,,,,,,,0,0,0,0,,,,,,,,,0,0,0,0,,,,,,,
2014-02-01 07:39:14,65,444512421249,,,,,,,,0,0,0,0,,,,,,,,,0,0,0,0,,,,,,,
2014-02-01 07:40:14,552,444512481736,,,,,,,,0,0,0,0,,,,,,,,,0,0,0,0,,,,,,,
2014-02-01 07:41:14,962,444512542146,,,,,,,,0,0,0,0,,,,,,,,,0,0,0,0,,,,,,,
2014-02-01 07:42:15,379,444512602563,,,,,,,,0,0,0,0,,,,,,,,,0,0,0,0,,,,,,,
2014-02-01 07:43:15,773,444512662957,,,,,,,,0,0,0,0,,,,,,,,,0,0,0,0,,,,,,,
2014-02-01 07:44:16,193,444512723377,,,,,,,,0,0,0,0,,,,,,,,,0,0,0,0,,,,,,,
2014-02-01 07:45:16,663,444512783847,,,,,,,,0,0,0,0,,,,,,,,,0,0,0,0,,,,,,,
2014-02-01 07:46:17,79,444512844263,,,,,,,,0,0,0,0,,,,,,,,,0,0,0,0,,,,,,,
2014-02-01 07:47:17,548,444512904732,,,,,,,,0,0,0,0,,,,,,,,,0,0,0,0,,,,,,,
2014-02-01 07:48:18,0,444512965184,,,,,,,,0,0,0,0,,,,,,,,,0,0,0,0,,,,,,,
2014-02-01 07:49:18,458,444513025642,,,,,,,,0,0,0,0,,,,,,,,,0,0,0,0,,,,,,,
2014-02-01 07:50:18,935,444513086119,,,,,,,,0,0,0,0,,,,,,,,,0,0,0,0,,,,,,,
2014-02-01 07:51:19,432,444513146616,,,,,,,,0,0,0,0,,,,,,,,,0,0,0,0,,,,,,,
2014-02-01 07:52:19,866,444513207050,,,,,,,,0,0,0,0,,,,,,,,,0,0,0,0,,,,,,,
2014-02-01 07:53:20,349,444513267533,,,,,,,,0,0,0,0,,,,,,,,,0,0,0,0,,,,,,,
2014-02-01 07:54:20,809,444513327993,,,,,,,,0,0,0,0,,,,,,,,,0,0,0,0,,,,,,,
2014-02-01 07:55:21,232,444513388416,,,,,,,,0,0,0,0,,,,,,,,,0,0,0,0,,,,,,,
2014-02-01 07:56:21,698,444513448882,,,,,,,,0,0,0,0,,,,,,,,,0,0,0,0,,,,,,,
2014-02-01 07:57:22,177,444513509361,,,,,,,,0,0,0,0,,,,,,,,,0,0,0,0,,,,,,,
2014-02-01 07:58:22,678,444513569862,,,,,,,,0,0,0,0,,,,,,,,,0,0,0,0,,,,,,,
2014-02-01 07:59:23,50,444513630234,,,,,,,,0,0,0,0,,,,,,,,,0,0,0,0,,,,,,,
2014-02-01 08:00:23,500,444513690684,,,,,,,,0,0,0,0,,,,,,,,,0,0,0,0,,,,,,,
2014-02-01 08:01:23,961,444513751145,,,,,,,,0,0,0,0,,,,,,,,,0,0,0,0,,,,,,,
2014-02-01 08:02:24,450,444513811634,,,,,,,,0,0,0,0,,,,,,,,,0,0,0,0,,,,,,,
2014-02-01 08:03:24,916,444513872100,,,,,,,,0,0,0,0,,,,,,,,,0,0,0,0,,,,,,,
2014-02-01 08:04:25,363,444513932547,,,,,,,,0,0,0,0,,,,,,,,,0,0,0,0,,,,,,,
2014-02-01 08:05:25,794,444513992978,,,,,,,,0,0,0,0,,,,,,,,,0,0,0,0,,,,,,,
2014-02-01 08:06:26,255,444514053439,,,,,,,,0,0,0,0,,,,,,,,,0,0,0,0,,,,,,,
2014-02-01 08:07:26,687,444514113871,,,,,,,,0,0,0,0,,,,,,,,,0,0,0,0,,,,,,,
2014-02-01 08:08:27,152,444514174336,,,,,,,,0,0,0,0,,,,,,,,,0,0,0,0,,,,,,,
2014-02-01 08:09:27,540,444514234724,,,,,,,,0,0,0,0,,,,,,,,,0,0,0,0,,,,,,,
2014-02-01 08:10:28,46,444514295230,,,,,,,,0,0,0,0,,,,,,,,,0,0,0,0,,,,,,,
2014-02-01 08:11:28,454,444514355638,,,,,,,,0,0,0,0,,,,,,,,,0,0,0,0,,,,,,,
2014-02-01 08:12:28,871,444514416055,,,,,,,,0,0,0,0,,,,,,,,,0,0,0,0,,,,,,,
2014-02-01 08:13:29,375,444514476559,,,,,,,,0,0,0,0,,,,,,,,,0,0,0,0,,,,,,,
2014-02-01 08:14:29,918,444514537102,,,,,,,,0,0,0,0,,,,,,,,,0,0,0,0,,,,,,,
2014-02-01 08:15:30,385,444514597569,,,,,,,,0,0,0,0,,,,,,,,,0,0,0,0,,,,,,,
2014-02-01 08:16:31,518,444514658702,,,,,,,,0,0,0,0,,,,,,,,,0,0,0,0,,,,,,,
2014-02-01 08:17:31,926,444514719110,,,,,,,,0,0,0,0,,,,,,,,,0,0,0,0,,,,,,,
2014-02-01 08:18:32,327,444514779511,,,,,,,,0,0,0,0,,,,,,,,,0,0,0,0,,,,,,,
2014-02-01 08:19:32,804,444514839988,,,,,,,,0,0,0,0,,,,,,,,,0,0,0,0,,,,,,,
2014-02-01 08:20:33,261,444514900445,,,,,,,,0,0,0,0,,,,,,,,,0,0,0,0,,,,,,,
2014-02-01 08:21:33,707,444514960891,,,,,,,,0,0,0,0,,,,,,,,,0,0,0,0,,,,,,,
2014-02-01 08:22:34,125,444515021309,,,,,,,,0,0,0,0,,,,,,,,,0,0,0,0,,,,,,,
2014-02-01 08:23:34,656,444515081840,,,,,,,,0,0,0,0,,,,,,,,,0,0,0,0,,,,,,,
2014-02-01 08:24:35,610,444515142794,,,,,,,,0,0,0,0,,,,,,,,,0,0,0,0,,,,,,,
2014-02-01 08:25:36,78,444515203262,,,,,,,,0,0,0,0,,,,,,,,,0,0,0,0,,,,,,,
2014-02-01 08:26:51,424,444515278608,,,,,,,,0,0,0,0,,,,,,,,,0,0,0,0,,,,,,,
2014-02-01 08:27:51,507,444515338691,,,,,,,,0,0,0,0,,,,,,,,,0,0,0,0,,,,,,,
2014-02-01 08:28:51,580,444515398764,,,,,,,,0,0,0,0,,,,,,,,,0,0,0,0,,,,,,,
2014-02-01 08:30:02,562,444515469746,,,,,,,,0,0,0,0,,,,,,,,,0,0,0,0,,,,,,,
2014-02-01 08:31:02,577,444515529761,,,,,,,,0,0,0,0,,,,,,,,,0,0,0,0,,,,,,,
2014-02-01 08:32:02,592,444515589776,,,,,,,,0,0,0,0,,,,,,,,,0,0,0,0,,,,,,,
2014-02-01 08:33:02,635,444515649819,,,,,,,,0,0,0,0,,,,,,,,,0,0,0,0,,,,,,,
2014-02-01 08:34:02,676,444515709860,,,,,,,,0,0,0,0,,,,,,,,,0,0,0,0,,,,,,,
2014-02-01 08:35:02,716,444515769900,,,,,,,,0,0,0,0,,,,,,,,,0,0,0,0,,,,,,,
2014-02-01 08:36:02,763,444515829947,,,,,,,,0,0,0,0,,,,,,,,,0,0,0,0,,,,,,,
2014-02-01 08:37:02,801,444515889985,,,,,,,,0,0,0,0,,,,,,,,,0,0,0,0,,,,,,,
2014-02-01 08:38:02,827,444515950011,,,,,,,,0,0,0,0,,,,,,,,,0,0,0,0,,,,,,,
2014-02-01 08:39:02,870,444516010054,,,,,,,,0,0,0,0,,,,,,,,,0,0,0,0,,,,,,,
2014-02-01 08:40:02,894,444516070078,,,,,,,,0,0,0,0,,,,,,,,,0,0,0,0,,,,,,,
2014-02-01 08:41:02,917,444516130101,,,,,,,,0,0,0,0,,,,,,,,,0,0,0,0,,,,,,,
2014-02-01 08:42:02,943,444516190127,,,,,,,,0,0,0,0,,,,,,,,,0,0,0,0,,,,,,,
2014-02-01 08:43:02,981,444516250165,,,,,,,,0,0,0,0,,,,,,,,,0,0,0,0,,,,,,,
2014-02-01 08:44:03,13,444516310197,,,,,,,,0,0,0,0,,,,,,,,,0,0,0,0,,,,,,,
2014-02-01 08:45:03,322,444516370506,,,,,,,,0,0,0,0,,,,,,,,,0,0,0,0,,,,,,,
2014-02-01 08:46:03,733,444516430917,,,,,,,,0,0,0,0,,,,,,,,,0,0,0,0,,,,,,,
2014-02-01 08:47:04,126,444516491310,,,,,,,,0,0,0,0,,,,,,,,,0,0,0,0,,,,,,,
2014-02-01 08:48:04,514,444516551698,,,,,,,,0,0,0,0,,,,,,,,,0,0,0,0,,,,,,,
2014-02-01 08:49:04,913,444516612097,,,,,,,,0,0,0,0,,,,,,,,,0,0,0,0,,,,,,,
2014-02-01 08:50:05,292,444516672476,,,,,,,,0,0,0,0,,,,,,,,,0,0,0,0,,,,,,,
2014-02-01 08:51:05,730,444516732914,,,,,,,,0,0,0,0,,,,,,,,,0,0,0,0,,,,,,,
2014-02-01 08:52:06,186,444516793370,,,,,,,,0,0,0,0,,,,,,,,,0,0,0,0,,,,,,,
2014-02-01 08:53:06,629,444516853813,,,,,,,,0,0,0,0,,,,,,,,,0,0,0,0,,,,,,,
2014-02-01 08:54:07,58,444516914242,,,,,,,,0,0,0,0,,,,,,,,,0,0,0,0,,,,,,,
2014-02-01 08:55:07,554,444516974738,,,,,,,,0,0,0,0,,,,,,,,,0,0,0,0,,,,,,,
2014-02-01 08:56:07,990,444517035174,,,,,,,,0,0,0,0,,,,,,,,,0,0,0,0,,,,,,,
2014-02-01 08:57:08,475,444517095659,,,,,,,,0,0,0,0,,,,,,,,,0,0,0,0,,,,,,,
2014-02-01 08:58:08,928,444517156112,,,,,,,,0,0,0,0,,,,,,,,,0,0,0,0,,,,,,,
2014-02-01 08:59:09,415,444517216599,,,,,,,,0,0,0,0,,,,,,,,,0,0,0,0,,,,,,,
2014-02-01 09:00:09,894,444517277078,,,,,,,,0,0,0,0,,,,,,,,,0,0,0,0,,,,,,,
2014-02-01 09:01:10,352,444517337536,,,,,,,,0,0,0,0,,,,,,,,,0,0,0,0,,,,,,,
2014-02-01 09:02:10,791,444517397975,,,,,,,,0,0,0,0,,,,,,,,,0,0,0,0,,,,,,,
2014-02-01 09:03:11,233,444517458417,,,,,,,,0,0,0,0,,,,,,,,,0,0,0,0,,,,,,,
2014-02-01 09:04:11,671,444517518855,,,,,,,,0,0,0,0,,,,,,,,,0,0,0,0,,,,,,,
2014-02-01 09:05:12,174,444517579358,,,,,,,,0,0,0,0,,,,,,,,,0,0,0,0,,,,,,,
2014-02-01 09:06:12,596,444517639780,,,,,,,,0,0,0,0,,,,,,,,,0,0,0,0,,,,,,,
2014-02-01 09:07:13,59,444517700243,,,,,,,,0,0,0,0,,,,,,,,,0,0,0,0,,,,,,,
2014-02-01 09:08:13,495,444517760679,,,,,,,,0,0,0,0,,,,,,,,,0,0,0,0,,,,,,,
2014-02-01 09:09:13,986,444517821170,,,,,,,,0,0,0,0,,,,,,,,,0,0,0,0,,,,,,,
2014-02-01 09:10:14,426,444517881610,,,,,,,,0,0,0,0,,,,,,,,,0,0,0,0,,,,,,,
2014-02-01 09:11:14,869,444517942053,,,,,,,,0,0,0,0,,,,,,,,,0,0,0,0,,,,,,,
2014-02-01 09:12:15,292,444518002476,,,,,,,,0,0,0,0,,,,,,,,,0,0,0,0,,,,,,,
2014-02-01 09:13:15,747,444518062931,,,,,,,,0,0,0,0,,,,,,,,,0,0,0,0,,,,,,,
2014-02-01 09:14:16,204,444518123388,,,,,,,,0,0,0,0,,,,,,,,,0,0,0,0,,,,,,,
2014-02-01 09:15:16,672,444518183856,,,,,,,,0,0,0,0,,,,,,,,,0,0,0,0,,,,,,,
2014-02-01 09:16:17,114,444518244298,,,,,,,,0,0,0,0,,,,,,,,,0,0,0,0,,,,,,,
2014-02-01 09:17:17,603,444518304787,,,,,,,,0,0,0,0,,,,,,,,,0,0,0,0,,,,,,,
2014-02-01 09:18:18,77,444518365261,,,,,,,,0,0,0,0,,,,,,,,,0,0,0,0,,,,,,,
2014-02-01 09:19:18,535,444518425719,,,,,,,,0,0,0,0,,,,,,,,,0,0,0,0,,,,,,,
2014-02-01 09:20:18,969,444518486153,,,,,,,,0,0,0,0,,,,,,,,,0,0,0,0,,,,,,,
2014-02-01 09:21:19,441,444518546625,,,,,,,,0,0,0,0,,,,,,,,,0,0,0,0,,,,,,,
2014-02-01 09:22:20,15,444518607199,,,,,,,,0,0,0,0,,,,,,,,,0,0,0,0,,,,,,,
2014-02-01 09:23:20,421,444518667605,,,,,,,,0,0,0,0,,,,,,,,,0,0,0,0,,,,,,,
2014-02-01 09:24:20,959,444518728143,,,,,,,,0,0,0,0,,,,,,,,,0,0,0,0,,,,,,,
2014-02-01 09:25:21,394,444518788578,,,,,,,,0,0,0,0,,,,,,,,,0,0,0,0,,,,,,,
2014-02-01 09:26:21,840,444518849024,,,,,,,,0,0,0,0,,,,,,,,,0,0,0,0,,,,,,,
2014-02-01 09:27:22,341,444518909525,,,,,,,,0,0,0,0,,,,,,,,,0,0,0,0,,,,,,,
2014-02-01 09:28:22,788,444518969972,,,,,,,,0,0,0,0,,,,,,,,,0,0,0,0,,,,,,,
2014-02-01 09:29:23,231,444519030415,,,,,,,,0,0,0,0,,,,,,,,,0,0,0,0,,,,,,,
2014-02-01 09:30:23,686,444519090870,,,,,,,,0,0,0,0,,,,,,,,,0,0,0,0,,,,,,,
2014-02-01 09:31:24,181,444519151365,,,,,,,,0,0,0,0,,,,,,,,,0,0,0,0,,,,,,,
2014-02-01 09:32:24,653,444519211837,,,,,,,,0,0,0,0,,,,,,,,,0,0,0,0,,,,,,,
2014-02-01 09:33:25,90,444519272274,,,,,,,,0,0,0,0,,,,,,,,,0,0,0,0,,,,,,,
2014-02-01 09:34:25,560,444519332744,,,,,,,,0,0,0,0,,,,,,,,,0,0,0,0,,,,,,,
2014-02-01 09:35:26,2,444519393186,,,,,,,,0,0,0,0,,,,,,,,,0,0,0,0,,,,,,,
2014-02-01 09:36:26,426,444519453610,,,,,,,,0,0,0,0,,,,,,,,,0,0,0,0,,,,,,,
2014-02-01 09:37:26,879,444519514063,,,,,,,,0,0,0,0,,,,,,,,,0,0,0,0,,,,,,,
2014-02-01 09:38:27,312,444519574496,,,,,,,,0,0,0,0,,,,,,,,,0,0,0,0,,,,,,,
2014-02-01 09:39:27,769,444519634953,,,,,,,,0,0,0,0,,,,,,,,,0,0,0,0,,,,,,,
2014-02-01 09:40:28,213,444519695397,,,,,,,,0,0,0,0,,,,,,,,,0,0,0,0,,,,,,,
2014-02-01 09:41:28,701,444519755885,,,,,,,,0,0,0,0,,,,,,,,,0,0,0,0,,,,,,,
2014-02-01 09:42:29,158,444519816342,,,,,,,,0,0,0,0,,,,,,,,,0,0,0,0,,,,,,,
2014-02-01 09:43:29,640,444519876824,,,,,,,,0,0,0,0,,,,,,,,,0,0,0,0,,,,,,,
2014-02-01 09:44:30,101,444519937285,,,,,,,,0,0,0,0,,,,,,,,,0,0,0,0,,,,,,,
2014-02-01 09:45:30,549,444519997733,,,,,,,,0,0,0,0,,,,,,,,,0,0,0,0,,,,,,,
2014-02-01 09:46:31,12,444520058196,,,,,,,,0,0,0,0,,,,,,,,,0,0,0,0,,,,,,,
2014-02-01 09:49:32,377,444520239561,,,,,,,,0,0,0,0,,,,,,,,,0,0,0,0,,,,,,,
2014-02-01 09:50:32,883,444520300067,,,,,,,,0,0,0,0,,,,,,,,,0,0,0,0,,,,,,,
2014-02-01 08:19:32,804,444514839988,,,,,,,,0,0,0,0,,,,,,,,,0,0,0,0,,,,,,,
2014-02-01 08:20:33,261,444514900445,,,,,,,,0,0,0,0,,,,,,,,,0,0,0,0,,,,,,,
2014-02-01 08:21:33,707,444514960891,,,,,,,,0,0,0,0,,,,,,,,,0,0,0,0,,,,,,,
2014-02-01 08:22:34,125,444515021309,,,,,,,,0,0,0,0,,,,,,,,,0,0,0,0,,,,,,,
2014-02-01 08:23:34,656,444515081840,,,,,,,,0,0,0,0,,,,,,,,,0,0,0,0,,,,,,,
2014-02-01 08:24:35,610,444515142794,,,,,,,,0,0,0,0,,,,,,,,,0,0,0,0,,,,,,,
2014-02-01 08:25:36,78,444515203262,,,,,,,,0,0,0,0,,,,,,,,,0,0,0,0,,,,,,,
2014-02-01 08:26:51,424,444515278608,,,,,,,,0,0,0,0,,,,,,,,,0,0,0,0,,,,,,,
2014-02-01 08:27:51,507,444515338691,,,,,,,,0,0,0,0,,,,,,,,,0,0,0,0,,,,,,,
2014-02-01 08:28:51,580,444515398764,,,,,,,,0,0,0,0,,,,,,,,,0,0,0,0,,,,,,,
2014-02-01 08:30:02,562,444515469746,,,,,,,,0,0,0,0,,,,,,,,,0,0,0,0,,,,,,,
2014-02-01 08:31:02,577,444515529761,,,,,,,,0,0,0,0,,,,,,,,,0,0,0,0,,,,,,,
2014-02-01 08:32:02,592,444515589776,,,,,,,,0,0,0,0,,,,,,,,,0,0,0,0,,,,,,,
2014-02-01 08:33:02,635,444515649819,,,,,,,,0,0,0,0,,,,,,,,,0,0,0,0,,,,,,,
2014-02-01 08:34:02,676,444515709860,,,,,,,,0,0,0,0,,,,,,,,,0,0,0,0,,,,,,,
2014-02-01 08:35:02,716,444515769900,,,,,,,,0,0,0,0,,,,,,,,,0,0,0,0,,,,,,,
2014-02-01 08:36:02,763,444515829947,,,,,,,,0,0,0,0,,,,,,,,,0,0,0,0,,,,,,,
2014-02-01 08:37:02,801,444515889985,,,,,,,,0,0,0,0,,,,,,,,,0,0,0,0,,,,,,,
2014-02-01 08:38:02,827,444515950011,,,,,,,,0,0,0,0,,,,,,,,,0,0,0,0,,,,,,,
2014-02-01 08:39:02,870,444516010054,,,,,,,,0,0,0,0,,,,,,,,,0,0,0,0,,,,,,,
2014-02-01 08:40:02,894,444516070078,,,,,,,,0,0,0,0,,,,,,,,,0,0,0,0,,,,,,,
2014-02-01 08:41:02,917,444516130101,,,,,,,,0,0,0,0,,,,,,,,,0,0,0,0,,,,,,,
2014-02-01 08:42:02,943,444516190127,,,,,,,,0,0,0,0,,,,,,,,,0,0,0,0,,,,,,,
2014-02-01 08:43:02,981,444516250165,,,,,,,,0,0,0,0,,,,,,,,,0,0,0,0,,,,,,,
2014-02-01 08:44:03,13,444516310197,,,,,,,,0,0,0,0,,,,,,,,,0,0,0,0,,,,,,,
2014-02-01 08:45:03,322,444516370506,,,,,,,,0,0,0,0,,,,,,,,,0,0,0,0,,,,,,,
2014-02-01 08:46:03,733,444516430917,,,,,,,,0,0,0,0,,,,,,,,,0,0,0,0,,,,,,,
2014-02-01 08:47:04,126,444516491310,,,,,,,,0,0,0,0,,,,,,,,,0,0,0,0,,,,,,,
2014-02-01 08:48:04,514,444516551698,,,,,,,,0,0,0,0,,,,,,,,,0,0,0,0,,,,,,,
2014-02-01 08:49:04,913,444516612097,,,,,,,,0,0,0,0,,,,,,,,,0,0,0,0,,,,,,,
2014-02-01 08:50:05,292,444516672476,,,,,,,,0,0,0,0,,,,,,,,,0,0,0,0,,,,,,,
2014-02-01 08:51:05,730,444516732914,,,,,,,,0,0,0,0,,,,,,,,,0,0,0,0,,,,,,,
2014-02-01 08:52:06,186,444516793370,,,,,,,,0,0,0,0,,,,,,,,,0,0,0,0,,,,,,,
2014-02-01 08:53:06,629,444516853813,,,,,,,,0,0,0,0,,,,,,,,,0,0,0,0,,,,,,,
2014-02-01 08:54:07,58,444516914242,,,,,,,,0,0,0,0,,,,,,,,,0,0,0,0,,,,,,,
2014-02-01 08:55:07,554,444516974738,,,,,,,,0,0,0,0,,,,,,,,,0,0,0,0,,,,,,,
2014-02-01 08:56:07,990,444517035174,,,,,,,,0,0,0,0,,,,,,,,,0,0,0,0,,,,,,,
2014-02-01 08:57:08,475,444517095659,,,,,,,,0,0,0,0,,,,,,,,,0,0,0,0,,,,,,,
2014-02-01 08:58:08,928,444517156112,,,,,,,,0,0,0,0,,,,,,,,,0,0,0,0,,,,,,,
2014-02-01 08:59:09,415,444517216599,,,,,,,,0,0,0,0,,,,,,,,,0,0,0,0,,,,,,,
2014-02-01 09:00:09,894,444517277078,,,,,,,,0,0,0,0,,,,,,,,,0,0,0,0,,,,,,,
2014-02-01 09:01:10,352,444517337536,,,,,,,,0,0,0,0,,,,,,,,,0,0,0,0,,,,,,,
2014-02-01 09:02:10,791,444517397975,,,,,,,,0,0,0,0,,,,,,,,,0,0,0,0,,,,,,,
2014-02-01 09:03:11,233,444517458417,,,,,,,,0,0,0,0,,,,,,,,,0,0,0,0,,,,,,,
2014-02-01 09:04:11,671,444517518855,,,,,,,,0,0,0,0,,,,,,,,,0,0,0,0,,,,,,,
2014-02-01 09:05:12,174,444517579358,,,,,,,,0,0,0,0,,,,,,,,,0,0,0,0,,,,,,,
2014-02-01 09:06:12,596,444517639780,,,,,,,,0,0,0,0,,,,,,,,,0,0,0,0,,,,,,,
2014-02-01 09:07:13,59,444517700243,,,,,,,,0,0,0,0,,,,,,,,,0,0,0,0,,,,,,,
2014-02-01 09:08:13,495,444517760679,,,,,,,,0,0,0,0,,,,,,,,,0,0,0,0,,,,,,,
2014-02-01 09:09:13,986,444517821170,,,,,,,,0,0,0,0,,,,,,,,,0,0,0,0,,,,,,,
2014-02-01 09:10:14,426,444517881610,,,,,,,,0,0,0,0,,,,,,,,,0,0,0,0,,,,,,,
2014-02-01 09:11:14,869,444517942053,,,,,,,,0,0,0,0,,,,,,,,,0,0,0,0,,,,,,,
2014-02-01 09:12:15,292,444518002476,,,,,,,,0,0,0,0,,,,,,,,,0,0,0,0,,,,,,,
2014-02-01 09:13:15,747,444518062931,,,,,,,,0,0,0,0,,,,,,,,,0,0,0,0,,,,,,,
2014-02-01 09:14:16,204,444518123388,,,,,,,,0,0,0,0,,,,,,,,,0,0,0,0,,,,,,,
2014-02-01 09:15:16,672,444518183856,,,,,,,,0,0,0,0,,,,,,,,,0,0,0,0,,,,,,,
2014-02-01 09:16:17,114,444518244298,,,,,,,,0,0,0,0,,,,,,,,,0,0,0,0,,,,,,,
2014-02-01 09:17:17,603,444518304787,,,,,,,,0,0,0,0,,,,,,,,,0,0,0,0,,,,,,,
2014-02-01 09:18:18,77,444518365261,,,,,,,,0,0,0,0,,,,,,,,,0,0,0,0,,,,,,,
2014-02-01 09:19:18,535,444518425719,,,,,,,,0,0,0,0,,,,,,,,,0,0,0,0,,,,,,,
2014-02-01 09:20:18,969,444518486153,,,,,,,,0,0,0,0,,,,,,,,,0,0,0,0,,,,,,,
2014-02-01 09:21:19,441,444518546625,,,,,,,,0,0,0,0,,,,,,,,,0,0,0,0,,,,,,,
2014-02-01 09:22:20,15,444518607199,,,,,,,,0,0,0,0,,,,,,,,,0,0,0,0,,,,,,,
2014-02-01 09:23:20,421,444518667605,,,,,,,,0,0,0,0,,,,,,,,,0,0,0,0,,,,,,,
2014-02-01 09:24:20,959,444518728143,,,,,,,,0,0,0,0,,,,,,,,,0,0,0,0,,,,,,,
2014-02-01 09:25:21,394,444518788578,,,,,,,,0,0,0,0,,,,,,,,,0,0,0,0,,,,,,,
2014-02-01 09:26:21,840,444518849024,,,,,,,,0,0,0,0,,,,,,,,,0,0,0,0,,,,,,,
2014-02-01 09:27:22,341,444518909525,,,,,,,,0,0,0,0,,,,,,,,,0,0,0,0,,,,,,,
2014-02-01 09:28:22,788,444518969972,,,,,,,,0,0,0,0,,,,,,,,,0,0,0,0,,,,,,,
2014-02-01 09:29:23,231,444519030415,,,,,,,,0,0,0,0,,,,,,,,,0,0,0,0,,,,,,,
2014-02-01 09:30:23,686,444519090870,,,,,,,,0,0,0,0,,,,,,,,,0,0,0,0,,,,,,,
2014-02-01 09:31:24,181,444519151365,,,,,,,,0,0,0,0,,,,,,,,,0,0,0,0,,,,,,,
2014-02-01 09:32:24,653,444519211837,,,,,,,,0,0,0,0,,,,,,,,,0,0,0,0,,,,,,,
2014-02-01 09:33:25,90,444519272274,,,,,,,,0,0,0,0,,,,,,,,,0,0,0,0,,,,,,,
2014-02-01 09:34:25,560,444519332744,,,,,,,,0,0,0,0,,,,,,,,,0,0,0,0,,,,,,,
2014-02-01 09:35:26,2,444519393186,,,,,,,,0,0,0,0,,,,,,,,,0,0,0,0,,,,,,,
2014-02-01 09:36:26,426,444519453610,,,,,,,,0,0,0,0,,,,,,,,,0,0,0,0,,,,,,,
2014-02-01 09:37:26,879,444519514063,,,,,,,,0,0,0,0,,,,,,,,,0,0,0,0,,,,,,,
2014-02-01 09:38:27,312,444519574496,,,,,,,,0,0,0,0,,,,,,,,,0,0,0,0,,,,,,,
2014-02-01 09:39:27,769,444519634953,,,,,,,,0,0,0,0,,,,,,,,,0,0,0,0,,,,,,,
2014-02-01 09:40:28,213,444519695397,,,,,,,,0,0,0,0,,,,,,,,,0,0,0,0,,,,,,,
2014-02-01 09:41:28,701,444519755885,,,,,,,,0,0,0,0,,,,,,,,,0,0,0,0,,,,,,,
2014-02-01 09:42:29,158,444519816342,,,,,,,,0,0,0,0,,,,,,,,,0,0,0,0,,,,,,,
2014-02-01 09:43:29,640,444519876824,,,,,,,,0,0,0,0,,,,,,,,,0,0,0,0,,,,,,,
2014-02-01 09:44:30,101,444519937285,,,,,,,,0,0,0,0,,,,,,,,,0,0,0,0,,,,,,,
2014-02-01 09:45:30,549,444519997733,,,,,,,,0,0,0,0,,,,,,,,,0,0,0,0,,,,,,,
2014-02-01 09:46:31,12,444520058196,,,,,,,,0,0,0,0,,,,,,,,,0,0,0,0,,,,,,,
2014-02-01 09:49:32,377,444520239561,,,,,,,,0,0,0,0,,,,,,,,,0,0,0,0,,,,,,,
2014-02-01 09:50:32,883,444520300067,,,,,,,,0,0,0,0,,,,,,,,,0,0,0,0,,,,,,,
2014-02-01 19:39:26,553,444555633737,,,,,,,,2.09774e-042,2.11036e-042,2.11036e-042,2.09634e-042,,,,,,,,,-1.#QNAN,-1.#QNAN,-1.#QNAN,-1.#QNAN,,,,,,,
2014-02-01 19:40:31,751,444555698935,,,,,,,,2.09214e-042,2.10335e-042,2.10615e-042,2.09354e-042,,,,,,,,,-1.#QNAN,-1.#QNAN,-1.#QNAN,-1.#QNAN,,,,,,,
2014-02-01 19:41:36,636,444555763820,,,,,,,,2.08793e-042,2.09915e-042,2.10195e-042,2.08793e-042,,,,,,,,,-1.#QNAN,-1.#QNAN,-1.#QNAN,-1.#QNAN,,,,,,,
2014-02-01 19:42:41,865,444555829049,,,,,,,,2.08233e-042,2.09354e-042,2.09494e-042,2.08233e-042,,,,,,,,,-1.#QNAN,-1.#QNAN,-1.#QNAN,-1.#QNAN,,,,,,,
2014-02-01 19:43:46,606,444555893790,,,,,,,,2.07672e-042,2.08793e-042,2.08793e-042,2.07672e-042,,,,,,,,,-1.#QNAN,-1.#QNAN,-1.#QNAN,-1.#QNAN,,,,,,,
2014-02-01 19:44:52,585,444555959769,,,,,,,,2.07112e-042,2.08093e-042,2.08233e-042,2.06832e-042,,,,,,,,,-1.#QNAN,-1.#QNAN,-1.#QNAN,-1.#QNAN,,,,,,,
2014-02-01 19:45:56,607,444556023791,,,,,,,,2.06551e-042,2.07392e-042,2.07672e-042,2.06271e-042,,,,,,,,,-1.#QNAN,-1.#QNAN,-1.#QNAN,-1.#QNAN,,,,,,,
2014-02-01 19:47:01,915,444556089099,,,,,,,,2.0557e-042,2.06692e-042,2.06832e-042,2.0557e-042,,,,,,,,,-1.#QNAN,-1.#QNAN,-1.#QNAN,-1.#QNAN,,,,,,,
2014-02-01 19:48:06,609,444556153793,,,,,,,,2.0487e-042,2.05851e-042,2.06131e-042,2.0487e-042,,,,,,,,,-1.#QNAN,-1.#QNAN,-1.#QNAN,-1.#QNAN,,,,,,,
2014-02-01 19:49:11,718,444556218902,,,,,,,,2.04029e-042,2.0515e-042,2.0515e-042,2.03749e-042,,,,,,,,,-1.#QNAN,-1.#QNAN,-1.#QNAN,-1.#QNAN,,,,,,,
2014-02-01 19:50:16,577,444556283761,,,,,,,,2.03328e-042,2.04309e-042,2.04449e-042,2.03188e-042,,,,,,,,,-1.#QNAN,-1.#QNAN,-1.#QNAN,-1.#QNAN,,,,,,,
2014-02-01 19:51:21,719,444556348903,,,,,,,,2.02488e-042,2.03469e-042,2.03609e-042,2.02347e-042,,,,,,,,,-1.#QNAN,-1.#QNAN,-1.#QNAN,-1.#QNAN,,,,,,,
2014-02-01 19:52:26,621,444556413805,,,,,,,,2.01647e-042,2.02628e-042,2.02628e-042,2.01507e-042,,,,,,,,,-1.#QNAN,-1.#QNAN,-1.#QNAN,-1.#QNAN,,,,,,,
2014-02-01 19:53:31,736,444556478920,,,,,,,,2.00946e-042,2.01787e-042,2.01927e-042,2.00806e-042,,,,,,,,,-1.#QNAN,-1.#QNAN,-1.#QNAN,-1.#QNAN,,,,,,,
2014-02-01 19:54:36,656,444556543840,,,,,,,,2.00105e-042,2.01226e-042,2.01226e-042,2.00105e-042,,,,,,,,,-1.#QNAN,-1.#QNAN,-1.#QNAN,-1.#QNAN,,,,,,,
2014-02-01 19:55:41,718,444556608902,,,,,,,,1.99545e-042,2.00386e-042,2.00526e-042,1.99265e-042,,,,,,,,,-1.#QNAN,-1.#QNAN,-1.#QNAN,-1.#QNAN,,,,,,,
2014-02-01 19:56:46,613,444556673797,,,,,,,,1.98564e-042,1.99685e-042,1.99825e-042,1.98424e-042,,,,,,,,,-1.#QNAN,-1.#QNAN,-1.#QNAN,-1.#QNAN,,,,,,,
2014-02-01 19:57:51,725,444556738909,,,,,,,,1.98003e-042,1.98984e-042,1.99125e-042,1.97863e-042,,,,,,,,,-1.#QNAN,-1.#QNAN,-1.#QNAN,-1.#QNAN,,,,,,,
2014-02-01 19:58:56,624,444556803808,,,,,,,,1.97303e-042,1.98424e-042,1.98564e-042,1.97163e-042,,,,,,,,,-1.#QNAN,-1.#QNAN,-1.#QNAN,-1.#QNAN,,,,,,,
2014-02-01 20:00:01,710,444556868894,,,,,,,,1.96602e-042,1.97863e-042,1.97863e-042,1.96742e-042,,,,,,,,,-1.#QNAN,-1.#QNAN,-1.#QNAN,-1.#QNAN,,,,,,,
2014-02-01 20:01:06,557,444556933741,,,,,,,,1.96182e-042,1.97163e-042,1.97303e-042,1.95902e-042,,,,,,,,,-1.#QNAN,-1.#QNAN,-1.#QNAN,-1.#QNAN,,,,,,,
2014-02-01 20:02:11,966,444556999150,,,,,,,,1.95621e-042,1.96882e-042,1.96882e-042,1.95621e-042,,,,,,,,,-1.#QNAN,-1.#QNAN,-1.#QNAN,-1.#QNAN,,,,,,,
2014-02-01 20:03:16,706,444557063890,,,,,,,,1.95061e-042,1.96182e-042,1.96322e-042,1.95201e-042,,,,,,,,,-1.#QNAN,-1.#QNAN,-1.#QNAN,-1.#QNAN,,,,,,,
2014-02-01 20:04:21,776,444557128960,,,,,,,,1.9478e-042,1.95902e-042,1.95902e-042,1.9464e-042,,,,,,,,,-1.#QNAN,-1.#QNAN,-1.#QNAN,-1.#QNAN,,,,,,,
2014-02-01 20:05:26,722,444557193906,,,,,,,,1.9436e-042,1.95481e-042,1.95341e-042,1.9422e-042,,,,,,,,,-1.#QNAN,-1.#QNAN,-1.#QNAN,-1.#QNAN,,,,,,,
2014-02-01 20:06:31,796,444557258980,,,,,,,,1.9394e-042,1.95061e-042,1.95061e-042,1.9408e-042,,,,,,,,,-1.#QNAN,-1.#QNAN,-1.#QNAN,-1.#QNAN,,,,,,,
2014-02-01 20:07:36,725,444557323909,,,,,,,,1.93519e-042,1.9478e-042,1.94921e-042,1.93659e-042,,,,,,,,,-1.#QNAN,-1.#QNAN,-1.#QNAN,-1.#QNAN,,,,,,,
2014-02-01 20:08:42,17,444557389201,,,,,,,,1.93379e-042,1.945e-042,1.945e-042,1.93379e-042,,,,,,,,,-1.#QNAN,-1.#QNAN,-1.#QNAN,-1.#QNAN,,,,,,,
2014-02-01 20:09:46,760,444557453944,,,,,,,,1.93099e-042,1.9408e-042,1.9436e-042,1.93099e-042,,,,,,,,,-1.#QNAN,-1.#QNAN,-1.#QNAN,-1.#QNAN,,,,,,,
2014-02-01 20:10:51,902,444557519086,,,,,,,,1.92959e-042,1.9394e-042,1.9408e-042,1.92819e-042,,,,,,,,,-1.#QNAN,-1.#QNAN,-1.#QNAN,-1.#QNAN,,,,,,,
2014-02-01 20:11:56,743,444557583927,,,,,,,,1.92819e-042,1.9394e-042,1.9408e-042,1.92959e-042,,,,,,,,,-1.#QNAN,-1.#QNAN,-1.#QNAN,-1.#QNAN,,,,,,,
2014-02-01 20:13:01,952,444557649136,,,,,,,,1.92819e-042,1.93659e-042,1.9394e-042,1.92679e-042,,,,,,,,,-1.#QNAN,-1.#QNAN,-1.#QNAN,-1.#QNAN,,,,,,,
2014-02-01 20:14:06,707,444557713891,,,,,,,,1.92819e-042,1.9394e-042,1.9394e-042,1.92819e-042,,,,,,,,,-1.#QNAN,-1.#QNAN,-1.#QNAN,-1.#QNAN,,,,,,,
2014-02-01 20:15:11,907,444557779091,,,,,,,,1.92679e-042,1.93659e-042,1.9394e-042,1.92819e-042,,,,,,,,,-1.#QNAN,-1.#QNAN,-1.#QNAN,-1.#QNAN,,,,,,,
2014-02-01 20:16:16,806,444557843990,,,,,,,,1.92679e-042,1.9394e-042,1.9394e-042,1.92819e-042,,,,,,,,,-1.#QNAN,-1.#QNAN,-1.#QNAN,-1.#QNAN,,,,,,,
2014-02-01 20:17:21,982,444557909166,,,,,,,,1.92819e-042,1.938e-042,1.9394e-042,1.92959e-042,,,,,,,,,-1.#QNAN,-1.#QNAN,-1.#QNAN,-1.#QNAN,,,,,,,
2014-02-01 20:18:26,774,444557973958,,,,,,,,1.93099e-042,1.9408e-042,1.945e-042,1.93379e-042,,,,,,,,,-1.#QNAN,-1.#QNAN,-1.#QNAN,-1.#QNAN,,,,,,,
2014-02-01 20:19:31,928,444558039112,,,,,,,,1.93379e-042,1.945e-042,1.945e-042,1.93519e-042,,,,,,,,,-1.#QNAN,-1.#QNAN,-1.#QNAN,-1.#QNAN,,,,,,,
2014-02-01 20:20:36,747,444558103931,,,,,,,,1.93519e-042,1.945e-042,1.945e-042,1.93659e-042,,,,,,,,,-1.#QNAN,-1.#QNAN,-1.#QNAN,-1.#QNAN,,,,,,,
2014-02-01 20:21:42,15,444558169199,,,,,,,,1.9394e-042,1.95061e-042,1.95061e-042,1.9408e-042,,,,,,,,,-1.#QNAN,-1.#QNAN,-1.#QNAN,-1.#QNAN,,,,,,,
2014-02-01 20:22:46,805,444558233989,,,,,,,,1.9422e-042,1.95481e-042,1.95341e-042,1.9436e-042,,,,,,,,,-1.#QNAN,-1.#QNAN,-1.#QNAN,-1.#QNAN,,,,,,,
2014-02-01 20:23:52,59,444558299243,,,,,,,,1.945e-042,1.95621e-042,1.95761e-042,1.945e-042,,,,,,,,,-1.#QNAN,-1.#QNAN,-1.#QNAN,-1.#QNAN,,,,,,,
2014-02-01 20:24:56,814,444558363998,,,,,,,,1.9478e-042,1.95902e-042,1.95902e-042,1.95061e-042,,,,,,,,,-1.#QNAN,-1.#QNAN,-1.#QNAN,-1.#QNAN,,,,,,,
2014-02-01 20:26:01,961,444558429145,,,,,,,,1.95201e-042,1.96322e-042,1.96602e-042,1.95341e-042,,,,,,,,,-1.#QNAN,-1.#QNAN,-1.#QNAN,-1.#QNAN,,,,,,,
2014-02-01 20:27:06,889,444558494073,,,,,,,,1.95621e-042,1.96602e-042,1.96882e-042,1.95761e-042,,,,,,,,,-1.#QNAN,-1.#QNAN,-1.#QNAN,-1.#QNAN,,,,,,,
2014-02-01 20:28:12,31,444558559215,,,,,,,,1.96182e-042,1.97303e-042,1.97443e-042,1.96182e-042,,,,,,,,,-1.#QNAN,-1.#QNAN,-1.#QNAN,-1.#QNAN,,,,,,,
2014-02-01 20:29:16,889,444558624073,,,,,,,,1.96462e-042,1.97583e-042,1.97863e-042,1.96742e-042,,,,,,,,,-1.#QNAN,-1.#QNAN,-1.#QNAN,-1.#QNAN,,,,,,,
2014-02-01 20:30:22,8,444558689192,,,,,,,,1.97163e-042,1.98424e-042,1.98424e-042,1.97163e-042,,,,,,,,,-1.#QNAN,-1.#QNAN,-1.#QNAN,-1.#QNAN,,,,,,,
2014-02-01 20:31:26,944,444558754128,,,,,,,,1.97723e-042,1.98704e-042,1.98984e-042,1.97863e-042,,,,,,,,,-1.#QNAN,-1.#QNAN,-1.#QNAN,-1.#QNAN,,,,,,,
2014-02-01 20:32:32,31,444558819215,,,,,,,,1.98424e-042,1.99545e-042,1.99685e-042,1.98424e-042,,,,,,,,,-1.#QNAN,-1.#QNAN,-1.#QNAN,-1.#QNAN,,,,,,,
2014-02-01 20:33:37,39,444558884223,,,,,,,,1.98844e-042,2.00105e-042,2.00105e-042,1.99125e-042,,,,,,,,,-1.#QNAN,-1.#QNAN,-1.#QNAN,-1.#QNAN,,,,,,,
2014-02-01 20:34:42,24,444558949208,,,,,,,,1.99545e-042,2.00666e-042,2.00666e-042,1.99685e-042,,,,,,,,,-1.#QNAN,-1.#QNAN,-1.#QNAN,-1.#QNAN,,,,,,,
2014-02-01 20:35:46,890,444559014074,,,,,,,,2.00246e-042,2.01367e-042,2.01507e-042,2.00526e-042,,,,,,,,,-1.#QNAN,-1.#QNAN,-1.#QNAN,-1.#QNAN,,,,,,,
2014-02-01 20:36:52,76,444559079260,,,,,,,,2.00806e-042,2.01927e-042,2.02067e-042,2.01226e-042,,,,,,,,,-1.#QNAN,-1.#QNAN,-1.#QNAN,-1.#QNAN,,,,,,,
2014-02-01 20:37:56,999,444559144183,,,,,,,,2.01367e-042,2.02628e-042,2.02768e-042,2.01787e-042,,,,,,,,,-1.#QNAN,-1.#QNAN,-1.#QNAN,-1.#QNAN,,,,,,,
2014-02-01 20:39:02,16,444559209200,,,,,,,,2.02347e-042,2.03469e-042,2.03328e-042,2.02488e-042,,,,,,,,,-1.#QNAN,-1.#QNAN,-1.#QNAN,-1.#QNAN,,,,,,,
2014-02-01 20:40:06,889,444559274073,,,,,,,,2.02908e-042,2.04169e-042,2.04169e-042,2.03048e-042,,,,,,,,,-1.#QNAN,-1.#QNAN,-1.#QNAN,-1.#QNAN,,,,,,,
2014-02-01 20:41:12,59,444559339243,,,,,,,,2.03749e-042,2.0487e-042,2.0501e-042,2.04029e-042,,,,,,,,,-1.#QNAN,-1.#QNAN,-1.#QNAN,-1.#QNAN,,,,,,,
2014-02-01 20:42:16,965,444559404149,,,,,,,,2.04309e-042,2.0557e-042,2.0543e-042,2.0473e-042,,,,,,,,,-1.#QNAN,-1.#QNAN,-1.#QNAN,-1.#QNAN,,,,,,,
2014-02-01 20:43:22,24,444559469208,,,,,,,,2.0515e-042,2.06271e-042,2.06411e-042,2.0557e-042,,,,,,,,,-1.#QNAN,-1.#QNAN,-1.#QNAN,-1.#QNAN,,,,,,,
2014-02-01 20:44:26,888,444559534072,,,,,,,,2.05711e-042,2.06972e-042,2.07112e-042,2.06131e-042,,,,,,,,,-1.#QNAN,-1.#QNAN,-1.#QNAN,-1.#QNAN,,,,,,,
2014-02-01 20:45:32,77,444559599261,,,,,,,,2.06832e-042,2.07953e-042,2.07953e-042,2.06972e-042,,,,,,,,,-1.#QNAN,-1.#QNAN,-1.#QNAN,-1.#QNAN,,,,,,,
2014-02-01 20:46:37,3,444559664187,,,,,,,,2.07392e-042,2.08513e-042,2.08793e-042,2.07813e-042,,,,,,,,,-1.#QNAN,-1.#QNAN,-1.#QNAN,-1.#QNAN,,,,,,,
2014-02-01 20:47:42,10,444559729194,,,,,,,,2.08513e-042,2.09354e-042,2.09634e-042,2.08513e-042,,,,,,,,,-1.#QNAN,-1.#QNAN,-1.#QNAN,-1.#QNAN,,,,,,,
2014-02-01 20:48:47,0,444559794184,,,,,,,,2.09074e-042,2.10335e-042,2.10335e-042,2.09354e-042,,,,,,,,,-1.#QNAN,-1.#QNAN,-1.#QNAN,-1.#QNAN,,,,,,,
2014-02-01 20:49:52,73,444559859257,,,,,,,,2.09915e-042,2.11036e-042,2.11036e-042,2.10195e-042,,,,,,,,,-1.#QNAN,-1.#QNAN,-1.#QNAN,-1.#QNAN,,,,,,,
2014-02-01 20:50:57,5,444559924189,,,,,,,,2.10755e-042,2.11876e-042,2.11876e-042,2.11036e-042,,,,,,,,,-1.#QNAN,-1.#QNAN,-1.#QNAN,-1.#QNAN,,,,,,,
2014-02-01 20:52:02,90,444559989274,,,,,,,,2.11596e-042,2.12577e-042,2.12857e-042,2.11876e-042,,,,,,,,,-1.#QNAN,-1.#QNAN,-1.#QNAN,-1.#QNAN,,,,,,,
2014-02-01 20:53:06,965,444560054149,,,,,,,,2.12297e-042,2.13558e-042,2.13558e-042,2.12577e-042,,,,,,,,,-1.#QNAN,-1.#QNAN,-1.#QNAN,-1.#QNAN,,,,,,,
2014-02-01 20:54:12,95,444560119279,,,,,,,,2.13137e-042,2.14399e-042,2.14399e-042,2.13558e-042,,,,,,,,,-1.#QNAN,-1.#QNAN,-1.#QNAN,-1.#QNAN,,,,,,,
2014-02-01 20:55:17,4,444560184188,,,,,,,,2.13978e-042,2.15099e-042,2.15239e-042,2.14118e-042,,,,,,,,,-1.#QNAN,-1.#QNAN,-1.#QNAN,-1.#QNAN,,,,,,,
2014-02-01 20:56:22,106,444560249290,,,,,,,,2.14819e-042,2.1608e-042,2.1608e-042,2.15239e-042,,,,,,,,,-1.#QNAN,-1.#QNAN,-1.#QNAN,-1.#QNAN,,,,,,,
2014-02-01 20:57:27,23,444560314207,,,,,,,,2.1552e-042,2.16921e-042,2.16641e-042,2.1594e-042,,,,,,,,,-1.#QNAN,-1.#QNAN,-1.#QNAN,-1.#QNAN,,,,,,,
2014-02-01 20:58:32,143,444560379327,,,,,,,,2.1636e-042,2.17482e-042,2.17482e-042,2.16641e-042,,,,,,,,,-1.#QNAN,-1.#QNAN,-1.#QNAN,-1.#QNAN,,,,,,,
2014-02-01 20:59:36,989,444560444173,,,,,,,,2.16921e-042,2.18042e-042,2.18322e-042,2.17201e-042,,,,,,,,,-1.#QNAN,-1.#QNAN,-1.#QNAN,-1.#QNAN,,,,,,,
2014-02-01 21:00:42,197,444560509381,,,,,,,,2.17482e-042,2.18743e-042,2.18883e-042,2.17902e-042,,,,,,,,,-1.#QNAN,-1.#QNAN,-1.#QNAN,-1.#QNAN,,,,,,,
2014-02-01 21:01:47,4,444560574188,,,,,,,,2.18042e-042,2.19163e-042,2.19303e-042,2.18322e-042,,,,,,,,,-1.#QNAN,-1.#QNAN,-1.#QNAN,-1.#QNAN,,,,,,,
2014-02-01 21:02:52,92,444560639276,,,,,,,,2.18603e-042,2.19583e-042,2.19724e-042,2.18743e-042,,,,,,,,,-1.#QNAN,-1.#QNAN,-1.#QNAN,-1.#QNAN,,,,,,,
2014-02-01 21:03:57,12,444560704196,,,,,,,,2.19023e-042,2.20284e-042,2.20284e-042,2.19163e-042,,,,,,,,,-1.#QNAN,-1.#QNAN,-1.#QNAN,-1.#QNAN,,,,,,,
2014-02-01 21:05:02,194,444560769378,,,,,,,,2.19303e-042,2.20564e-042,2.20564e-042,2.19724e-042,,,,,,,,,-1.#QNAN,-1.#QNAN,-1.#QNAN,-1.#QNAN,,,,,,,
2014-02-01 21:06:07,47,444560834231,,,,,,,,2.19724e-042,2.20845e-042,2.20845e-042,2.19864e-042,,,,,,,,,-1.#QNAN,-1.#QNAN,-1.#QNAN,-1.#QNAN,,,,,,,
2014-02-01 21:07:12,172,444560899356,,,,,,,,2.19864e-042,2.20845e-042,2.21125e-042,2.19864e-042,,,,,,,,,-1.#QNAN,-1.#QNAN,-1.#QNAN,-1.#QNAN,,,,,,,
2014-02-01 21:08:17,89,444560964273,,,,,,,,2.20284e-042,2.20985e-042,2.21405e-042,2.20144e-042,,,,,,,,,-1.#QNAN,-1.#QNAN,-1.#QNAN,-1.#QNAN,,,,,,,
2014-02-01 21:09:22,211,444561029395,,,,,,,,2.20004e-042,2.20985e-042,2.21265e-042,2.20284e-042,,,,,,,,,-1.#QNAN,-1.#QNAN,-1.#QNAN,-1.#QNAN,,,,,,,
2014-02-01 21:10:27,159,444561094343,,,,,,,,2.20004e-042,2.21125e-042,2.21265e-042,2.20144e-042,,,,,,,,,-1.#QNAN,-1.#QNAN,-1.#QNAN,-1.#QNAN,,,,,,,
2014-02-01 21:11:32,211,444561159395,,,,,,,,2.19864e-042,2.21125e-042,2.21125e-042,2.19864e-042,,,,,,,,,-1.#QNAN,-1.#QNAN,-1.#QNAN,-1.#QNAN,,,,,,,
2014-02-01 21:12:47,202,444561234386,,,,,,,,2.19724e-042,2.20845e-042,2.20985e-042,2.19724e-042,,,,,,,,,-1.#QNAN,-1.#QNAN,-1.#QNAN,-1.#QNAN,,,,,,,
2014-02-01 21:13:52,697,444561299881,,,,,,,,2.19583e-042,2.20564e-042,2.20705e-042,2.19443e-042,,,,,,,,,-1.#QNAN,-1.#QNAN,-1.#QNAN,-1.#QNAN,,,,,,,
2014-02-01 21:14:57,716,444561364900,,,,,,,,2.19163e-042,2.20284e-042,2.20424e-042,2.19163e-042,,,,,,,,,-1.#QNAN,-1.#QNAN,-1.#QNAN,-1.#QNAN,,,,,,,
2014-02-01 21:16:02,669,444561429853,,,,,,,,2.19023e-042,2.19724e-042,2.20004e-042,2.18883e-042,,,,,,,,,-1.#QNAN,-1.#QNAN,-1.#QNAN,-1.#QNAN,,,,,,,
