'Date (YYYY-MM-DD HH:MM:SS),'Date Millisecond Offset,'Date (J2000 mseconds),'HKC Temperature(°C),'Reset Count,'Last Reset Reason
2014-02-15 00:00:14,882,445694482066,18.2198,0,0x00008000
2014-02-15 00:01:20,1,445694547185,18.7514,0,0x00008000
2014-02-15 00:02:24,955,445694612139,18.8273,0,0x00008000
2014-02-15 00:03:30,21,445694677205,19.1308,0,0x00008000
2014-02-15 00:04:35,18,445694742202,19.5101,0,0x00008000
2014-02-15 00:05:40,45,445694807229,19.8135,0,0x00008000
2014-02-15 00:06:45,105,445694872289,19.9652,0,0x00008000
2014-02-15 00:07:50,115,445694937299,20.4961,0,0x00008000
2014-02-15 00:08:55,253,445695002437,20.572,0,0x00008000
2014-02-15 00:10:00,161,445695067345,21.1032,0,0x00008000
2014-02-15 00:11:05,215,445695132399,21.4829,0,0x00008000
2014-02-15 00:12:10,246,445695197430,21.8629,0,0x00008000
2014-02-15 00:13:15,229,445695262413,22.015,0,0x00008000
2014-02-15 00:14:20,333,445695327517,22.3194,0,0x00008000
2014-02-15 00:15:25,328,445695392512,22.7003,0,0x00008000
2014-02-15 00:16:30,391,445695457575,23.2346,0,0x00008000
2014-02-15 00:17:35,426,445695522610,23.2346,0,0x00008000
2014-02-15 00:18:40,464,445695587648,23.6935,0,0x00008000
2014-02-15 00:19:45,497,445695652681,24.1535,0,0x00008000
2014-02-15 00:20:50,530,445695717714,24.1535,0,0x00008000
2014-02-15 00:21:55,565,445695782749,24.6147,0,0x00008000
2014-02-15 00:23:00,580,445695847764,24.8458,0,0x00008000
2014-02-15 00:24:05,642,445695912826,24.9229,0,0x00008000
2014-02-15 00:25:10,661,445695977845,25.309,0,0x00008000
2014-02-15 00:26:15,779,445696042963,25.309,0,0x00008000
2014-02-15 00:27:20,770,445696107954,25.6186,0,0x00008000
2014-02-15 00:28:25,827,445696173011,25.5412,0,0x00008000
2014-02-15 00:29:30,850,445696238034,25.7737,0,0x00008000
2014-02-15 00:30:35,883,445696303067,25.4637,0,0x00008000
2014-02-15 00:31:40,917,445696368101,25.5412,0,0x00008000
2014-02-15 00:32:45,941,445696433125,25.309,0,0x00008000
2014-02-15 00:33:50,974,445696498158,25.1544,0,0x00008000
2014-02-15 00:34:56,10,445696563194,24.8458,0,0x00008000
2014-02-15 00:36:01,52,445696628236,24.4608,0,0x00008000
2014-02-15 00:37:06,14,445696693198,24.1535,0,0x00008000
2014-02-15 00:38:11,0,445696758184,23.8467,0,0x00008000
2014-02-15 00:39:16,149,445696823333,23.5404,0,0x00008000
2014-02-15 00:40:21,149,445696888333,22.9291,0,0x00008000
2014-02-15 00:41:26,173,445696953357,22.4717,0,0x00008000
2014-02-15 00:42:31,208,445697018392,22.015,0,0x00008000
2014-02-15 00:43:36,214,445697083398,21.6348,0,0x00008000
2014-02-15 00:44:41,253,445697148437,21.1032,0,0x00008000
2014-02-15 00:45:46,315,445697213499,20.572,0,0x00008000
2014-02-15 00:46:51,341,445697278525,20.1169,0,0x00008000
2014-02-15 00:47:56,342,445697343526,19.586,0,0x00008000
2014-02-15 00:49:01,387,445697408571,19.2067,0,0x00008000
2014-02-15 00:50:06,446,445697473630,18.5236,0,0x00008000
2014-02-15 00:51:11,444,445697538628,18.1438,0,0x00008000
2014-02-15 00:52:16,479,445697603663,17.6875,0,0x00008000
2014-02-15 00:53:21,529,445697668713,17.1543,0,0x00008000
2014-02-15 00:54:26,647,445697733831,16.7728,0,0x00008000
2014-02-15 00:55:31,589,445697798773,16.2376,0,0x00008000
2014-02-15 00:56:36,717,445697863901,15.5473,0,0x00008000
2014-02-15 00:57:41,720,445697928904,15.0083,0,0x00008000
2014-02-15 00:58:46,785,445697993969,14.5448,0,0x00008000
2014-02-15 00:59:51,785,445698058969,14.3899,0,0x00008000
2014-02-15 01:00:56,832,445698124016,13.7685,0,0x00008000
2014-02-15 01:02:01,863,445698189047,13.6127,0,0x00008000
2014-02-15 01:03:06,870,445698254054,13.222,0,0x00008000
2014-02-15 01:04:11,913,445698319097,12.83,0,0x00008000
2014-02-15 01:05:16,935,445698384119,12.5152,0,0x00008000
2014-02-15 01:06:21,932,445698449116,12.3574,0,0x00008000
2014-02-15 01:07:26,951,445698514135,12.3574,0,0x00008000
2014-02-15 01:08:32,6,445698579190,12.1993,0,0x00008000
2014-02-15 01:09:37,140,445698644324,12.3574,0,0x00008000
2014-02-15 01:10:42,118,445698709302,12.3574,0,0x00008000
2014-02-15 01:11:47,147,445698774331,12.5152,0,0x00008000
2014-02-15 01:12:52,204,445698839388,12.4363,0,0x00008000
2014-02-15 01:13:57,252,445698904436,12.5152,0,0x00008000
2014-02-15 01:15:02,270,445698969454,12.594,0,0x00008000
2014-02-15 01:16:07,298,445699034482,12.9085,0,0x00008000
2014-02-15 01:17:12,420,445699099604,13.0654,0,0x00008000
2014-02-15 01:18:17,374,445699164558,13.3003,0,0x00008000
2014-02-15 01:19:22,413,445699229597,13.222,0,0x00008000
2014-02-15 01:20:27,481,445699294665,13.4566,0,0x00008000
2014-02-15 01:21:32,494,445699359678,13.6906,0,0x00008000
2014-02-15 01:22:37,591,445699424775,14.0796,0,0x00008000
2014-02-15 01:23:42,571,445699489755,14.3124,0,0x00008000
2014-02-15 01:24:47,618,445699554802,14.4674,0,0x00008000
2014-02-15 01:25:52,689,445699619873,14.6995,0,0x00008000
2014-02-15 01:26:57,697,445699684881,14.9312,0,0x00008000
2014-02-15 01:28:02,709,445699749893,15.3935,0,0x00008000
2014-02-15 01:29:07,756,445699814940,15.6241,0,0x00008000
2014-02-15 01:30:12,844,445699880028,15.9311,0,0x00008000
2014-02-15 01:31:17,778,445699944962,15.9311,0,0x00008000
2014-02-15 01:32:22,882,445700010066,16.3141,0,0x00008000
2014-02-15 01:33:27,856,445700075040,16.6964,0,0x00008000
2014-02-15 01:34:32,886,445700140070,16.9255,0,0x00008000
2014-02-15 01:35:37,940,445700205124,17.3067,0,0x00008000
2014-02-15 01:36:42,960,445700270144,17.6114,0,0x00008000
2014-02-15 01:37:48,16,445700335200,17.6875,0,0x00008000
2014-02-15 01:38:52,964,445700400148,18.2198,0,0x00008000
2014-02-15 01:39:58,5,445700465189,18.3717,0,0x00008000
2014-02-15 01:41:03,66,445700530250,18.5236,0,0x00008000
2014-02-15 01:42:08,64,445700595248,19.055,0,0x00008000
2014-02-15 01:43:13,159,445700660343,19.1308,0,0x00008000
2014-02-15 01:44:18,177,445700725361,19.5101,0,0x00008000
2014-02-15 01:45:23,292,445700790476,19.6618,0,0x00008000
2014-02-15 01:46:28,272,445700855456,19.8894,0,0x00008000
2014-02-15 01:47:33,267,445700920451,20.3444,0,0x00008000
2014-02-15 01:48:38,314,445700985498,20.572,0,0x00008000
2014-02-15 01:49:43,308,445701050492,20.8755,0,0x00008000
2014-02-15 01:50:48,385,445701115569,21.1791,0,0x00008000
2014-02-15 01:51:53,368,445701180552,21.5588,0,0x00008000
2014-02-15 01:52:58,447,445701245631,21.7868,0,0x00008000
2014-02-15 01:54:03,469,445701310653,22.091,0,0x00008000
2014-02-15 01:55:08,486,445701375670,22.4717,0,0x00008000
2014-02-15 01:56:13,523,445701440707,22.8528,0,0x00008000
2014-02-15 01:57:18,552,445701505736,23.2346,0,0x00008000
2014-02-15 01:58:23,652,445701570836,23.5404,0,0x00008000
2014-02-15 01:59:28,638,445701635822,23.6169,0,0x00008000
2014-02-15 02:00:33,701,445701700885,23.9233,0,0x00008000
2014-02-15 02:01:38,756,445701765940,24.1535,0,0x00008000
2014-02-15 02:02:43,737,445701830921,24.5377,0,0x00008000
2014-02-15 02:03:48,839,445701896023,24.7687,0,0x00008000
2014-02-15 02:04:53,806,445701960990,25,0,0x00008000
2014-02-15 02:05:58,864,445702026048,25.4637,0,0x00008000
2014-02-15 02:07:03,878,445702091062,25.3863,0,0x00008000
2014-02-15 02:08:08,919,445702156103,25.4637,0,0x00008000
2014-02-15 02:09:13,943,445702221127,25.6186,0,0x00008000
2014-02-15 02:10:18,954,445702286138,25.3863,0,0x00008000
2014-02-15 02:11:24,53,445702351237,25.4637,0,0x00008000
2014-02-15 02:12:29,51,445702416235,25.3863,0,0x00008000
2014-02-15 02:13:34,101,445702481285,25,0,0x00008000
2014-02-15 02:14:39,130,445702546314,24.6147,0,0x00008000
2014-02-15 02:15:44,126,445702611310,24.3839,0,0x00008000
2014-02-15 02:16:49,115,445702676299,24.0767,0,0x00008000
2014-02-15 02:17:54,166,445702741350,23.6169,0,0x00008000
2014-02-15 02:18:59,264,445702806448,23.311,0,0x00008000
2014-02-15 02:20:04,276,445702871460,22.8528,0,0x00008000
2014-02-15 02:21:09,318,445702936502,22.3955,0,0x00008000
2014-02-15 02:22:14,377,445703001561,21.9389,0,0x00008000
2014-02-15 02:23:19,382,445703066566,21.4829,0,0x00008000
2014-02-15 02:24:24,442,445703131626,21.0273,0,0x00008000
2014-02-15 02:25:29,434,445703196618,20.572,0,0x00008000
2014-02-15 02:26:34,483,445703261667,20.041,0,0x00008000
2014-02-15 02:27:39,504,445703326688,19.5101,0,0x00008000
2014-02-15 02:28:44,645,445703391829,19.055,0,0x00008000
2014-02-15 02:29:49,621,445703456805,18.6755,0,0x00008000
2014-02-15 02:30:54,657,445703521841,18.0678,0,0x00008000
2014-02-15 02:31:59,710,445703586894,17.4591,0,0x00008000
2014-02-15 02:33:04,734,445703651918,17.0018,0,0x00008000
2014-02-15 02:34:09,785,445703716969,16.4671,0,0x00008000
2014-02-15 02:35:14,741,445703781925,16.0078,0,0x00008000
2014-02-15 02:36:19,719,445703846903,15.6241,0,0x00008000
2014-02-15 02:37:24,772,445703911956,14.9312,0,0x00008000
2014-02-15 02:38:29,827,445703977011,14.5448,0,0x00008000
2014-02-15 02:39:34,848,445704042032,14.0019,0,0x00008000
2014-02-15 02:40:39,897,445704107081,13.6906,0,0x00008000
2014-02-15 02:41:44,912,445704172096,13.3785,0,0x00008000
2014-02-15 02:42:49,985,445704237169,12.9085,0,0x00008000
2014-02-15 02:43:55,28,445704302212,12.594,0,0x00008000
2014-02-15 02:44:59,996,445704367180,12.3574,0,0x00008000
2014-02-15 02:46:04,991,445704432175,12.1202,0,0x00008000
2014-02-15 02:47:10,20,445704497204,12.1202,0,0x00008000
2014-02-15 02:48:15,66,445704562250,12.041,0,0x00008000
2014-02-15 02:49:20,117,445704627301,12.1202,0,0x00008000
2014-02-15 02:50:25,142,445704692326,11.8824,0,0x00008000
2014-02-15 02:51:30,171,445704757355,12.041,0,0x00008000
2014-02-15 02:52:35,234,445704822418,12.041,0,0x00008000
2014-02-15 02:53:40,276,445704887460,12.3574,0,0x00008000
2014-02-15 02:54:45,273,445704952457,12.1993,0,0x00008000
2014-02-15 02:55:50,312,445705017496,12.4363,0,0x00008000
2014-02-15 02:56:55,336,445705082520,12.7514,0,0x00008000
2014-02-15 02:58:00,336,445705147520,12.9085,0,0x00008000
2014-02-15 02:59:05,384,445705212568,12.9085,0,0x00008000
2014-02-15 03:00:10,375,445705277559,13.0654,0,0x00008000
2014-02-15 03:01:15,419,445705342603,13.222,0,0x00008000
2014-02-15 03:02:20,461,445705407645,13.5347,0,0x00008000
2014-02-15 03:03:25,478,445705472662,13.6127,0,0x00008000
2014-02-15 03:04:30,543,445705537727,14.0796,0,0x00008000
2014-02-15 03:05:35,531,445705602715,14.0796,0,0x00008000
2014-02-15 03:06:40,656,445705667840,14.4674,0,0x00008000
2014-02-15 03:07:45,611,445705732795,14.6222,0,0x00008000
2014-02-15 03:08:50,635,445705797819,14.854,0,0x00008000
2014-02-15 03:09:55,648,445705862832,15.2395,0,0x00008000
2014-02-15 03:11:00,678,445705927862,15.3935,0,0x00008000
2014-02-15 03:12:05,790,445705992974,15.5473,0,0x00008000
2014-02-15 03:13:10,786,445706057970,16.0844,0,0x00008000
2014-02-15 03:14:15,830,445706123014,16.3906,0,0x00008000
2014-02-15 03:15:20,864,445706188048,16.5436,0,0x00008000
2014-02-15 03:16:25,919,445706253103,17.0018,0,0x00008000
2014-02-15 03:17:30,948,445706318132,17.078,0,0x00008000
2014-02-15 03:18:35,983,445706383167,17.5352,0,0x00008000
2014-02-15 03:19:41,24,445706448208,17.6875,0,0x00008000
2014-02-15 03:20:46,44,445706513228,17.9917,0,0x00008000
2014-02-15 03:21:51,142,445706578326,18.5236,0,0x00008000
2014-02-15 03:22:56,166,445706643350,18.8273,0,0x00008000
2014-02-15 03:24:01,211,445706708395,18.9032,0,0x00008000
2014-02-15 03:25:06,249,445706773433,19.4343,0,0x00008000
2014-02-15 03:26:11,274,445706838458,19.7377,0,0x00008000
2014-02-15 03:27:16,306,445706903490,19.9652,0,0x00008000
2014-02-15 03:28:21,334,445706968518,20.2686,0,0x00008000
2014-02-15 03:29:26,443,445707033627,20.3444,0,0x00008000
2014-02-15 03:30:31,394,445707098578,20.8755,0,0x00008000
2014-02-15 03:31:36,404,445707163588,21.1791,0,0x00008000
2014-02-15 03:32:41,453,445707228637,21.331,0,0x00008000
2014-02-15 03:33:46,470,445707293654,21.7868,0,0x00008000
2014-02-15 03:34:51,497,445707358681,22.1671,0,0x00008000
2014-02-15 03:35:56,528,445707423712,22.3194,0,0x00008000
2014-02-15 03:37:01,552,445707488736,22.4717,0,0x00008000
2014-02-15 03:38:06,523,445707553707,22.7766,0,0x00008000
2014-02-15 03:39:11,606,445707618790,23.2346,0,0x00008000
2014-02-15 03:40:16,605,445707683789,23.4639,0,0x00008000
2014-02-15 03:41:21,630,445707748814,24,0,0x00008000
2014-02-15 03:42:26,733,445707813917,24.2303,0,0x00008000
2014-02-15 03:43:31,728,445707878912,24.6147,0,0x00008000
2014-02-15 03:44:36,856,445707944040,24.6147,0,0x00008000
2014-02-15 03:45:41,803,445708008987,24.9229,0,0x00008000
2014-02-15 03:46:46,856,445708074040,25.1544,0,0x00008000
2014-02-15 03:47:51,883,445708139067,25.0772,0,0x00008000
2014-02-15 03:48:56,921,445708204105,25.3863,0,0x00008000
2014-02-15 03:50:01,974,445708269158,25.4637,0,0x00008000
2014-02-15 03:51:06,988,445708334172,25.1544,0,0x00008000
2014-02-15 03:52:12,38,445708399222,25.309,0,0x00008000
2014-02-15 03:53:17,38,445708464222,24.8458,0,0x00008000
2014-02-15 03:54:22,99,445708529283,24.8458,0,0x00008000
2014-02-15 03:55:27,139,445708594323,24.3839,0,0x00008000
2014-02-15 03:56:32,169,445708659353,24.3071,0,0x00008000
2014-02-15 03:57:37,295,445708724479,23.7701,0,0x00008000
2014-02-15 03:58:42,229,445708789413,23.311,0,0x00008000
2014-02-15 03:59:47,298,445708854482,23.0055,0,0x00008000
2014-02-15 04:00:52,346,445708919530,22.5479,0,0x00008000
2014-02-15 04:01:57,386,445708984570,22.1671,0,0x00008000
2014-02-15 04:03:02,403,445709049587,21.6348,0,0x00008000
2014-02-15 04:04:07,420,445709114604,20.9514,0,0x00008000
2014-02-15 04:05:12,516,445709179700,20.4961,0,0x00008000
2014-02-15 04:06:17,485,445709244669,20.1927,0,0x00008000
2014-02-15 04:07:22,532,445709309716,19.586,0,0x00008000
2014-02-15 04:08:27,590,445709374774,19.1308,0,0x00008000
2014-02-15 04:09:32,568,445709439752,18.6755,0,0x00008000
2014-02-15 04:10:37,666,445709504850,18.2198,0,0x00008000
2014-02-15 04:11:42,629,445709569813,17.6875,0,0x00008000
2014-02-15 04:12:47,781,445709634965,17.078,0,0x00008000
2014-02-15 04:13:52,737,445709699921,16.7728,0,0x00008000
2014-02-15 04:14:57,776,445709764960,16.2376,0,0x00008000
2014-02-15 04:16:02,790,445709829974,15.5473,0,0x00008000
2014-02-15 04:17:07,823,445709895007,15.1625,0,0x00008000
2014-02-15 04:18:12,900,445709960084,14.6995,0,0x00008000
2014-02-15 04:19:17,871,445710025055,14.1573,0,0x00008000
2014-02-15 04:20:22,963,445710090147,14.0019,0,0x00008000
2014-02-15 04:21:27,992,445710155176,13.3785,0,0x00008000
2014-02-15 04:22:33,64,445710220248,13.3003,0,0x00008000
2014-02-15 04:23:38,99,445710285283,12.7514,0,0x00008000
2014-02-15 04:24:43,141,445710350325,12.594,0,0x00008000
2014-02-15 04:25:48,185,445710415369,12.2784,0,0x00008000
2014-02-15 04:26:53,222,445710480406,12.1993,0,0x00008000
2014-02-15 04:27:58,307,445710545491,12.1993,0,0x00008000
2014-02-15 04:29:03,317,445710610501,12.041,0,0x00008000
2014-02-15 04:30:08,453,445710675637,11.9617,0,0x00008000
2014-02-15 04:31:13,427,445710740611,12.041,0,0x00008000
2014-02-15 04:32:18,415,445710805599,12.1202,0,0x00008000
2014-02-15 04:33:23,475,445710870659,12.1202,0,0x00008000
2014-02-15 04:34:28,491,445710935675,12.2784,0,0x00008000
2014-02-15 04:35:33,514,445711000698,12.4363,0,0x00008000
2014-02-15 04:36:38,534,445711065718,12.6727,0,0x00008000
2014-02-15 04:37:43,602,445711130786,12.9085,0,0x00008000
2014-02-15 04:38:48,573,445711195757,13.222,0,0x00008000
2014-02-15 04:39:53,608,445711260792,13.4566,0,0x00008000
2014-02-15 04:40:58,667,445711325851,14.0019,0,0x00008000
2014-02-15 04:42:03,623,445711390807,14.3124,0,0x00008000
2014-02-15 04:43:08,702,445711455886,14.4674,0,0x00008000
2014-02-15 04:44:13,737,445711520921,14.854,0,0x00008000
2014-02-15 04:45:18,784,445711585968,15.3165,0,0x00008000
2014-02-15 04:46:23,839,445711651023,15.3165,0,0x00008000
2014-02-15 04:47:28,841,445711716025,15.7009,0,0x00008000
2014-02-15 04:48:33,899,445711781083,15.9311,0,0x00008000
2014-02-15 04:49:38,909,445711846093,16.3906,0,0x00008000
2014-02-15 04:50:43,941,445711911125,16.62,0,0x00008000
2014-02-15 04:51:48,958,445711976142,16.8491,0,0x00008000
2014-02-15 04:52:54,3,445712041187,17.3067,0,0x00008000
2014-02-15 04:53:59,57,445712106241,17.4591,0,0x00008000
2014-02-15 04:55:04,39,445712171223,17.8396,0,0x00008000
2014-02-15 04:56:09,104,445712236288,17.8396,0,0x00008000
2014-02-15 04:57:14,84,445712301268,18.2957,0,0x00008000
2014-02-15 04:58:19,207,445712366391,18.3717,0,0x00008000
2014-02-15 04:59:24,172,445712431356,18.8273,0,0x00008000
2014-02-15 05:00:29,187,445712496371,19.1308,0,0x00008000
2014-02-15 05:01:34,263,445712561447,19.3584,0,0x00008000
2014-02-15 05:02:39,314,445712626498,19.6618,0,0x00008000
2014-02-15 05:03:44,326,445712691510,19.8135,0,0x00008000
2014-02-15 05:04:49,365,445712756549,20.1169,0,0x00008000
2014-02-15 05:05:54,335,445712821519,20.3444,0,0x00008000
2014-02-15 05:06:59,407,445712886591,20.7237,0,0x00008000
2014-02-15 05:08:04,392,445712951576,21.1791,0,0x00008000
2014-02-15 05:09:09,419,445713016603,21.331,0,0x00008000
2014-02-15 05:10:14,457,445713081641,21.7868,0,0x00008000
2014-02-15 05:11:19,543,445713146727,22.015,0,0x00008000
2014-02-15 05:12:24,571,445713211755,22.3955,0,0x00008000
2014-02-15 05:13:29,570,445713276754,22.4717,0,0x00008000
2014-02-15 05:14:34,606,445713341790,22.9291,0,0x00008000
2014-02-15 05:15:39,601,445713406785,23.311,0,0x00008000
2014-02-15 05:16:44,652,445713471836,23.5404,0,0x00008000
2014-02-15 05:17:49,683,445713536867,23.6935,0,0x00008000
2014-02-15 05:18:54,753,445713601937,24,0,0x00008000
2014-02-15 05:19:59,757,445713666941,24.1535,0,0x00008000
2014-02-15 05:21:04,811,445713731995,24.3839,0,0x00008000
2014-02-15 05:22:09,838,445713797022,24.4608,0,0x00008000
2014-02-15 05:23:14,861,445713862045,24.6917,0,0x00008000
2014-02-15 05:24:19,896,445713927080,25.1544,0,0x00008000
2014-02-15 05:25:24,932,445713992116,25.1544,0,0x00008000
2014-02-15 05:26:30,26,445714057210,25.0772,0,0x00008000
2014-02-15 05:27:34,978,445714122162,25.1544,0,0x00008000
2014-02-15 05:28:40,55,445714187239,25.3863,0,0x00008000
2014-02-15 05:29:45,56,445714252240,25.309,0,0x00008000
2014-02-15 05:30:50,80,445714317264,25.1544,0,0x00008000
2014-02-15 05:31:55,108,445714382292,24.9229,0,0x00008000
2014-02-15 05:33:00,143,445714447327,24.9229,0,0x00008000
2014-02-15 05:34:05,191,445714512375,24.6147,0,0x00008000
2014-02-15 05:35:10,180,445714577364,24.4608,0,0x00008000
2014-02-15 05:36:15,259,445714642443,24.1535,0,0x00008000
2014-02-15 05:37:20,246,445714707430,23.7701,0,0x00008000
2014-02-15 05:38:25,282,445714772466,23.2346,0,0x00008000
2014-02-15 05:39:30,331,445714837515,23.0055,0,0x00008000
2014-02-15 05:40:35,399,445714902583,22.4717,0,0x00008000
2014-02-15 05:41:40,427,445714967611,22.091,0,0x00008000
2014-02-15 05:42:45,410,445715032594,21.7108,0,0x00008000
2014-02-15 05:43:50,434,445715097618,21.1032,0,0x00008000
2014-02-15 05:44:55,479,445715162663,20.7237,0,0x00008000
2014-02-15 05:46:00,530,445715227714,20.041,0,0x00008000
2014-02-15 05:47:05,563,445715292747,19.586,0,0x00008000
2014-02-15 05:48:10,579,445715357763,19.1308,0,0x00008000
2014-02-15 05:49:15,620,445715422804,18.6755,0,0x00008000
2014-02-15 05:50:20,662,445715487846,18.2198,0,0x00008000
2014-02-15 05:51:25,673,445715552857,17.8396,0,0x00008000
2014-02-15 05:52:30,674,445715617858,17.2305,0,0x00008000
2014-02-15 05:53:35,662,445715682846,16.62,0,0x00008000
2014-02-15 05:54:40,745,445715747929,16.161,0,0x00008000
2014-02-15 05:55:45,740,445715812924,15.7009,0,0x00008000
2014-02-15 05:56:50,799,445715877983,15.1625,0,0x00008000
2014-02-15 05:57:55,823,445715943007,14.854,0,0x00008000
2014-02-15 05:59:00,875,445716008059,14.3124,0,0x00008000
2014-02-15 06:00:05,866,445716073050,14.0796,0,0x00008000
2014-02-15 06:01:10,935,445716138119,13.5347,0,0x00008000
2014-02-15 06:02:15,986,445716203170,13.222,0,0x00008000
2014-02-15 06:03:21,16,445716268200,12.987,0,0x00008000
2014-02-15 06:04:25,989,445716333173,12.83,0,0x00008000
2014-02-15 06:05:31,36,445716398220,12.594,0,0x00008000
2014-02-15 06:06:36,22,445716463206,12.6727,0,0x00008000
2014-02-15 06:07:41,79,445716528263,12.4363,0,0x00008000
2014-02-15 06:08:46,121,445716593305,12.594,0,0x00008000
2014-02-15 06:09:51,206,445716658390,12.3574,0,0x00008000
2014-02-15 06:10:56,205,445716723389,12.2784,0,0x00008000
2014-02-15 06:12:01,242,445716788426,12.4363,0,0x00008000
2014-02-15 06:13:06,284,445716853468,12.4363,0,0x00008000
2014-02-15 06:14:11,304,445716918488,12.5152,0,0x00008000
2014-02-15 06:15:16,281,445716983465,12.594,0,0x00008000
2014-02-15 06:16:21,306,445717048490,12.83,0,0x00008000
2014-02-15 06:17:26,390,445717113574,12.9085,0,0x00008000
2014-02-15 06:18:31,388,445717178572,13.222,0,0x00008000
2014-02-15 06:19:36,436,445717243620,13.3785,0,0x00008000
2014-02-15 06:20:41,481,445717308665,13.6906,0,0x00008000
2014-02-15 06:21:46,479,445717373663,14.0796,0,0x00008000
2014-02-15 06:22:51,517,445717438701,14.1573,0,0x00008000
2014-02-15 06:23:56,556,445717503740,14.4674,0,0x00008000
2014-02-15 06:25:01,588,445717568772,14.854,0,0x00008000
2014-02-15 06:26:06,639,445717633823,15.0855,0,0x00008000
2014-02-15 06:27:11,673,445717698857,15.3935,0,0x00008000
2014-02-15 06:28:16,646,445717763830,15.7777,0,0x00008000
2014-02-15 06:29:21,679,445717828863,16.161,0,0x00008000
2014-02-15 06:30:26,745,445717893929,16.6964,0,0x00008000
2014-02-15 06:31:31,737,445717958921,16.7728,0,0x00008000
2014-02-15 06:32:36,800,445718023984,17.3067,0,0x00008000
2014-02-15 06:33:41,817,445718089001,17.6114,0,0x00008000
2014-02-15 06:34:46,869,445718154053,17.6875,0,0x00008000
2014-02-15 06:35:51,895,445718219079,17.8396,0,0x00008000
2014-02-15 06:36:56,939,445718284123,18.2957,0,0x00008000
2014-02-15 06:38:02,9,445718349193,18.6755,0,0x00008000
2014-02-15 06:39:06,988,445718414172,18.9032,0,0x00008000
2014-02-15 06:40:12,66,445718479250,19.1308,0,0x00008000
2014-02-15 06:41:17,85,445718544269,19.2067,0,0x00008000
2014-02-15 06:42:22,79,445718609263,19.4343,0,0x00008000
2014-02-15 06:43:27,120,445718674304,19.8894,0,0x00008000
2014-02-15 06:44:32,165,445718739349,20.1927,0,0x00008000
2014-02-15 06:45:37,242,445718804426,20.1927,0,0x00008000
2014-02-15 06:46:42,199,445718869383,20.572,0,0x00008000
2014-02-15 06:47:47,306,445718934490,20.9514,0,0x00008000
2014-02-15 06:48:52,369,445718999553,21.255,0,0x00008000
2014-02-15 06:49:57,407,445719064591,21.5588,0,0x00008000
2014-02-15 06:51:02,438,445719129622,21.6348,0,0x00008000
2014-02-15 06:52:07,501,445719194685,22.091,0,0x00008000
2014-02-15 06:53:12,534,445719259718,22.4717,0,0x00008000
2014-02-15 06:54:17,549,445719324733,22.7003,0,0x00008000
2014-02-15 06:55:22,605,445719389789,23.0055,0,0x00008000
2014-02-15 06:56:27,639,445719454823,23.311,0,0x00008000
2014-02-15 06:57:32,729,445719519913,23.6169,0,0x00008000
2014-02-15 06:58:37,708,445719584892,23.7701,0,0x00008000
2014-02-15 06:59:42,723,445719649907,24,0,0x00008000
2014-02-15 07:00:47,825,445719715009,24.5377,0,0x00008000
2014-02-15 07:01:52,807,445719779991,24.5377,0,0x00008000
2014-02-15 07:02:57,908,445719845092,24.9229,0,0x00008000
2014-02-15 07:04:02,879,445719910063,25.0772,0,0x00008000
2014-02-15 07:05:07,963,445719975147,25.2317,0,0x00008000
2014-02-15 07:06:13,12,445720040196,25.1544,0,0x00008000
2014-02-15 07:07:17,998,445720105182,25.2317,0,0x00008000
2014-02-15 07:08:23,99,445720170283,25.1544,0,0x00008000
2014-02-15 07:09:28,103,445720235287,25.1544,0,0x00008000
2014-02-15 07:10:33,159,445720300343,25.0772,0,0x00008000
2014-02-15 07:11:38,205,445720365389,24.8458,0,0x00008000
2014-02-15 07:12:43,229,445720430413,24.6917,0,0x00008000
2014-02-15 07:13:48,283,445720495467,24.4608,0,0x00008000
2014-02-15 07:14:53,317,445720560501,24,0,0x00008000
2014-02-15 07:15:58,419,445720625603,23.6935,0,0x00008000
2014-02-15 07:17:03,417,445720690601,23.2346,0,0x00008000
2014-02-15 07:18:08,470,445720755654,23.0818,0,0x00008000
2014-02-15 07:19:13,527,445720820711,22.6241,0,0x00008000
2014-02-15 07:20:18,528,445720885712,21.9389,0,0x00008000
2014-02-15 07:21:23,562,445720950746,21.7108,0,0x00008000
2014-02-15 07:22:28,550,445721015734,21.1032,0,0x00008000
2014-02-15 07:23:33,635,445721080819,20.572,0,0x00008000
2014-02-15 07:24:38,583,445721145767,20.1927,0,0x00008000
2014-02-15 07:25:43,720,445721210904,19.586,0,0x00008000
2014-02-15 07:26:48,741,445721275925,19.2067,0,0x00008000
2014-02-15 07:27:53,766,445721340950,18.8273,0,0x00008000
2014-02-15 07:28:58,777,445721405961,18.2957,0,0x00008000
2014-02-15 07:30:03,794,445721470978,17.9157,0,0x00008000
2014-02-15 07:31:08,876,445721536060,17.3067,0,0x00008000
2014-02-15 07:32:13,839,445721601023,16.9255,0,0x00008000
2014-02-15 07:33:18,867,445721666051,16.3141,0,0x00008000
2014-02-15 07:34:23,868,445721731052,15.8544,0,0x00008000
2014-02-15 07:35:28,937,445721796121,15.1625,0,0x00008000
2014-02-15 07:36:33,997,445721861181,14.6995,0,0x00008000
2014-02-15 07:37:39,9,445721926193,14.2349,0,0x00008000
2014-02-15 07:38:44,141,445721991325,13.9242,0,0x00008000
2014-02-15 07:39:49,144,445722056328,13.6127,0,0x00008000
2014-02-15 07:40:54,274,445722121458,13.0654,0,0x00008000
2014-02-15 07:41:59,225,445722186409,12.9085,0,0x00008000
2014-02-15 07:43:04,255,445722251439,12.4363,0,0x00008000
2014-02-15 07:44:09,266,445722316450,12.3574,0,0x00008000
2014-02-15 07:45:14,332,445722381516,12.041,0,0x00008000
2014-02-15 07:46:19,404,445722446588,12.041,0,0x00008000
2014-02-15 07:47:24,333,445722511517,11.8824,0,0x00008000
2014-02-15 07:48:24,646,445722571830,11.8824,0,0x00008000
2014-02-15 07:49:24,848,445722632032,11.9617,0,0x00008000
2014-02-15 07:50:25,39,445722692223,12.041,0,0x00008000
2014-02-15 07:51:25,239,445722752423,11.9617,0,0x00008000
2014-02-15 07:52:25,534,445722812718,12.041,0,0x00008000
2014-02-15 07:53:35,50,445722882234,12.1993,0,0x00008000
2014-02-15 07:54:44,309,445722951493,12.5152,0,0x00008000
2014-02-15 07:55:44,349,445723011533,12.594,0,0x00008000
2014-02-15 07:56:44,397,445723071581,12.9085,0,0x00008000
2014-02-15 07:57:44,488,445723131672,13.0654,0,0x00008000
2014-02-15 07:58:44,602,445723191786,13.0654,0,0x00008000
2014-02-15 07:59:44,648,445723251832,13.1437,0,0x00008000
2014-02-15 08:00:44,743,445723311927,13.5347,0,0x00008000
2014-02-15 08:01:44,779,445723371963,13.6127,0,0x00008000
2014-02-15 08:02:44,826,445723432010,13.6906,0,0x00008000
2014-02-15 08:03:46,435,445723493619,13.9242,0,0x00008000
2014-02-15 08:04:49,493,445723556677,14.2349,0,0x00008000
2014-02-15 08:05:54,553,445723621737,14.4674,0,0x00008000
2014-02-15 08:06:59,663,445723686847,14.5448,0,0x00008000
2014-02-15 08:08:04,683,445723751867,14.7768,0,0x00008000
2014-02-15 08:09:09,766,445723816950,14.9312,0,0x00008000
2014-02-15 08:10:14,822,445723882006,15.3935,0,0x00008000
2014-02-15 08:11:19,881,445723947065,15.5473,0,0x00008000
2014-02-15 08:12:24,963,445724012147,15.8544,0,0x00008000
2014-02-15 08:13:29,936,445724077120,16.2376,0,0x00008000
2014-02-15 08:14:35,123,445724142307,16.3906,0,0x00008000
2014-02-15 08:15:40,185,445724207369,16.6964,0,0x00008000
2014-02-15 08:16:45,254,445724272438,16.9255,0,0x00008000
2014-02-15 08:17:50,247,445724337431,17.2305,0,0x00008000
2014-02-15 08:18:55,307,445724402491,17.6114,0,0x00008000
2014-02-15 08:20:00,275,445724467459,17.7636,0,0x00008000
2014-02-15 08:21:05,305,445724532489,17.9917,0,0x00008000
2014-02-15 08:22:10,301,445724597485,18.4477,0,0x00008000
2014-02-15 08:23:15,327,445724662511,18.8273,0,0x00008000
2014-02-15 08:24:20,346,445724727530,19.1308,0,0x00008000
2014-02-15 08:25:25,452,445724792636,19.2826,0,0x00008000
2014-02-15 08:26:30,467,445724857651,19.3584,0,0x00008000
2014-02-15 08:27:35,525,445724922709,19.6618,0,0x00008000
2014-02-15 08:28:40,616,445724987800,19.8894,0,0x00008000
2014-02-15 08:29:45,573,445725052757,20.3444,0,0x00008000
2014-02-15 08:30:50,600,445725117784,20.7237,0,0x00008000
2014-02-15 08:31:55,636,445725182820,21.0273,0,0x00008000
2014-02-15 08:33:00,679,445725247863,21.255,0,0x00008000
2014-02-15 08:34:05,641,445725312825,21.331,0,0x00008000
2014-02-15 08:35:10,672,445725377856,21.7108,0,0x00008000
2014-02-15 08:36:15,729,445725442913,22.091,0,0x00008000
2014-02-15 08:37:20,823,445725508007,22.3955,0,0x00008000
2014-02-15 08:38:25,816,445725573000,22.7003,0,0x00008000
2014-02-15 08:39:30,817,445725638001,23.0818,0,0x00008000
2014-02-15 08:40:35,917,445725703101,23.2346,0,0x00008000
2014-02-15 08:41:40,917,445725768101,23.6169,0,0x00008000
2014-02-15 08:42:45,980,445725833164,23.6935,0,0x00008000
2014-02-15 08:43:50,927,445725898111,24,0,0x00008000
2014-02-15 08:44:55,941,445725963125,24.4608,0,0x00008000
2014-02-15 08:46:01,31,445726028215,24.4608,0,0x00008000
2014-02-15 08:47:06,32,445726093216,24.5377,0,0x00008000
2014-02-15 08:48:11,165,445726158349,24.4608,0,0x00008000
2014-02-15 08:49:16,113,445726223297,24.6917,0,0x00008000
2014-02-15 08:50:21,175,445726288359,24.6147,0,0x00008000
2014-02-15 08:51:26,179,445726353363,24.3839,0,0x00008000
2014-02-15 08:52:31,233,445726418417,24.1535,0,0x00008000
2014-02-15 08:53:36,231,445726483415,23.9233,0,0x00008000
2014-02-15 08:54:41,261,445726548445,23.8467,0,0x00008000
2014-02-15 08:55:46,272,445726613456,23.311,0,0x00008000
2014-02-15 08:56:51,275,445726678459,22.8528,0,0x00008000
2014-02-15 08:57:56,312,445726743496,22.4717,0,0x00008000
2014-02-15 08:59:01,373,445726808557,22.091,0,0x00008000
2014-02-15 09:00:06,406,445726873590,21.7868,0,0x00008000
2014-02-15 09:01:11,400,445726938584,21.255,0,0x00008000
2014-02-15 09:02:16,437,445727003621,21.0273,0,0x00008000
2014-02-15 09:03:21,452,445727068636,20.4961,0,0x00008000
2014-02-15 09:04:26,550,445727133734,19.8894,0,0x00008000
2014-02-15 09:05:31,500,445727198684,19.586,0,0x00008000
2014-02-15 09:06:36,556,445727263740,18.8273,0,0x00008000
2014-02-15 09:07:41,556,445727328740,18.5996,0,0x00008000
2014-02-15 09:08:46,641,445727393825,17.8396,0,0x00008000
2014-02-15 09:09:51,676,445727458860,17.4591,0,0x00008000
2014-02-15 09:10:56,652,445727523836,17.0018,0,0x00008000
2014-02-15 09:12:01,692,445727588876,16.4671,0,0x00008000
2014-02-15 09:13:06,748,445727653932,15.9311,0,0x00008000
2014-02-15 09:14:11,843,445727719027,15.4704,0,0x00008000
2014-02-15 09:15:16,844,445727784028,14.9312,0,0x00008000
2014-02-15 09:16:21,920,445727849104,14.4674,0,0x00008000
2014-02-15 09:17:26,913,445727914097,13.9242,0,0x00008000
2014-02-15 09:18:31,954,445727979138,13.8464,0,0x00008000
2014-02-15 09:19:36,971,445728044155,13.222,0,0x00008000
2014-02-15 09:20:42,1,445728109185,12.9085,0,0x00008000
2014-02-15 09:21:47,6,445728174190,12.5152,0,0x00008000
2014-02-15 09:22:52,84,445728239268,12.2784,0,0x00008000
2014-02-15 09:23:57,75,445728304259,12.1202,0,0x00008000
2014-02-15 09:25:02,122,445728369306,11.8824,0,0x00008000
2014-02-15 09:26:07,639,445728434823,11.803,0,0x00008000
2014-02-15 09:27:12,674,445728499858,11.7235,0,0x00008000
2014-02-15 09:28:18,252,445728565436,11.6439,0,0x00008000
2014-02-15 09:29:23,238,445728630422,11.9617,0,0x00008000
2014-02-15 09:30:23,699,445728690883,11.9617,0,0x00008000
2014-02-15 09:31:23,890,445728751074,11.8824,0,0x00008000
2014-02-15 09:32:24,64,445728811248,12.041,0,0x00008000
2014-02-15 09:33:24,281,445728871465,12.2784,0,0x00008000
2014-02-15 09:34:24,490,445728931674,12.5152,0,0x00008000
2014-02-15 09:35:24,710,445728991894,12.5152,0,0x00008000
2014-02-15 09:36:25,918,445729053102,12.7514,0,0x00008000
2014-02-15 09:37:26,40,445729113224,12.9085,0,0x00008000
2014-02-15 09:38:26,242,445729173426,13.1437,0,0x00008000
2014-02-15 09:39:26,402,445729233586,13.6127,0,0x00008000
2014-02-15 09:40:26,598,445729293782,13.6906,0,0x00008000
2014-02-15 09:41:26,828,445729354012,14.1573,0,0x00008000
2014-02-15 09:42:27,486,445729414670,14.3124,0,0x00008000
2014-02-15 09:43:30,420,445729477604,14.5448,0,0x00008000
2014-02-15 09:44:35,438,445729542622,14.6222,0,0x00008000
2014-02-15 09:45:40,467,445729607651,14.9312,0,0x00008000
2014-02-15 09:46:45,441,445729672625,15.0855,0,0x00008000
2014-02-15 09:47:50,481,445729737665,15.3935,0,0x00008000
2014-02-15 09:48:55,545,445729802729,15.9311,0,0x00008000
2014-02-15 09:50:00,579,445729867763,16.0078,0,0x00008000
2014-02-15 09:51:05,574,445729932758,16.4671,0,0x00008000
2014-02-15 09:52:10,647,445729997831,16.4671,0,0x00008000
2014-02-15 09:53:15,660,445730062844,17.0018,0,0x00008000
2014-02-15 09:54:20,696,445730127880,17.078,0,0x00008000
2014-02-15 09:55:25,739,445730192923,17.6114,0,0x00008000
2014-02-15 09:56:30,780,445730257964,17.7636,0,0x00008000
2014-02-15 09:57:35,914,445730323098,18.1438,0,0x00008000
2014-02-15 09:58:40,882,445730388066,18.2957,0,0x00008000
2014-02-15 09:59:45,934,445730453118,18.6755,0,0x00008000
2014-02-15 10:00:50,903,445730518087,19.055,0,0x00008000
2014-02-15 10:01:55,993,445730583177,19.2826,0,0x00008000
2014-02-15 10:03:00,947,445730648131,19.586,0,0x00008000
2014-02-15 10:04:05,967,445730713151,19.7377,0,0x00008000
2014-02-15 10:05:10,985,445730778169,20.1169,0,0x00008000
2014-02-15 10:06:15,994,445730843178,20.4961,0,0x00008000
2014-02-15 10:07:21,33,445730908217,20.7996,0,0x00008000
2014-02-15 10:08:26,59,445730973243,21.0273,0,0x00008000
2014-02-15 10:09:31,140,445731038324,21.1791,0,0x00008000
2014-02-15 10:10:36,177,445731103361,21.4829,0,0x00008000
2014-02-15 10:11:41,267,445731168451,21.8629,0,0x00008000
2014-02-15 10:12:46,275,445731233459,22.1671,0,0x00008000
2014-02-15 10:13:51,340,445731298524,22.3955,0,0x00008000
2014-02-15 10:14:56,304,445731363488,22.5479,0,0x00008000
2014-02-15 10:16:01,381,445731428565,22.7766,0,0x00008000
2014-02-15 10:17:06,308,445731493492,23.1582,0,0x00008000
2014-02-15 10:18:11,364,445731558548,23.5404,0,0x00008000
2014-02-15 10:19:16,344,445731623528,23.5404,0,0x00008000
2014-02-15 10:20:21,390,445731688574,23.8467,0,0x00008000
2014-02-15 10:21:26,425,445731753609,24.1535,0,0x00008000
2014-02-15 10:22:31,476,445731818660,24.3071,0,0x00008000
2014-02-15 10:23:36,527,445731883711,24.3071,0,0x00008000
2014-02-15 10:24:41,484,445731948668,24.5377,0,0x00008000
2014-02-15 10:25:46,620,445732013804,24.5377,0,0x00008000
2014-02-15 10:26:51,586,445732078770,24.5377,0,0x00008000
2014-02-15 10:27:56,627,445732143811,24.8458,0,0x00008000
2014-02-15 10:29:01,612,445732208796,24.5377,0,0x00008000
2014-02-15 10:30:06,674,445732273858,24.4608,0,0x00008000
2014-02-15 10:31:11,674,445732338858,24.6147,0,0x00008000
2014-02-15 10:32:16,731,445732403915,24.3071,0,0x00008000
2014-02-15 10:33:21,711,445732468895,24.1535,0,0x00008000
2014-02-15 10:34:26,744,445732533928,23.6169,0,0x00008000
2014-02-15 10:35:31,742,445732598926,23.311,0,0x00008000
2014-02-15 10:36:36,784,445732663968,22.9291,0,0x00008000
2014-02-15 10:37:41,895,445732729079,22.5479,0,0x00008000
2014-02-15 10:38:46,842,445732794026,22.1671,0,0x00008000
2014-02-15 10:39:51,952,445732859136,21.8629,0,0x00008000
2014-02-15 10:40:56,954,445732924138,21.255,0,0x00008000
2014-02-15 10:42:01,948,445732989132,20.8755,0,0x00008000
2014-02-15 10:43:06,990,445733054174,20.4203,0,0x00008000
2014-02-15 10:44:12,27,445733119211,19.8135,0,0x00008000
2014-02-15 10:45:17,54,445733184238,19.3584,0,0x00008000
2014-02-15 10:46:22,98,445733249282,18.7514,0,0x00008000
2014-02-15 10:47:27,185,445733314369,18.3717,0,0x00008000
2014-02-15 10:48:32,169,445733379353,17.9157,0,0x00008000
2014-02-15 10:49:37,257,445733444441,17.4591,0,0x00008000
2014-02-15 10:50:42,253,445733509437,16.9255,0,0x00008000
2014-02-15 10:51:47,294,445733574478,16.4671,0,0x00008000
2014-02-15 10:52:52,344,445733639528,15.9311,0,0x00008000
2014-02-15 10:53:57,389,445733704573,15.3165,0,0x00008000
2014-02-15 10:55:02,346,445733769530,14.9312,0,0x00008000
2014-02-15 10:56:07,399,445733834583,14.3899,0,0x00008000
2014-02-15 10:57:12,431,445733899615,14.0796,0,0x00008000
2014-02-15 10:58:17,497,445733964681,13.6127,0,0x00008000
2014-02-15 10:59:22,548,445734029732,13.3003,0,0x00008000
2014-02-15 11:00:27,531,445734094715,13.0654,0,0x00008000
2014-02-15 11:01:32,653,445734159837,12.594,0,0x00008000
2014-02-15 11:02:37,617,445734224801,12.2784,0,0x00008000
2014-02-15 11:03:42,660,445734289844,12.3574,0,0x00008000
2014-02-15 11:04:47,665,445734354849,12.041,0,0x00008000
2014-02-15 11:05:52,796,445734419980,11.8824,0,0x00008000
2014-02-15 11:06:53,75,445734480259,11.803,0,0x00008000
2014-02-15 11:07:53,280,445734540464,11.8824,0,0x00008000
2014-02-15 11:08:53,442,445734600626,11.7235,0,0x00008000
2014-02-15 11:09:53,849,445734661033,11.803,0,0x00008000
2014-02-15 11:10:54,84,445734721268,11.8824,0,0x00008000
2014-02-15 11:11:54,224,445734781408,11.9617,0,0x00008000
2014-02-15 11:12:54,439,445734841623,11.9617,0,0x00008000
2014-02-15 11:13:54,609,445734901793,12.1202,0,0x00008000
2014-02-15 11:14:54,795,445734961979,12.1993,0,0x00008000
2014-02-15 11:15:54,942,445735022126,12.3574,0,0x00008000
2014-02-15 11:16:55,115,445735082299,12.5152,0,0x00008000
2014-02-15 11:17:55,357,445735142541,12.83,0,0x00008000
2014-02-15 11:18:56,150,445735203334,13.0654,0,0x00008000
2014-02-15 11:20:01,203,445735268387,13.1437,0,0x00008000
2014-02-15 11:21:06,228,445735333412,13.4566,0,0x00008000
2014-02-15 11:22:11,275,445735398459,13.6906,0,0x00008000
2014-02-15 11:23:16,314,445735463498,14.0019,0,0x00008000
2014-02-15 11:24:21,481,445735528665,14.3124,0,0x00008000
2014-02-15 11:25:26,577,445735593761,14.7768,0,0x00008000
2014-02-15 11:26:31,533,445735658717,14.854,0,0x00008000
2014-02-15 11:27:36,539,445735723723,15.2395,0,0x00008000
2014-02-15 11:28:41,580,445735788764,15.3935,0,0x00008000
2014-02-15 11:29:46,604,445735853788,15.7777,0,0x00008000
2014-02-15 11:30:51,631,445735918815,15.9311,0,0x00008000
2014-02-15 11:31:56,657,445735983841,16.3141,0,0x00008000
2014-02-15 11:33:01,716,445736048900,16.5436,0,0x00008000
2014-02-15 11:34:06,729,445736113913,17.078,0,0x00008000
2014-02-15 11:35:11,794,445736178978,17.078,0,0x00008000
2014-02-15 11:36:16,772,445736243956,17.4591,0,0x00008000
2014-02-15 11:37:21,873,445736309057,17.9157,0,0x00008000
2014-02-15 11:38:26,850,445736374034,18.0678,0,0x00008000
2014-02-15 11:39:31,848,445736439032,18.4477,0,0x00008000
2014-02-15 11:40:36,907,445736504091,18.7514,0,0x00008000
2014-02-15 11:41:41,921,445736569105,18.9032,0,0x00008000
2014-02-15 11:42:46,955,445736634139,19.1308,0,0x00008000
2014-02-15 11:43:51,970,445736699154,19.2826,0,0x00008000
2014-02-15 11:44:56,967,445736764151,19.6618,0,0x00008000
2014-02-15 11:46:01,994,445736829178,20.041,0,0x00008000
2014-02-15 11:47:07,51,445736894235,20.4203,0,0x00008000
2014-02-15 11:48:12,47,445736959231,20.4961,0,0x00008000
2014-02-15 11:49:17,121,445737024305,20.7996,0,0x00008000
2014-02-15 11:50:22,79,445737089263,21.1032,0,0x00008000
2014-02-15 11:51:27,130,445737154314,21.4829,0,0x00008000
2014-02-15 11:52:32,179,445737219363,21.7868,0,0x00008000
2014-02-15 11:53:37,159,445737284343,21.9389,0,0x00008000
2014-02-15 11:54:42,135,445737349319,22.3955,0,0x00008000
2014-02-15 11:55:47,154,445737414338,22.6241,0,0x00008000
2014-02-15 11:56:52,289,445737479473,23.0818,0,0x00008000
2014-02-15 11:57:57,303,445737544487,23.2346,0,0x00008000
2014-02-15 11:59:02,408,445737609592,23.311,0,0x00008000
2014-02-15 12:00:07,354,445737674538,23.6935,0,0x00008000
2014-02-15 12:01:12,384,445737739568,23.7701,0,0x00008000
2014-02-15 12:02:17,438,445737804622,24.2303,0,0x00008000
2014-02-15 12:03:22,477,445737869661,24.3071,0,0x00008000
2014-02-15 12:04:27,535,445737934719,24.3839,0,0x00008000
2014-02-15 12:05:32,497,445737999681,24.3839,0,0x00008000
2014-02-15 12:06:37,521,445738064705,24.4608,0,0x00008000
2014-02-15 12:07:42,560,445738129744,24.3839,0,0x00008000
2014-02-15 12:08:47,642,445738194826,24.3839,0,0x00008000
2014-02-15 12:09:52,694,445738259878,24.3071,0,0x00008000
2014-02-15 12:10:57,800,445738324984,24.0767,0,0x00008000
2014-02-15 12:12:02,816,445738390000,24.0767,0,0x00008000
2014-02-15 12:13:07,812,445738454996,23.5404,0,0x00008000
2014-02-15 12:14:12,876,445738520060,23.3874,0,0x00008000
2014-02-15 12:15:17,900,445738585084,23.1582,0,0x00008000
2014-02-15 12:16:22,993,445738650177,22.7003,0,0x00008000
2014-02-15 12:17:27,939,445738715123,22.3955,0,0x00008000
2014-02-15 12:18:33,41,445738780225,21.9389,0,0x00008000
2014-02-15 12:19:38,62,445738845246,21.4829,0,0x00008000
2014-02-15 12:20:43,126,445738910310,21.0273,0,0x00008000
2014-02-15 12:21:48,151,445738975335,20.572,0,0x00008000
2014-02-15 12:22:53,152,445739040336,20.041,0,0x00008000
2014-02-15 12:23:58,229,445739105413,19.6618,0,0x00008000
2014-02-15 12:25:03,219,445739170403,19.2067,0,0x00008000
2014-02-15 12:26:08,285,445739235469,18.8273,0,0x00008000
2014-02-15 12:27:13,289,445739300473,18.3717,0,0x00008000
2014-02-15 12:28:18,369,445739365553,17.8396,0,0x00008000
2014-02-15 12:29:23,378,445739430562,17.1543,0,0x00008000
2014-02-15 12:30:28,464,445739495648,16.8491,0,0x00008000
2014-02-15 12:31:33,403,445739560587,16.2376,0,0x00008000
2014-02-15 12:32:38,442,445739625626,15.8544,0,0x00008000
2014-02-15 12:33:43,438,445739690622,15.3165,0,0x00008000
2014-02-15 12:34:48,464,445739755648,14.854,0,0x00008000
2014-02-15 12:35:53,459,445739820643,14.1573,0,0x00008000
2014-02-15 12:36:58,512,445739885696,14.0019,0,0x00008000
2014-02-15 12:38:03,512,445739950696,13.3785,0,0x00008000
2014-02-15 12:39:08,548,445740015732,13.0654,0,0x00008000
2014-02-15 12:40:13,612,445740080796,12.6727,0,0x00008000
2014-02-15 12:41:18,565,445740145749,12.3574,0,0x00008000
2014-02-15 12:42:23,654,445740210838,12.1202,0,0x00008000
2014-02-15 12:43:28,654,445740275838,11.803,0,0x00008000
2014-02-15 12:44:33,715,445740340899,11.8824,0,0x00008000
2014-02-15 12:45:38,698,445740405882,11.6439,0,0x00008000
2014-02-15 12:46:43,718,445740470902,11.4846,0,0x00008000
2014-02-15 12:47:48,716,445740535900,11.4846,0,0x00008000
2014-02-15 12:48:53,738,445740600922,11.4048,0,0x00008000
2014-02-15 12:49:58,746,445740665930,11.4846,0,0x00008000
2014-02-15 12:51:03,772,445740730956,11.6439,0,0x00008000
2014-02-15 12:52:08,770,445740795954,11.8824,0,0x00008000
2014-02-15 12:53:13,774,445740860958,11.8824,0,0x00008000
2014-02-15 12:54:18,898,445740926082,11.803,0,0x00008000
2014-02-15 12:55:23,861,445740991045,12.1993,0,0x00008000
2014-02-15 12:56:28,900,445741056084,12.1202,0,0x00008000
2014-02-15 12:57:33,897,445741121081,12.2784,0,0x00008000
2014-02-15 12:58:39,26,445741186210,12.4363,0,0x00008000
2014-02-15 12:59:43,963,445741251147,12.9085,0,0x00008000
2014-02-15 13:00:49,20,445741316204,12.83,0,0x00008000
2014-02-15 13:01:54,99,445741381283,13.0654,0,0x00008000
2014-02-15 13:02:59,99,445741446283,13.3003,0,0x00008000
2014-02-15 13:04:04,226,445741511410,13.6127,0,0x00008000
2014-02-15 13:05:09,186,445741576370,13.8464,0,0x00008000
2014-02-15 13:06:14,230,445741641414,14.2349,0,0x00008000
2014-02-15 13:07:19,212,445741706396,14.3124,0,0x00008000
2014-02-15 13:08:24,363,445741771547,14.854,0,0x00008000
2014-02-15 13:09:29,308,445741836492,14.9312,0,0x00008000
2014-02-15 13:10:34,325,445741901509,15.2395,0,0x00008000
2014-02-15 13:11:39,402,445741966586,15.7777,0,0x00008000
2014-02-15 13:12:44,395,445742031579,15.8544,0,0x00008000
2014-02-15 13:13:49,463,445742096647,16.3906,0,0x00008000
2014-02-15 13:14:54,470,445742161654,16.62,0,0x00008000
2014-02-15 13:15:59,546,445742226730,17.0018,0,0x00008000
2014-02-15 13:17:04,489,445742291673,17.5352,0,0x00008000
2014-02-15 13:18:09,604,445742356788,17.8396,0,0x00008000
2014-02-15 13:19:14,589,445742421773,17.9917,0,0x00008000
2014-02-15 13:20:19,644,445742486828,18.5236,0,0x00008000
2014-02-15 13:21:24,692,445742551876,18.6755,0,0x00008000
2014-02-15 13:22:29,721,445742616905,18.9791,0,0x00008000
2014-02-15 13:23:34,753,445742681937,19.4343,0,0x00008000
2014-02-15 13:24:39,739,445742746923,19.8894,0,0x00008000
2014-02-15 13:25:44,775,445742811959,20.1927,0,0x00008000
2014-02-15 13:26:49,841,445742877025,20.4203,0,0x00008000
2014-02-15 13:27:54,884,445742942068,20.572,0,0x00008000
2014-02-15 13:28:59,939,445743007123,21.1032,0,0x00008000
2014-02-15 13:30:04,955,445743072139,21.4069,0,0x00008000
2014-02-15 13:31:09,990,445743137174,21.5588,0,0x00008000
2014-02-15 13:32:15,29,445743202213,22.015,0,0x00008000
2014-02-15 13:33:20,20,445743267204,22.2432,0,0x00008000
2014-02-15 13:34:25,12,445743332196,22.3955,0,0x00008000
2014-02-15 13:35:30,29,445743397213,22.6241,0,0x00008000
2014-02-15 13:36:35,64,445743462248,22.8528,0,0x00008000
2014-02-15 13:37:40,178,445743527362,23.0055,0,0x00008000
2014-02-15 13:38:45,172,445743592356,23.4639,0,0x00008000
2014-02-15 13:39:50,204,445743657388,23.6169,0,0x00008000
2014-02-15 13:40:55,231,445743722415,23.8467,0,0x00008000
2014-02-15 13:42:00,270,445743787454,24.1535,0,0x00008000
2014-02-15 13:43:05,321,445743852505,24.1535,0,0x00008000
2014-02-15 13:44:10,329,445743917513,24.3071,0,0x00008000
2014-02-15 13:45:15,336,445743982520,24.2303,0,0x00008000
2014-02-15 13:46:20,393,445744047577,24.3839,0,0x00008000
2014-02-15 13:47:25,411,445744112595,24.5377,0,0x00008000
2014-02-15 13:48:30,397,445744177581,24.3839,0,0x00008000
2014-02-15 13:49:35,544,445744242728,24.3071,0,0x00008000
2014-02-15 13:50:40,595,445744307779,24.3071,0,0x00008000
2014-02-15 13:51:45,661,445744372845,23.8467,0,0x00008000
2014-02-15 13:52:50,641,445744437825,23.8467,0,0x00008000
2014-02-15 13:53:55,691,445744502875,23.3874,0,0x00008000
2014-02-15 13:55:00,742,445744567926,23.0055,0,0x00008000
2014-02-15 13:56:05,696,445744632880,22.6241,0,0x00008000
2014-02-15 13:57:10,775,445744697959,22.5479,0,0x00008000
2014-02-15 13:58:15,813,445744762997,22.091,0,0x00008000
2014-02-15 13:59:20,842,445744828026,21.4829,0,0x00008000
2014-02-15 14:00:25,894,445744893078,20.9514,0,0x00008000
2014-02-15 14:01:30,928,445744958112,20.6478,0,0x00008000
2014-02-15 14:02:35,990,445745023174,20.1927,0,0x00008000
2014-02-15 14:03:41,56,445745088240,19.7377,0,0x00008000
2014-02-15 14:04:46,72,445745153256,19.1308,0,0x00008000
2014-02-15 14:05:51,73,445745218257,18.6755,0,0x00008000
2014-02-15 14:06:56,125,445745283309,18.1438,0,0x00008000
2014-02-15 14:08:01,161,445745348345,17.6875,0,0x00008000
2014-02-15 14:09:06,270,445745413454,17.2305,0,0x00008000
2014-02-15 14:10:11,306,445745478490,16.7728,0,0x00008000
2014-02-15 14:11:16,348,445745543532,16.161,0,0x00008000
2014-02-15 14:12:21,328,445745608512,15.8544,0,0x00008000
2014-02-15 14:13:26,335,445745673519,15.2395,0,0x00008000
2014-02-15 14:14:31,397,445745738581,14.7768,0,0x00008000
2014-02-15 14:15:36,378,445745803562,14.2349,0,0x00008000
2014-02-15 14:16:41,436,445745868620,13.8464,0,0x00008000
2014-02-15 14:17:46,457,445745933641,13.6906,0,0x00008000
2014-02-15 14:18:51,571,445745998755,13.1437,0,0x00008000
2014-02-15 14:19:56,547,445746063731,12.9085,0,0x00008000
2014-02-15 14:21:01,602,445746128786,12.5152,0,0x00008000
2014-02-15 14:22:06,586,445746193770,12.1202,0,0x00008000
2014-02-15 14:23:11,684,445746258868,12.1202,0,0x00008000
2014-02-15 14:24:16,666,445746323850,11.8824,0,0x00008000
2014-02-15 14:25:21,743,445746388927,11.803,0,0x00008000
2014-02-15 14:26:26,776,445746453960,11.4846,0,0x00008000
2014-02-15 14:27:31,803,445746518987,11.6439,0,0x00008000
2014-02-15 14:28:36,814,445746583998,11.4846,0,0x00008000
2014-02-15 14:29:41,805,445746648989,11.4846,0,0x00008000
2014-02-15 14:30:46,920,445746714104,11.4846,0,0x00008000
2014-02-15 14:31:51,907,445746779091,11.5643,0,0x00008000
2014-02-15 14:32:56,998,445746844182,11.6439,0,0x00008000
2014-02-15 14:34:02,15,445746909199,11.803,0,0x00008000
2014-02-15 14:35:07,58,445746974242,12.1993,0,0x00008000
2014-02-15 14:36:12,69,445747039253,12.4363,0,0x00008000
2014-02-15 14:37:17,64,445747104248,12.4363,0,0x00008000
2014-02-15 14:38:22,134,445747169318,12.9085,0,0x00008000
2014-02-15 14:39:27,140,445747234324,12.9085,0,0x00008000
2014-02-15 14:40:32,199,445747299383,13.3785,0,0x00008000
2014-02-15 14:41:37,148,445747364332,13.5347,0,0x00008000
2014-02-15 14:42:42,240,445747429424,14.0796,0,0x00008000
2014-02-15 14:43:47,256,445747494440,14.3124,0,0x00008000
2014-02-15 14:44:52,273,445747559457,14.5448,0,0x00008000
2014-02-15 14:45:57,256,445747624440,14.854,0,0x00008000
2014-02-15 14:47:02,320,445747689504,14.9312,0,0x00008000
2014-02-15 14:48:07,323,445747754507,15.3935,0,0x00008000
2014-02-15 14:49:12,396,445747819580,15.5473,0,0x00008000
2014-02-15 14:50:17,418,445747884602,15.8544,0,0x00008000
2014-02-15 14:51:22,436,445747949620,16.161,0,0x00008000
2014-02-15 14:52:27,564,445748014748,16.62,0,0x00008000
2014-02-15 14:53:32,491,445748079675,16.8491,0,0x00008000
2014-02-15 14:54:37,494,445748144678,17.3067,0,0x00008000
2014-02-15 14:55:42,525,445748209709,17.4591,0,0x00008000
2014-02-15 14:56:47,534,445748274718,17.7636,0,0x00008000
2014-02-15 14:57:52,524,445748339708,18.2957,0,0x00008000
2014-02-15 14:58:57,561,445748404745,18.6755,0,0x00008000
2014-02-15 15:00:02,622,445748469806,18.9791,0,0x00008000
2014-02-15 15:01:07,639,445748534823,19.1308,0,0x00008000
2014-02-15 15:02:12,693,445748599877,19.3584,0,0x00008000
2014-02-15 15:03:17,707,445748664891,19.9652,0,0x00008000
2014-02-15 15:04:22,749,445748729933,20.3444,0,0x00008000
2014-02-15 15:05:27,741,445748794925,20.4203,0,0x00008000
2014-02-15 15:06:32,754,445748859938,20.7996,0,0x00008000
2014-02-15 15:07:37,820,445748925004,21.255,0,0x00008000
2014-02-15 15:08:42,853,445748990037,21.5588,0,0x00008000
2014-02-15 15:09:47,913,445749055097,21.7108,0,0x00008000
2014-02-15 15:10:52,965,445749120149,22.1671,0,0x00008000
2014-02-15 15:11:58,43,445749185227,22.2432,0,0x00008000
2014-02-15 15:13:02,970,445749250154,22.5479,0,0x00008000
2014-02-15 15:14:08,73,445749315257,23.0055,0,0x00008000
2014-02-15 15:15:13,66,445749380250,23.0818,0,0x00008000
2014-02-15 15:16:18,190,445749445374,23.3874,0,0x00008000
2014-02-15 15:17:23,143,445749510327,23.5404,0,0x00008000
2014-02-15 15:18:28,234,445749575418,23.7701,0,0x00008000
2014-02-15 15:19:33,179,445749640363,24,0,0x00008000
2014-02-15 15:20:38,235,445749705419,24.2303,0,0x00008000
2014-02-15 15:21:43,236,445749770420,24.5377,0,0x00008000
2014-02-15 15:22:48,226,445749835410,24.5377,0,0x00008000
2014-02-15 15:23:53,255,445749900439,24.6917,0,0x00008000
2014-02-15 15:24:58,313,445749965497,24.7687,0,0x00008000
2014-02-15 15:26:03,427,445750030611,24.8458,0,0x00008000
2014-02-15 15:27:08,410,445750095594,24.6147,0,0x00008000
2014-02-15 15:28:13,405,445750160589,24.7687,0,0x00008000
2014-02-15 15:29:18,496,445750225680,24.5377,0,0x00008000
2014-02-15 15:30:23,525,445750290709,24.5377,0,0x00008000
2014-02-15 15:31:28,532,445750355716,24.1535,0,0x00008000
2014-02-15 15:32:33,550,445750420734,24,0,0x00008000
2014-02-15 15:33:38,610,445750485794,23.5404,0,0x00008000
2014-02-15 15:34:43,563,445750550747,23.1582,0,0x00008000
2014-02-15 15:35:48,642,445750615826,23.0055,0,0x00008000
2014-02-15 15:36:53,655,445750680839,22.6241,0,0x00008000
2014-02-15 15:37:58,735,445750745919,21.9389,0,0x00008000
2014-02-15 15:39:03,688,445750810872,21.4829,0,0x00008000
2014-02-15 15:40:08,700,445750875884,21.1032,0,0x00008000
2014-02-15 15:41:13,759,445750940943,20.7237,0,0x00008000
2014-02-15 15:42:18,766,445751005950,20.1927,0,0x00008000
2014-02-15 15:43:23,797,445751070981,19.7377,0,0x00008000
2014-02-15 15:44:28,791,445751135975,19.2067,0,0x00008000
2014-02-15 15:45:33,841,445751201025,18.8273,0,0x00008000
2014-02-15 15:46:38,870,445751266054,18.2198,0,0x00008000
2014-02-15 15:47:43,950,445751331134,17.8396,0,0x00008000
2014-02-15 15:48:48,923,445751396107,17.2305,0,0x00008000
2014-02-15 15:49:54,12,445751461196,16.9255,0,0x00008000
2014-02-15 15:50:58,999,445751526183,16.4671,0,0x00008000
2014-02-15 15:52:04,39,445751591223,15.7777,0,0x00008000
2014-02-15 15:53:09,98,445751656282,15.3935,0,0x00008000
2014-02-15 15:54:14,127,445751721311,14.854,0,0x00008000
2014-02-15 15:55:19,141,445751786325,14.3124,0,0x00008000
2014-02-15 15:56:24,180,445751851364,14.1573,0,0x00008000
2014-02-15 15:57:29,232,445751916416,13.6127,0,0x00008000
2014-02-15 15:58:34,183,445751981367,13.222,0,0x00008000
2014-02-15 15:59:39,323,445752046507,13.0654,0,0x00008000
2014-02-15 16:00:44,278,445752111462,12.7514,0,0x00008000
2014-02-15 16:01:49,304,445752176488,12.5152,0,0x00008000
2014-02-15 16:02:54,334,445752241518,12.1202,0,0x00008000
2014-02-15 16:03:59,335,445752306519,12.041,0,0x00008000
2014-02-15 16:05:04,390,445752371574,11.8824,0,0x00008000
2014-02-15 16:06:09,417,445752436601,11.9617,0,0x00008000
2014-02-15 16:07:14,433,445752501617,11.803,0,0x00008000
2014-02-15 16:08:19,459,445752566643,11.8824,0,0x00008000
2014-02-15 16:09:24,522,445752631706,11.9617,0,0x00008000
2014-02-15 16:10:29,507,445752696691,11.8824,0,0x00008000
2014-02-15 16:11:34,641,445752761825,12.041,0,0x00008000
2014-02-15 16:12:39,586,445752826770,12.1202,0,0x00008000
2014-02-15 16:13:44,626,445752891810,12.1993,0,0x00008000
2014-02-15 16:14:49,694,445752956878,12.4363,0,0x00008000
2014-02-15 16:15:54,682,445753021866,12.6727,0,0x00008000
2014-02-15 16:16:59,753,445753086937,12.9085,0,0x00008000
2014-02-15 16:18:04,768,445753151952,12.987,0,0x00008000
2014-02-15 16:19:09,834,445753217018,13.222,0,0x00008000
2014-02-15 16:20:14,841,445753282025,13.4566,0,0x00008000
2014-02-15 16:21:19,782,445753346966,13.7685,0,0x00008000
2014-02-15 16:22:24,886,445753412070,14.0796,0,0x00008000
2014-02-15 16:23:29,901,445753477085,14.4674,0,0x00008000
2014-02-15 16:24:34,845,445753542029,14.7768,0,0x00008000
2014-02-15 16:25:39,951,445753607135,14.9312,0,0x00008000
2014-02-15 16:26:44,875,445753672059,15.3165,0,0x00008000
2014-02-15 16:27:49,919,445753737103,15.4704,0,0x00008000
2014-02-15 16:28:54,949,445753802133,15.7777,0,0x00008000
2014-02-15 16:29:59,992,445753867176,16.2376,0,0x00008000
2014-02-15 16:31:05,91,445753932275,16.3141,0,0x00008000
2014-02-15 16:32:10,96,445753997280,16.7728,0,0x00008000
2014-02-15 16:33:15,139,445754062323,17.2305,0,0x00008000
2014-02-15 16:34:20,143,445754127327,17.4591,0,0x00008000
2014-02-15 16:35:25,208,445754192392,17.6114,0,0x00008000
2014-02-15 16:36:30,227,445754257411,17.9157,0,0x00008000
2014-02-15 16:37:35,269,445754322453,18.2957,0,0x00008000
2014-02-15 16:38:40,246,445754387430,18.6755,0,0x00008000
2014-02-15 16:39:45,261,445754452445,19.1308,0,0x00008000
2014-02-15 16:40:50,320,445754517504,19.3584,0,0x00008000
2014-02-15 16:41:55,346,445754582530,19.4343,0,0x00008000
2014-02-15 16:43:00,391,445754647575,19.7377,0,0x00008000
2014-02-15 16:44:05,397,445754712581,20.2686,0,0x00008000
2014-02-15 16:45:10,530,445754777714,20.572,0,0x00008000
2014-02-15 16:46:15,516,445754842700,20.6478,0,0x00008000
2014-02-15 16:47:20,503,445754907687,20.9514,0,0x00008000
2014-02-15 16:48:25,586,445754972770,21.1791,0,0x00008000
2014-02-15 16:49:30,622,445755037806,21.4069,0,0x00008000
2014-02-15 16:50:35,609,445755102793,21.8629,0,0x00008000
2014-02-15 16:51:40,637,445755167821,22.091,0,0x00008000
2014-02-15 16:52:45,728,445755232912,22.091,0,0x00008000
2014-02-15 16:53:50,698,445755297882,22.5479,0,0x00008000
2014-02-15 16:54:55,768,445755362952,22.7766,0,0x00008000
2014-02-15 16:56:00,776,445755427960,22.8528,0,0x00008000
2014-02-15 16:57:05,835,445755493019,23.2346,0,0x00008000
2014-02-15 16:58:10,773,445755557957,23.5404,0,0x00008000
2014-02-15 16:59:15,906,445755623090,23.6169,0,0x00008000
2014-02-15 17:00:20,825,445755688009,24,0,0x00008000
2014-02-15 17:01:25,911,445755753095,24.1535,0,0x00008000
2014-02-15 17:02:30,938,445755818122,24.3071,0,0x00008000
2014-02-15 17:03:35,922,445755883106,24.2303,0,0x00008000
2014-02-15 17:04:40,991,445755948175,24.4608,0,0x00008000
2014-02-15 17:05:46,16,445756013200,24.5377,0,0x00008000
2014-02-15 17:06:51,2,445756078186,24.3839,0,0x00008000
2014-02-15 17:07:56,62,445756143246,24.3839,0,0x00008000
2014-02-15 17:09:01,97,445756208281,24.3839,0,0x00008000
2014-02-15 17:10:06,106,445756273290,24.0767,0,0x00008000
2014-02-15 17:11:11,214,445756338398,23.7701,0,0x00008000
2014-02-15 17:12:16,167,445756403351,23.6169,0,0x00008000
2014-02-15 17:13:21,240,445756468424,23.3874,0,0x00008000
2014-02-15 17:14:26,271,445756533455,22.8528,0,0x00008000
2014-02-15 17:15:31,278,445756598462,22.5479,0,0x00008000
2014-02-15 17:16:36,312,445756663496,22.3955,0,0x00008000
2014-02-15 17:17:41,349,445756728533,22.015,0,0x00008000
2014-02-15 17:18:46,419,445756793603,21.5588,0,0x00008000
2014-02-15 17:19:51,387,445756858571,21.1032,0,0x00008000
2014-02-15 17:20:56,505,445756923689,20.572,0,0x00008000
2014-02-15 17:22:01,487,445756988671,20.2686,0,0x00008000
2014-02-15 17:23:06,509,445757053693,19.586,0,0x00008000
2014-02-15 17:24:11,544,445757118728,19.3584,0,0x00008000
2014-02-15 17:25:16,570,445757183754,18.6755,0,0x00008000
2014-02-15 17:26:21,556,445757248740,18.1438,0,0x00008000
2014-02-15 17:27:26,601,445757313785,17.7636,0,0x00008000
2014-02-15 17:28:31,600,445757378784,17.2305,0,0x00008000
2014-02-15 17:29:32,728,445757439912,16.7728,0,0x00008000
2014-02-15 17:30:32,988,445757500172,16.5436,0,0x00008000
2014-02-15 17:31:33,187,445757560371,16.0078,0,0x00008000
2014-02-15 17:32:34,123,445757621307,15.6241,0,0x00008000
2014-02-15 17:33:34,388,445757681572,15.1625,0,0x00008000
2014-02-15 17:34:34,556,445757741740,14.9312,0,0x00008000
2014-02-15 19:10:29,742,445763496926,15.7777,0,0x00008000
2014-02-15 19:11:29,841,445763557025,15.4704,0,0x00008000
2014-02-15 19:12:30,1,445763617185,14.9312,0,0x00008000
2014-02-15 19:13:30,108,445763677292,14.6995,0,0x00008000
2014-02-15 19:14:30,213,445763737397,14.2349,0,0x00008000
2014-02-15 19:15:30,350,445763797534,13.8464,0,0x00008000
2014-02-15 19:16:30,449,445763857633,13.3785,0,0x00008000
2014-02-15 19:17:30,551,445763917735,13.222,0,0x00008000
2014-02-15 19:18:30,658,445763977842,12.6727,0,0x00008000
2014-02-15 19:19:30,789,445764037973,12.594,0,0x00008000
2014-02-15 19:20:30,893,445764098077,12.3574,0,0x00008000
2014-02-15 19:21:30,996,445764158180,12.1202,0,0x00008000
2014-02-15 19:22:31,104,445764218288,12.041,0,0x00008000
2014-02-15 19:23:35,107,445764282291,11.9617,0,0x00008000
2014-02-15 19:24:40,71,445764347255,11.7235,0,0x00008000
2014-02-15 19:25:45,98,445764412282,11.5643,0,0x00008000
2014-02-15 19:26:50,104,445764477288,11.5643,0,0x00008000
2014-02-15 19:27:55,108,445764542292,11.4846,0,0x00008000
2014-02-15 19:29:00,118,445764607302,11.6439,0,0x00008000
2014-02-15 19:30:05,166,445764672350,11.5643,0,0x00008000
2014-02-15 19:31:10,185,445764737369,11.5643,0,0x00008000
2014-02-15 19:32:15,178,445764802362,11.6439,0,0x00008000
2014-02-15 19:33:20,163,445764867347,11.7235,0,0x00008000
2014-02-15 19:34:25,211,445764932395,11.8824,0,0x00008000
2014-02-15 19:35:30,192,445764997376,12.1993,0,0x00008000
2014-02-15 19:36:35,182,445765062366,12.1202,0,0x00008000
2014-02-15 19:37:40,214,445765127398,12.5152,0,0x00008000
2014-02-15 19:38:45,211,445765192395,12.4363,0,0x00008000
2014-02-15 19:39:50,197,445765257381,12.83,0,0x00008000
2014-02-15 19:40:55,223,445765322407,13.1437,0,0x00008000
2014-02-15 19:42:00,232,445765387416,13.3785,0,0x00008000
2014-02-15 19:43:05,238,445765452422,13.4566,0,0x00008000
2014-02-15 19:44:10,318,445765517502,13.6906,0,0x00008000
2014-02-15 19:45:15,252,445765582436,13.9242,0,0x00008000
2014-02-15 19:46:20,277,445765647461,14.3899,0,0x00008000
2014-02-15 19:47:25,261,445765712445,14.6995,0,0x00008000
2014-02-15 19:48:30,287,445765777471,14.9312,0,0x00008000
2014-02-15 19:49:35,273,445765842457,15.2395,0,0x00008000
2014-02-15 19:50:40,330,445765907514,15.4704,0,0x00008000
2014-02-15 19:51:45,318,445765972502,15.9311,0,0x00008000
2014-02-15 19:52:50,300,445766037484,15.9311,0,0x00008000
2014-02-15 19:53:55,324,445766102508,16.3141,0,0x00008000
2014-02-15 19:55:00,311,445766167495,16.5436,0,0x00008000
2014-02-15 19:56:05,317,445766232501,16.9255,0,0x00008000
2014-02-15 19:57:10,337,445766297521,17.0018,0,0x00008000
2014-02-15 19:58:15,384,445766362568,17.3067,0,0x00008000
2014-02-15 19:59:20,344,445766427528,17.6875,0,0x00008000
2014-02-15 20:00:25,353,445766492537,17.8396,0,0x00008000
2014-02-15 20:01:30,363,445766557547,18.3717,0,0x00008000
2014-02-15 20:02:35,373,445766622557,18.5996,0,0x00008000
2014-02-15 20:03:40,368,445766687552,18.8273,0,0x00008000
2014-02-15 20:04:45,412,445766752596,19.055,0,0x00008000
2014-02-15 20:05:50,374,445766817558,19.2826,0,0x00008000
2014-02-15 20:06:55,406,445766882590,19.5101,0,0x00008000
2014-02-15 20:08:00,394,445766947578,19.8135,0,0x00008000
2014-02-15 20:09:05,399,445767012583,20.2686,0,0x00008000
2014-02-15 20:10:10,406,445767077590,20.3444,0,0x00008000
2014-02-15 20:11:15,465,445767142649,20.7996,0,0x00008000
2014-02-15 20:12:20,421,445767207605,20.8755,0,0x00008000
2014-02-15 20:13:25,430,445767272614,21.1791,0,0x00008000
2014-02-15 20:14:30,461,445767337645,21.4829,0,0x00008000
2014-02-15 20:15:35,449,445767402633,21.9389,0,0x00008000
2014-02-15 20:16:40,447,445767467631,22.015,0,0x00008000
2014-02-15 20:17:45,453,445767532637,22.1671,0,0x00008000
2014-02-15 20:18:50,497,445767597681,22.5479,0,0x00008000
2014-02-15 20:19:55,460,445767662644,22.6241,0,0x00008000
2014-02-15 20:21:00,470,445767727654,22.7766,0,0x00008000
2014-02-15 20:22:05,474,445767792658,23.2346,0,0x00008000
2014-02-15 20:23:10,477,445767857661,23.0818,0,0x00008000
2014-02-15 20:24:15,481,445767922665,23.2346,0,0x00008000
2014-02-15 20:25:20,495,445767987679,23.4639,0,0x00008000
2014-02-15 20:26:25,530,445768052714,23.311,0,0x00008000
2014-02-15 20:27:30,535,445768117719,23.311,0,0x00008000
2014-02-15 20:28:35,516,445768182700,23.2346,0,0x00008000
2014-02-15 20:29:40,525,445768247709,23.1582,0,0x00008000
2014-02-15 20:30:45,537,445768312721,22.9291,0,0x00008000
2014-02-15 20:31:50,571,445768377755,22.9291,0,0x00008000
2014-02-15 20:32:55,571,445768442755,22.5479,0,0x00008000
2014-02-15 20:34:00,583,445768507767,22.2432,0,0x00008000
2014-02-15 20:35:05,555,445768572739,21.7868,0,0x00008000
2014-02-15 20:36:10,586,445768637770,21.4069,0,0x00008000
2014-02-15 20:37:15,591,445768702775,21.0273,0,0x00008000
2014-02-15 20:38:20,652,445768767836,20.6478,0,0x00008000
2014-02-15 20:39:25,632,445768832816,20.2686,0,0x00008000
2014-02-15 20:40:30,638,445768897822,19.8135,0,0x00008000
2014-02-15 20:41:35,622,445768962806,19.5101,0,0x00008000
2014-02-15 20:42:40,625,445769027809,18.8273,0,0x00008000
2014-02-15 20:43:45,661,445769092845,18.3717,0,0x00008000
2014-02-15 20:44:50,732,445769157916,18.0678,0,0x00008000
2014-02-15 20:45:55,677,445769222861,17.4591,0,0x00008000
2014-02-15 20:47:00,716,445769287900,16.9255,0,0x00008000
2014-02-15 20:48:05,682,445769352866,16.62,0,0x00008000
2014-02-15 20:49:10,688,445769417872,16.161,0,0x00008000
2014-02-15 20:50:15,698,445769482882,15.5473,0,0x00008000
2014-02-15 20:51:20,725,445769547909,15.1625,0,0x00008000
2014-02-15 20:52:25,707,445769612891,14.6222,0,0x00008000
2014-02-15 20:53:30,735,445769677919,14.3899,0,0x00008000
2014-02-15 20:54:35,770,445769742954,13.7685,0,0x00008000
2014-02-15 20:55:40,724,445769807908,13.3003,0,0x00008000
2014-02-15 20:56:45,738,445769872922,12.83,0,0x00008000
2014-02-15 20:57:50,761,445769937945,12.5152,0,0x00008000
2014-02-15 20:58:55,718,445770002902,12.1993,0,0x00008000
2014-02-15 21:00:00,747,445770067931,12.041,0,0x00008000
2014-02-15 21:01:05,727,445770132911,11.8824,0,0x00008000
2014-02-15 21:02:10,819,445770198003,11.4846,0,0x00008000
2014-02-15 21:03:15,794,445770262978,11.3249,0,0x00008000
2014-02-15 21:04:20,775,445770327959,11.245,0,0x00008000
2014-02-15 21:05:25,804,445770392988,11.165,0,0x00008000
2014-02-15 21:06:30,788,445770457972,11.165,0,0x00008000
2014-02-15 21:07:35,819,445770523003,11.0849,0,0x00008000
2014-02-15 21:08:40,880,445770588064,11.165,0,0x00008000
2014-02-15 21:09:45,814,445770652998,11.245,0,0x00008000
2014-02-15 21:10:50,819,445770718003,11.4048,0,0x00008000
2014-02-15 21:11:55,824,445770783008,11.4846,0,0x00008000
2014-02-15 21:13:00,829,445770848013,11.5643,0,0x00008000
2014-02-15 21:14:05,859,445770913043,11.7235,0,0x00008000
2014-02-15 21:15:10,864,445770978048,11.9617,0,0x00008000
2014-02-15 21:16:15,934,445771043118,12.041,0,0x00008000
2014-02-15 21:17:20,918,445771108102,12.1993,0,0x00008000
2014-02-15 21:18:25,875,445771173059,12.4363,0,0x00008000
2014-02-15 21:19:30,905,445771238089,12.7514,0,0x00008000
2014-02-15 21:20:35,964,445771303148,13.0654,0,0x00008000
2014-02-15 21:21:40,914,445771368098,13.3003,0,0x00008000
2014-02-15 21:22:45,941,445771433125,13.5347,0,0x00008000
2014-02-15 21:23:50,925,445771498109,14.0796,0,0x00008000
2014-02-15 21:24:55,906,445771563090,14.2349,0,0x00008000
2014-02-15 21:26:00,907,445771628091,14.5448,0,0x00008000
2014-02-15 21:27:05,916,445771693100,14.854,0,0x00008000
2014-02-15 21:28:10,930,445771758114,15.1625,0,0x00008000
2014-02-15 21:29:15,983,445771823167,15.5473,0,0x00008000
2014-02-15 21:30:20,966,445771888150,15.8544,0,0x00008000
2014-02-15 21:31:25,968,445771953152,16.161,0,0x00008000
2014-02-15 21:32:30,965,445772018149,16.4671,0,0x00008000
2014-02-15 21:33:35,982,445772083166,17.0018,0,0x00008000
2014-02-15 21:34:40,991,445772148175,17.2305,0,0x00008000
2014-02-15 21:35:46,62,445772213246,17.3829,0,0x00008000
2014-02-15 21:36:51,45,445772278229,17.8396,0,0x00008000
2014-02-15 21:37:56,74,445772343258,18.0678,0,0x00008000
2014-02-15 21:39:01,55,445772408239,18.4477,0,0x00008000
2014-02-15 21:40:06,61,445772473245,18.9032,0,0x00008000
2014-02-15 21:41:11,71,445772538255,19.055,0,0x00008000
2014-02-15 21:42:16,90,445772603274,19.5101,0,0x00008000
2014-02-15 21:43:21,128,445772668312,19.6618,0,0x00008000
2014-02-15 21:44:26,122,445772733306,20.041,0,0x00008000
2014-02-15 21:45:31,126,445772798310,20.1927,0,0x00008000
2014-02-15 21:46:36,113,445772863297,20.4961,0,0x00008000
2014-02-15 21:47:41,119,445772928303,20.7996,0,0x00008000
2014-02-15 21:48:46,147,445772993331,21.1032,0,0x00008000
2014-02-15 21:49:51,164,445773058348,21.4069,0,0x00008000
2014-02-15 21:50:56,158,445773123342,21.7108,0,0x00008000
2014-02-15 21:52:01,167,445773188351,21.8629,0,0x00008000
2014-02-15 21:53:06,150,445773253334,22.1671,0,0x00008000
2014-02-15 21:54:11,182,445773318366,22.3955,0,0x00008000
2014-02-15 21:55:16,177,445773383361,22.6241,0,0x00008000
2014-02-15 21:56:21,221,445773448405,22.8528,0,0x00008000
2014-02-15 21:57:26,238,445773513422,23.1582,0,0x00008000
2014-02-15 21:58:31,228,445773578412,23.311,0,0x00008000
2014-02-15 21:59:36,214,445773643398,23.6935,0,0x00008000
2014-02-15 22:00:41,222,445773708406,23.5404,0,0x00008000
2014-02-15 22:01:46,226,445773773410,23.8467,0,0x00008000
2014-02-15 22:02:51,232,445773838416,23.7701,0,0x00008000
2014-02-15 22:03:56,289,445773903473,23.8467,0,0x00008000
2014-02-15 22:05:01,269,445773968453,24,0,0x00008000
2014-02-15 22:06:06,297,445774033481,23.9233,0,0x00008000
2014-02-15 22:07:11,285,445774098469,23.8467,0,0x00008000
2014-02-15 22:08:16,284,445774163468,23.6935,0,0x00008000
2014-02-15 22:09:21,312,445774228496,23.5404,0,0x00008000
2014-02-15 22:10:26,373,445774293557,23.3874,0,0x00008000
2014-02-15 22:11:31,338,445774358522,23.1582,0,0x00008000
2014-02-15 22:12:36,369,445774423553,22.9291,0,0x00008000
2014-02-15 22:13:41,346,445774488530,22.5479,0,0x00008000
2014-02-15 22:14:46,374,445774553558,22.3955,0,0x00008000
2014-02-15 22:15:51,357,445774618541,21.8629,0,0x00008000
2014-02-15 22:16:56,387,445774683571,21.4069,0,0x00008000
2014-02-15 22:18:01,410,445774748594,21.0273,0,0x00008000
2014-02-15 22:19:06,379,445774813563,20.7237,0,0x00008000
2014-02-15 22:20:11,383,445774878567,20.2686,0,0x00008000
2014-02-15 22:21:16,385,445774943569,19.8135,0,0x00008000
2014-02-15 22:22:21,414,445775008598,19.2826,0,0x00008000
2014-02-15 22:23:26,397,445775073581,18.9791,0,0x00008000
2014-02-15 22:24:31,438,445775138622,18.5236,0,0x00008000
2014-02-15 22:25:36,487,445775203671,17.8396,0,0x00008000
2014-02-15 22:26:41,479,445775268663,17.5352,0,0x00008000
2014-02-15 22:27:46,484,445775333668,17.1543,0,0x00008000
2014-02-15 22:28:51,468,445775398652,16.62,0,0x00008000
2014-02-15 22:29:56,466,445775463650,16.0844,0,0x00008000
2014-02-15 22:31:01,535,445775528719,15.6241,0,0x00008000
2014-02-15 22:32:06,501,445775593685,15.0855,0,0x00008000
2014-02-15 22:33:11,507,445775658691,14.5448,0,0x00008000
2014-02-15 22:34:16,510,445775723694,14.1573,0,0x00008000
2014-02-15 22:35:21,538,445775788722,13.8464,0,0x00008000
2014-02-15 22:36:26,526,445775853710,13.4566,0,0x00008000
2014-02-15 22:37:31,580,445775918764,13.3003,0,0x00008000
2014-02-15 22:38:36,563,445775983747,12.7514,0,0x00008000
2014-02-15 22:39:41,565,445776048749,12.6727,0,0x00008000
2014-02-15 22:40:46,570,445776113754,12.3574,0,0x00008000
2014-02-15 22:41:51,574,445776178758,11.9617,0,0x00008000
2014-02-15 22:42:56,597,445776243781,11.803,0,0x00008000
2014-02-15 22:44:01,606,445776308790,11.7235,0,0x00008000
2014-02-15 22:45:06,604,445776373788,11.5643,0,0x00008000
2014-02-15 22:46:11,609,445776438793,11.6439,0,0x00008000
2014-02-15 22:47:16,616,445776503800,11.803,0,0x00008000
2014-02-15 22:48:21,642,445776568826,11.803,0,0x00008000
2014-02-15 22:49:26,628,445776633812,11.6439,0,0x00008000
2014-02-15 22:50:31,633,445776698817,11.9617,0,0x00008000
2014-02-15 22:51:36,672,445776763856,11.803,0,0x00008000
2014-02-15 22:52:41,645,445776828829,11.9617,0,0x00008000
2014-02-15 22:53:46,649,445776893833,12.1202,0,0x00008000
2014-02-15 22:54:51,680,445776958864,12.3574,0,0x00008000
2014-02-15 22:55:56,665,445777023849,12.5152,0,0x00008000
2014-02-15 22:57:01,697,445777088881,12.6727,0,0x00008000
2014-02-15 22:58:06,729,445777153913,12.9085,0,0x00008000
2014-02-15 22:59:11,683,445777218867,13.222,0,0x00008000
2014-02-15 23:00:16,689,445777283873,13.5347,0,0x00008000
2014-02-15 23:01:21,693,445777348877,13.6906,0,0x00008000
2014-02-15 23:02:26,729,445777413913,14.0019,0,0x00008000
2014-02-15 23:03:31,732,445777478916,14.3899,0,0x00008000
2014-02-15 23:04:36,737,445777543921,14.6995,0,0x00008000
2014-02-15 23:05:41,811,445777608995,15.1625,0,0x00008000
2014-02-15 23:06:46,767,445777673951,15.3935,0,0x00008000
2014-02-15 23:07:51,774,445777738958,15.7009,0,0x00008000
2014-02-15 23:08:56,780,445777803964,16.0078,0,0x00008000
2014-02-15 23:10:01,789,445777868973,16.2376,0,0x00008000
2014-02-15 23:11:06,799,445777933983,16.5436,0,0x00008000
2014-02-15 23:12:11,841,445777999025,17.0018,0,0x00008000
2014-02-15 23:13:16,806,445778063990,17.2305,0,0x00008000
2014-02-15 23:14:21,814,445778128998,17.4591,0,0x00008000
2014-02-15 23:15:26,825,445778194009,17.8396,0,0x00008000
2014-02-15 23:16:31,822,445778259006,18.3717,0,0x00008000
2014-02-15 23:17:36,826,445778324010,18.3717,0,0x00008000
2014-02-15 23:18:41,867,445778389051,18.6755,0,0x00008000
2014-02-15 23:19:46,836,445778454020,18.9791,0,0x00008000
2014-02-15 23:20:51,847,445778519031,19.3584,0,0x00008000
2014-02-15 23:21:56,852,445778584036,19.586,0,0x00008000
2014-02-15 23:23:01,857,445778649041,19.8894,0,0x00008000
2014-02-15 23:24:06,885,445778714069,20.1927,0,0x00008000
2014-02-15 23:25:11,922,445778779106,20.4961,0,0x00008000
2014-02-15 23:26:16,895,445778844079,20.9514,0,0x00008000
2014-02-15 23:27:21,901,445778909085,21.1032,0,0x00008000
2014-02-15 23:28:26,914,445778974098,21.5588,0,0x00008000
2014-02-15 23:29:31,911,445779039095,21.8629,0,0x00008000
2014-02-15 23:30:36,914,445779104098,22.015,0,0x00008000
2014-02-15 23:31:41,957,445779169141,22.1671,0,0x00008000
2014-02-15 23:32:46,995,445779234179,22.4717,0,0x00008000
2014-02-15 23:33:51,990,445779299174,22.7003,0,0x00008000
2014-02-15 23:34:56,976,445779364160,22.9291,0,0x00008000
2014-02-15 23:36:01,979,445779429163,23.311,0,0x00008000
2014-02-15 23:37:06,985,445779494169,23.4639,0,0x00008000
2014-02-15 23:38:12,12,445779559196,23.8467,0,0x00008000
2014-02-15 23:39:17,78,445779624262,24,0,0x00008000
2014-02-15 23:40:22,32,445779689216,24.1535,0,0x00008000
2014-02-15 23:41:27,38,445779754222,24.3839,0,0x00008000
2014-02-15 23:42:32,39,445779819223,24.3071,0,0x00008000
2014-02-15 23:43:37,43,445779884227,24.5377,0,0x00008000
2014-02-15 23:44:42,72,445779949256,24.3839,0,0x00008000
2014-02-15 23:45:47,78,445780014262,24.4608,0,0x00008000
2014-02-15 23:46:52,122,445780079306,24.3839,0,0x00008000
2014-02-15 23:47:57,109,445780144293,24.5377,0,0x00008000
2014-02-15 23:49:02,91,445780209275,24.0767,0,0x00008000
2014-02-15 23:50:07,95,445780274279,24.0767,0,0x00008000
2014-02-15 23:51:12,97,445780339281,23.6935,0,0x00008000
2014-02-15 23:52:17,132,445780404316,23.5404,0,0x00008000
2014-02-15 23:53:22,170,445780469354,23.1582,0,0x00008000
2014-02-15 23:54:27,127,445780534311,22.7766,0,0x00008000
2014-02-15 23:55:32,128,445780599312,22.4717,0,0x00008000
2014-02-15 23:56:37,135,445780664319,22.091,0,0x00008000
2014-02-15 23:57:42,139,445780729323,21.7108,0,0x00008000
2014-02-15 23:58:47,144,445780794328,21.255,0,0x00008000
2014-02-15 23:59:52,201,445780859385,20.9514,0,0x00008000
