'Date (YYYY-MM-DD HH:MM:SS),'Date Millisecond Offset,'Date (J2000 mseconds),'ACS Cycle Count,'ACS Cycle Timeout Count,'ACS Cycle OASYS Count,'ACS State,'ACS SubState[0],'ACS SubState[1],'ACS SubState[2],'ACS SubState[3],'ACS SubState[4],'ACS SubState[5],'ACS SubState[6],'ACS SubState[7],'ACS SubState[8],'ACS SubState[9],'ACS Error Code,'ACS Device Config Mask,'SS CoarseVoltage 0(V),'SS Exposure Time 0(ms),'SS CoarseVoltage 1(V),'SS Exposure Time 1(ms),'SS CoarseVoltage 2(V),'SS Exposure Time 2(ms),'SS CoarseVoltage 3(V),'SS Exposure Time 3(ms),'SS CoarseVoltage 4(V),'SS Exposure Time 4(ms),'SS CoarseVoltage 5(V),'SS Exposure Time 5(ms),'Wheel Speed[0](rad/s),'Wheel Speed[1](rad/s),'Wheel Speed[2](rad/s),'Magnetometer X,'Magnetometer Y,'Magnetometer Z,'Magnetometer Temperature(°C),'Rate Sensor X,'Rate Sensor Y,'Rate Sensor Z,'Rate Sensor Temperature(°C)
2014-02-03 19:44:51,970,444728759154,0,0,0,0,0,0,0,0,0,0,0,0,0,0,0,0x00000000,0,0,0,0,0,0,0,0,0,0,0,0,0,0,0,0,0,0,154.068,0,0,0,0
2014-02-03 19:45:55,613,444728822797,61425,599,60860,100,100,100,100,100,100,0,0,0,0,0,131104,0x007F1FFF,0.002,2500,0.016,2500,0.004,2500,0.004,2500,0.01,2500,0.006,2500,0,0,0,63674,65349,64612,16.3158,0,0,0,0
2014-02-03 19:47:00,724,444728887908,61457,599,60892,100,100,100,100,100,100,0,0,0,0,0,131104,0x007F1FFF,0.002,2500,0.016,2500,0.004,2500,0.004,2500,0.01,2500,0.006,2500,0,0,0,62968,65183,65101,16.0008,0,0,0,0
2014-02-03 19:48:05,741,444728952925,61485,603,60916,100,100,100,100,100,100,0,0,0,0,0,131104,0x007F1FFF,0.002,2500,0.016,2500,0.004,2500,0.004,2500,0.01,2500,0.006,2500,0,0,0,62748,64854,132,15.5805,0,0,0,0
2014-02-03 19:49:13,252,444729020436,61510,611,60932,40,40,100,41,40,100,0,0,0,0,0,131104,0x007F1FFF,0.002,2500,0.016,2500,0.004,2500,0.004,2500,0.01,2500,0.006,2500,0,0,0,0,0,0,154.068,0,0,0,0
2014-02-03 19:50:16,655,444729083839,61538,615,60957,100,100,100,100,100,100,0,0,0,0,0,131104,0x007F1FFF,0.002,2500,0.016,2500,0.004,2500,0.006,2500,0.01,2500,0.006,2500,0,0,0,63030,64486,765,14.7397,0,0,0,0
2014-02-03 19:51:21,690,444729148874,61571,615,60990,100,100,100,100,100,100,0,0,0,0,0,131104,0x007F1FFF,0.002,2500,0.016,2500,0.004,2500,0.004,2500,0.01,2500,0.006,2500,0,0,0,62997,64886,838,14.214,0,0,0,0
2014-02-03 19:52:26,730,444729213914,61603,615,61022,100,100,100,100,100,100,0,0,0,0,0,131104,0x007F1FFF,0.002,2500,0.016,2500,0.004,2500,0.004,2500,0.01,2500,0.006,2500,0,0,0,62890,344,823,13.6881,0,0,0,0
2014-02-03 19:53:32,87,444729279271,61636,615,61054,40,100,100,41,100,100,0,0,0,0,0,131104,0x007F1FFF,0.002,2500,0.016,2500,0.004,2500,0.004,2500,0.01,2500,0.006,2500,0,0,0,62914,1856,731,13.0567,0,0,0,0
2014-02-03 19:54:37,139,444729344323,61669,615,61087,40,40,100,41,100,100,0,0,0,0,0,131104,0x007F1FFF,0.002,2500,0.016,2500,0.004,2500,0.004,2500,0.01,2500,0.006,2500,0,0,0,63264,3290,593,12.5304,0,0,0,0
2014-02-03 19:55:42,241,444729409425,61697,619,61112,100,100,100,100,100,100,0,0,0,0,0,131104,0x007F1FFF,0.002,2500,0.282,2500,3.404,2500,0.006,2500,0.04,2500,0.006,2500,0,0,0,63744,4317,433,11.7933,0,0,0,0
2014-02-03 19:56:47,285,444729474469,61728,622,61139,40,40,100,100,100,100,0,0,0,0,0,131104,0x007F1FFF,0.002,2500,0.996,2500,3.052,2500,0.006,2500,0.01,2500,0.278,2500,0,0,0,64281,4877,284,11.3719,0,0,0,0
2014-02-03 19:57:53,2,444729540186,61761,622,61172,40,40,100,41,40,100,0,0,0,0,0,131104,0x007F1FFF,0.002,2500,1.664,2500,2.27,2500,0.004,2500,0.01,2500,0.532,2500,0,0,0,0,0,0,154.068,0,0,0,0
2014-02-03 19:58:58,107,444729605291,61793,622,61205,100,100,100,100,100,100,0,0,0,0,0,131104,0x007F1FFF,0.002,2500,2.142,2500,1.154,2500,0.006,2500,0.01,2500,0.364,2500,0,0,0,64520,5085,27,10.5287,0,0,0,0
2014-02-03 20:00:03,211,444729670395,61826,622,61237,40,40,100,41,100,100,0,0,0,0,0,131104,0x007F1FFF,0.002,2500,2.348,2500,0.004,2500,0.006,2500,0.01,2500,0.106,2500,0,0,0,64103,4788,65334,10.2124,0,0,0,0
2014-02-03 20:01:08,214,444729735398,61858,622,61270,100,100,100,100,100,100,0,0,0,0,0,131104,0x007F1FFF,0.002,2500,2.198,2500,0.004,2500,1.124,2500,0.01,2500,0.084,2500,0,0,0,63528,3999,64981,9.89601,0,0,0,0
2014-02-03 20:02:13,746,444729800930,61891,622,61303,100,100,100,100,100,100,0,0,0,0,0,131104,0x007F1FFF,0.002,2500,0.512,2500,0.004,2500,1.8,2500,0.01,2500,0.252,2500,0,0,0,63220,2389,64576,9.68505,0,0,0,0
2014-02-03 20:03:18,283,444729865467,61923,622,61335,100,100,100,100,100,100,0,0,0,0,0,131104,0x007F1FFF,0.002,2500,0.422,2500,0.004,2500,2.07,2500,0.01,2500,1.264,2500,0,0,0,63468,257,64290,9.47407,0,0,0,0
2014-02-03 20:04:23,663,444729930847,61956,622,61368,100,100,100,100,100,100,0,0,0,0,0,131104,0x007F1FFF,0.002,2500,0.018,2500,0.002,2500,1.24,2500,0.01,2500,1.756,2500,0,0,0,64050,63980,64201,9.15754,0,0,0,0
2014-02-03 20:05:28,364,444729995548,61988,622,61400,100,100,100,100,100,100,0,0,0,0,0,131104,0x007F1FFF,0.002,2500,0.018,2500,0.002,2500,0.36,2500,0.01,2500,1.92,2500,0,0,0,64507,63024,64257,8.94648,0,0,0,0
2014-02-03 20:06:33,666,444730060850,62021,622,61433,100,100,100,100,100,100,0,0,0,0,0,131104,0x007F1FFF,0.002,2500,0.148,2500,0.002,2500,0.02,2500,0.01,2500,2.742,2500,0,0,0,64609,62726,64313,8.73539,0,0,0,0
2014-02-03 20:07:38,417,444730125601,62053,622,61465,100,100,100,100,100,100,0,0,0,0,0,131104,0x007F1FFF,0.002,2500,0.018,2500,0.004,2500,0.004,2500,0.01,2500,2.594,2500,0,0,0,64331,62850,64389,8.52427,0,0,0,0
2014-02-03 20:08:43,898,444730191082,62086,622,61498,100,100,100,100,100,100,0,0,0,0,0,131104,0x007F1FFF,0.002,2500,0.018,2500,0.004,2500,0.004,2500,0.01,2500,2.268,2500,0,0,0,63681,63418,64550,8.10194,0,0,0,0
2014-02-03 20:09:48,446,444730255630,62118,622,61530,100,100,100,100,100,100,0,0,0,0,0,131104,0x007F1FFF,0.724,2500,0.018,2500,0.002,2500,0.004,2500,0.008,2500,1.682,2500,0,0,0,62967,64373,64899,7.89074,0,0,0,0
2014-02-03 20:10:53,887,444730321071,62151,622,61563,100,100,100,100,100,100,0,0,0,0,0,131104,0x007F1FFF,0.898,2500,0.016,2500,0.004,2500,0.11,2500,0.01,2500,0.006,2500,0,0,0,62587,65498,65422,7.46823,0,0,0,0
2014-02-03 20:11:58,501,444730385685,62183,622,61595,100,100,100,100,100,100,0,0,0,0,0,131104,0x007F1FFF,1.05,2500,0.018,2500,0.004,2500,1.214,2500,0.008,2500,0.004,2500,0,0,0,62820,828,406,7.15127,0,0,0,0
2014-02-03 20:13:03,916,444730451100,62216,622,61628,100,100,100,100,100,100,0,0,0,0,0,131104,0x007F1FFF,0.21,2500,0.016,2500,0.002,2500,1.356,2500,0.01,2500,0.006,2500,0,0,0,63341,1157,772,7.0456,0,0,0,0
2014-02-03 20:14:09,109,444730516293,62249,622,61660,40,40,100,41,100,100,0,0,0,0,0,131104,0x007F1FFF,0.002,2500,0.018,2500,0.002,2500,0.712,2500,0.528,2500,0.006,2500,0,0,0,63758,1273,924,6.83424,0,0,0,0
2014-02-03 20:15:14,109,444730581293,62281,622,61693,100,100,100,100,100,100,0,0,0,0,0,131104,0x007F1FFF,0.002,2500,0.018,2500,0.002,2500,0.526,2500,1.466,2500,0.006,2500,0,0,0,63946,1482,913,6.72855,0,0,0,0
2014-02-03 20:16:19,156,444730646340,62314,622,61725,40,40,100,41,100,100,0,0,0,0,0,131104,0x007F1FFF,0.002,2500,0.016,2500,0.004,2500,0.006,2500,1.55,2500,0.006,2500,0,0,0,64019,1978,789,6.72855,0,0,0,0
2014-02-03 20:17:24,101,444730711285,62346,622,61758,100,100,100,100,100,100,0,0,0,0,0,131104,0x007F1FFF,0.002,2500,0.018,2500,0.002,2500,0.004,2500,1.586,2500,0.006,2500,0,0,0,64167,2587,611,6.83424,0,0,0,0
2014-02-03 20:18:29,230,444730776414,62379,622,61790,40,40,100,100,100,100,0,0,0,0,0,131104,0x007F1FFF,0.002,2500,0.37,2500,0.002,2500,0.004,2500,1.926,2500,0.006,2500,0,0,0,64461,3175,368,7.0456,0,0,0,0
2014-02-03 20:19:34,160,444730841344,62411,622,61823,100,100,100,100,100,100,0,0,0,0,0,131104,0x007F1FFF,0.002,2500,0.308,2500,0.002,2500,0.006,2500,1.58,2500,0.006,2500,0,0,0,64888,3480,184,7.36258,0,0,0,0
2014-02-03 20:20:39,225,444730906409,62444,622,61855,40,40,100,100,100,100,0,0,0,0,0,131104,0x007F1FFF,0.002,2500,0.272,2500,0.002,2500,0.004,2500,1.322,2500,0.006,2500,0,0,0,65355,3542,75,7.89074,0,0,0,0
2014-02-03 20:21:44,178,444730971362,62476,622,61888,100,100,100,100,100,100,0,0,0,0,0,131104,0x007F1FFF,0.002,2500,0.556,2500,0.002,2500,0.29,2500,1.6,2500,0.006,2500,0,0,0,180,3439,67,8.52427,0,0,0,0
2014-02-03 20:22:49,245,444731036429,62509,622,61920,40,40,100,100,100,100,0,0,0,0,0,131104,0x007F1FFF,0.002,2500,0.016,2500,0.002,2500,0.644,2500,0.612,2500,0.006,2500,0,0,0,379,3293,110,9.15754,0,0,0,0
2014-02-03 20:23:54,198,444731101382,62541,622,61953,100,100,100,100,100,100,0,0,0,0,0,131104,0x007F1FFF,0.002,2500,0.016,2500,0.002,2500,0.984,2500,0.136,2500,0.004,2500,0,0,0,392,3214,205,9.79053,0,0,0,0
2014-02-03 20:24:59,713,444731166897,62574,622,61986,100,100,100,100,100,100,0,0,0,0,0,131104,0x007F1FFF,0.002,2500,0.016,2500,0.004,2500,2.012,2500,0.274,2500,0.006,2500,0,0,0,173,3176,312,10.7395,0,0,0,0
2014-02-03 20:26:04,291,444731231475,62606,622,62018,100,100,100,100,100,100,0,0,0,0,0,131104,0x007F1FFF,0.356,2500,0.016,2500,0.002,2500,1.556,2500,0.01,2500,0.004,2500,0,0,0,65268,3116,366,11.4772,0,0,0,0
2014-02-03 20:27:09,811,444731296995,62639,622,62051,100,100,100,100,100,100,0,0,0,0,0,131104,0x007F1FFF,0.546,2500,0.016,2500,0.002,2500,0.004,2500,0.008,2500,0.006,2500,0,0,0,64625,2808,316,12.2145,0,0,0,0
2014-02-03 20:28:14,387,444731361571,62671,622,62083,100,100,100,100,100,100,0,0,0,0,0,131104,0x007F1FFF,0.424,2500,0.016,2500,0.004,2500,0.004,2500,0.01,2500,0.086,2500,0,0,0,64015,1992,119,12.9515,0,0,0,0
2014-02-03 20:29:19,848,444731427032,62704,622,62116,100,100,100,100,100,100,0,0,0,0,0,131104,0x007F1FFF,0.11,2500,0.016,2500,0.038,2500,0.004,2500,0.01,2500,0.274,2500,0,0,0,63723,578,65347,13.4777,0,0,0,0
2014-02-03 20:30:24,513,444731491697,62736,622,62148,100,100,100,100,100,100,0,0,0,0,0,131104,0x007F1FFF,0.002,2500,0.016,2500,0.43,2500,0.004,2500,0.01,2500,0.004,2500,0,0,0,63948,64533,65077,13.7933,0,0,0,0
2014-02-03 20:31:29,884,444731557068,62769,622,62181,100,100,100,100,100,100,0,0,0,0,0,131104,0x007F1FFF,0.002,2500,0.016,2500,0.436,2500,0.004,2500,0.01,2500,0.004,2500,0,0,0,64528,63311,64935,14.3192,0,0,0,0
2014-02-03 20:32:34,453,444731621637,62801,622,62213,100,100,100,100,100,100,0,0,0,0,0,131104,0x007F1FFF,0.002,2500,0.016,2500,0.484,2500,0.004,2500,0.01,2500,0.004,2500,0,0,0,65077,62633,64919,14.6346,0,0,0,0
2014-02-03 20:33:40,33,444731687217,62834,622,62246,100,100,100,100,100,100,0,0,0,0,0,131104,0x007F1FFF,0.002,2500,0.016,2500,0.14,2500,0.004,2500,0.378,2500,0.004,2500,0,0,0,65450,62286,64932,14.95,0,0,0,0
2014-02-03 20:34:45,96,444731752280,62867,622,62278,40,40,100,41,40,100,0,0,0,0,0,131104,0x007F1FFF,0.002,2500,0.016,2500,0.004,2500,0.004,2500,0.556,2500,0.006,2500,0,0,0,0,0,0,154.068,0,0,0,0
2014-02-03 20:35:50,172,444731817356,62899,622,62311,100,100,100,100,100,100,0,0,0,0,0,131104,0x007F1FFF,0.002,2500,0.018,2500,0.002,2500,0.004,2500,0.45,2500,0.004,2500,0,0,0,65397,62171,64743,15.4755,0,0,0,0
2014-02-03 20:36:55,730,444731882914,62932,622,62343,40,40,100,41,100,100,0,0,0,0,0,131104,0x007F1FFF,0.096,2500,0.184,2500,0.002,2500,0.004,2500,0.29,2500,0.006,2500,0,0,0,64941,62674,64504,15.5805,0,0,0,0
2014-02-03 20:38:00,222,444731947406,62964,622,62376,100,100,100,100,100,100,0,0,0,0,0,131104,0x007F1FFF,0.16,2500,0.322,2500,0.004,2500,0.006,2500,0.01,2500,0.004,2500,0,0,0,64307,64074,64295,16.1058,0,0,0,0
2014-02-03 20:39:05,280,444732012464,62997,622,62408,40,40,100,100,100,100,0,0,0,0,0,131104,0x007F1FFF,0.108,2500,0.346,2500,0.04,2500,0.022,2500,0.01,2500,0.004,2500,0,0,0,63720,1172,64335,16.3158,0,0,0,0
2014-02-03 20:40:10,299,444732077483,63029,623,62440,100,100,100,100,100,100,0,0,0,0,0,131104,0x007F1FFF,0.002,2500,0.016,2500,0.042,2500,0.004,2500,0.01,2500,0.524,2500,0,0,0,63666,3642,64757,16.6309,0,0,0,0
2014-02-03 20:41:15,701,444732142885,63062,623,62473,100,100,100,100,100,100,0,0,0,0,0,131104,0x007F1FFF,0.002,2500,0.016,2500,0.004,2500,0.004,2500,0.01,2500,0.432,2500,0,0,0,64264,5014,65405,16.9458,0,0,0,0
2014-02-03 20:42:20,389,444732207573,63094,623,62505,100,100,100,100,100,100,0,0,0,0,0,131104,0x007F1FFF,0.002,2500,0.016,2500,0.004,2500,0.004,2500,0.01,2500,0.53,2500,0,0,0,64999,5395,401,17.2607,0,0,0,0
2014-02-03 20:43:25,743,444732272927,63127,623,62538,100,100,100,100,100,100,0,0,0,0,0,131104,0x007F1FFF,0.002,2500,0.016,2500,0.03,2500,0.004,2500,0.01,2500,0.444,2500,0,0,0,65482,5356,719,17.3657,0,0,0,0
2014-02-03 20:44:30,427,444732337611,63159,623,62570,100,100,100,100,100,100,0,0,0,0,0,131104,0x007F1FFF,0.002,2500,0.016,2500,0.346,2500,0.004,2500,0.01,2500,0.224,2500,0,0,0,65454,5329,837,17.6805,0,0,0,0
2014-02-03 20:45:35,863,444732403047,63192,623,62603,100,100,100,100,100,100,0,0,0,0,0,131104,0x007F1FFF,0.002,2500,0.016,2500,0.556,2500,0.004,2500,0.01,2500,0.004,2500,0,0,0,64763,5278,800,17.7854,0,0,0,0
2014-02-03 20:46:41,5,444732468189,63225,623,62635,40,40,100,41,40,100,0,0,0,0,0,131104,0x007F1FFF,0.002,2500,0.016,2500,0.57,2500,0.004,2500,0.01,2500,0.004,2500,0,0,0,0,0,0,154.068,0,0,0,0
2014-02-03 20:47:45,973,444732533157,63257,623,62668,100,100,100,100,100,100,0,0,0,0,0,131104,0x007F1FFF,0.002,2500,0.016,2500,0.008,2500,0.004,2500,0.442,2500,0.004,2500,0,0,0,62130,2682,131,18.1001,0,0,0,0
2014-02-03 20:48:51,62,444732598246,63290,623,62700,40,40,100,41,40,100,0,0,0,0,0,131104,0x007F1FFF,0.002,2500,0.016,2500,0.002,2500,0.004,2500,0.572,2500,0.006,2500,0,0,0,0,0,0,154.068,0,0,0,0
2014-02-03 20:49:56,7,444732663191,63322,623,62733,100,100,100,100,100,100,0,0,0,0,0,131104,0x007F1FFF,0.002,2500,0.016,2500,0.004,2500,0.332,2500,0.256,2500,0.004,2500,0,0,0,63211,62138,64830,18.5196,0,0,0,0
2014-02-03 20:51:01,67,444732728251,63355,623,62765,40,40,100,41,40,100,0,0,0,0,0,131104,0x007F1FFF,0.002,2500,0.014,2500,0.004,2500,0.43,2500,0.01,2500,0.004,2500,0,0,0,0,0,0,154.068,0,0,0,0
2014-02-03 20:52:06,8,444732793192,63387,623,62798,100,100,100,100,100,100,0,0,0,0,0,131104,0x007F1FFF,0.162,2500,0.014,2500,0.002,2500,0.41,2500,0.01,2500,0.004,2500,0,0,0,65235,61321,64649,19.3583,0,0,0,0
2014-02-03 20:53:11,125,444732858309,63420,623,62830,40,40,100,41,100,100,0,0,0,0,0,131104,0x007F1FFF,0.106,2500,0.016,2500,0.002,2500,0.376,2500,0.01,2500,0.004,2500,0,0,0,65416,61776,64545,20.0917,0,0,0,0
2014-02-03 20:54:16,182,444732923366,63452,623,62863,100,100,100,100,100,100,0,0,0,0,0,131104,0x007F1FFF,0.002,2500,0.014,2500,0.004,2500,0.562,2500,0.01,2500,0.004,2500,0,0,0,65081,62512,64418,20.3012,0,0,0,0
2014-02-03 20:55:21,780,444732988964,63485,623,62896,100,100,100,100,100,100,0,0,0,0,0,131104,0x007F1FFF,0.002,2500,0.016,2500,0.004,2500,0.438,2500,0.01,2500,0.004,2500,0,0,0,64382,63795,64398,20.9295,0,0,0,0
2014-02-03 20:56:26,238,444733053422,63517,623,62928,100,100,100,100,100,100,0,0,0,0,0,131104,0x007F1FFF,0.002,2500,0.014,2500,0.004,2500,0.246,2500,0.268,2500,0.004,2500,0,0,0,63691,97,64649,21.4529,0,0,0,0
2014-02-03 20:57:31,795,444733118979,63550,623,62961,100,100,100,100,100,100,0,0,0,0,0,131104,0x007F1FFF,0.002,2500,0.016,2500,0.004,2500,0.004,2500,0.488,2500,0.004,2500,0,0,0,63491,1914,65195,22.0807,0,0,0,0
2014-02-03 20:58:36,314,444733183498,63582,623,62993,100,100,100,100,100,100,0,0,0,0,0,131104,0x007F1FFF,0.002,2500,0.204,2500,0.004,2500,0.004,2500,0.37,2500,0.004,2500,0,0,0,63939,2854,232,22.6037,0,0,0,0
2014-02-03 20:59:41,785,444733248969,63615,623,63026,100,100,100,100,100,100,0,0,0,0,0,131104,0x007F1FFF,0.002,2500,0.016,2500,0.536,2500,0.004,2500,0.01,2500,0.004,2500,0,0,0,64676,3036,628,23.2311,0,0,0,0
2014-02-03 21:00:46,362,444733313546,63647,623,63058,100,100,100,100,100,100,0,0,0,0,0,131104,0x007F1FFF,0.002,2500,0.014,2500,0.568,2500,0.004,2500,0.01,2500,0.004,2500,0,0,0,65313,2813,791,23.9626,0,0,0,0
2014-02-03 21:01:51,889,444733379073,63680,623,63091,100,100,100,100,100,100,0,0,0,0,0,131104,0x007F1FFF,0.002,2500,0.014,2500,0.56,2500,0.004,2500,0.01,2500,0.004,2500,0,0,0,199,2516,829,24.6938,0,0,0,0
2014-02-03 21:02:56,443,444733443627,63712,623,63123,100,100,100,100,100,100,0,0,0,0,0,131104,0x007F1FFF,0.002,2500,0.014,2500,0.004,2500,0.004,2500,0.01,2500,0.004,2500,0,0,0,394,2334,786,25.0071,0,0,0,0
2014-02-03 21:04:01,775,444733508959,63745,623,63156,100,100,100,100,100,100,0,0,0,0,0,131104,0x007F1FFF,0.002,2500,0.016,2500,0.004,2500,0.004,2500,0.01,2500,0.004,2500,0,0,0,411,2316,745,25.3203,0,0,0,0
2014-02-03 21:05:06,788,444733573972,63777,623,63188,100,100,100,100,100,100,0,0,0,0,0,131104,0x007F1FFF,0.002,2500,0.014,2500,0.004,2500,0.004,2500,0.01,2500,0.004,2500,0,0,0,275,2425,703,25.5291,0,0,0,0
2014-02-03 21:06:11,841,444733639025,63810,623,63221,100,100,100,100,100,100,0,0,0,0,0,131104,0x007F1FFF,0.002,2500,0.016,2500,0.004,2500,0.004,2500,0.01,2500,0.004,2500,0,0,0,65508,2600,638,25.4247,0,0,0,0
2014-02-03 21:07:17,9,444733704193,63843,623,63253,40,40,100,41,40,100,0,0,0,0,0,131104,0x007F1FFF,0.002,2500,0.016,2500,0.004,2500,0.004,2500,0.01,2500,0.004,2500,0,0,0,0,0,0,154.068,0,0,0,0
2014-02-03 21:08:21,873,444733769057,63875,623,63286,100,100,100,100,100,100,0,0,0,0,0,131104,0x007F1FFF,0.002,2500,0.014,2500,0.004,2500,0.004,2500,0.01,2500,0.004,2500,0,0,0,64527,2540,289,25.1115,0,0,0,0
2014-02-03 21:09:27,34,444733834218,63908,623,63318,40,40,100,41,40,100,0,0,0,0,0,131104,0x007F1FFF,0.002,2500,0.014,2500,0.004,2500,0.004,2500,0.01,2500,0.006,2500,0,0,0,0,0,0,154.068,0,0,0,0
2014-02-03 21:10:31,900,444733899084,63940,623,63351,100,100,100,100,100,100,0,0,0,0,0,131104,0x007F1FFF,0.002,2500,0.016,2500,0.004,2500,0.004,2500,0.01,2500,0.004,2500,0,0,0,64061,837,65139,24.3805,0,0,0,0
2014-02-03 21:11:37,75,444733964259,63973,623,63383,40,40,100,41,40,100,0,0,0,0,0,131104,0x007F1FFF,0.002,2500,0.014,2500,0.004,2500,0.004,2500,0.01,2500,0.004,2500,0,0,0,0,0,0,154.068,0,0,0,0
2014-02-03 21:12:41,992,444734029176,64005,623,63416,100,100,100,100,100,100,0,0,0,0,0,131104,0x007F1FFF,0.002,2500,0.016,2500,0.004,2500,0.004,2500,0.01,2500,0.004,2500,0,0,0,64906,64754,64727,23.6491,0,0,0,0
2014-02-03 21:13:47,166,444734094350,64038,623,63448,40,40,100,41,40,100,0,0,0,0,0,131104,0x007F1FFF,0.002,2500,0.014,2500,0.004,2500,0.004,2500,0.01,2500,0.006,2500,0,0,0,0,0,0,154.068,0,0,0,0
2014-02-03 21:14:52,100,444734159284,64070,623,63481,100,100,100,100,100,100,0,0,0,0,0,131104,0x007F1FFF,0.002,2500,0.016,2500,0.004,2500,0.004,2500,0.01,2500,0.004,2500,0,0,0,65399,64921,64648,22.9174,0,0,0,0
2014-02-03 21:15:57,213,444734224397,64103,623,63513,40,40,100,100,100,100,0,0,0,0,0,131104,0x007F1FFF,0.002,2500,0.016,2500,0.004,2500,0.004,2500,0.01,2500,0.006,2500,0,0,0,65159,65151,64640,22.4991,0,0,0,0
2014-02-03 21:17:02,189,444734289373,64135,623,63546,100,100,100,100,100,100,0,0,0,0,0,131104,0x007F1FFF,0.002,2500,0.014,2500,0.004,2500,0.004,2500,0.01,2500,0.004,2500,0,0,0,64671,65163,64724,22.0807,0,0,0,0
2014-02-03 21:18:07,241,444734354425,64168,623,63578,40,40,100,41,100,100,0,0,0,0,0,131104,0x007F1FFF,0.002,2500,0.016,2500,0.004,2500,0.004,2500,0.01,2500,0.004,2500,0,0,0,64114,64881,64983,21.5576,0,0,0,0
2014-02-03 21:19:12,225,444734419409,64200,623,63611,100,100,100,100,100,100,0,0,0,0,0,131104,0x007F1FFF,0.002,2500,0.016,2500,0.004,2500,0.004,2500,0.01,2500,0.006,2500,0,0,0,63772,64455,65395,21.0342,0,0,0,0
2014-02-03 21:20:17,548,444734484732,64233,623,63644,100,100,100,100,100,100,0,0,0,0,0,131104,0x007F1FFF,0.002,2500,0.016,2500,0.004,2500,0.004,2500,0.01,2500,0.006,2500,0,0,0,63783,64133,334,20.3012,0,0,0,0
2014-02-03 21:21:22,189,444734549373,64265,623,63676,100,100,100,100,100,100,0,0,0,0,0,131104,0x007F1FFF,0.002,2500,0.016,2500,0.004,2500,0.004,2500,0.01,2500,0.006,2500,0,0,0,64069,64040,726,19.6726,0,0,0,0
2014-02-03 21:22:27,246,444734614430,64298,623,63708,40,40,100,100,100,100,0,0,0,0,0,131104,0x007F1FFF,0.002,2500,0.016,2500,0.004,2500,0.004,2500,0.01,2500,0.006,2500,0,0,0,64390,64173,998,18.939,0,0,0,0
2014-02-03 18:10:15,918,444723083102,0,0,0,0,0,0,0,0,0,0,0,0,0,0,0,0x00000000,0,0,0,0,0,0,0,0,0,0,0,0,0,0,0,0,0,0,154.068,0,0,0,0
2014-02-03 18:11:20,604,444723147788,58663,525,58166,40,41,100,41,41,100,0,0,0,0,0,131104,0x007F1FFF,0.002,2500,0.016,2500,0.004,2500,0.004,2500,0.01,2500,0.006,2500,0,0,0,0,0,0,154.068,0,0,0,0
2014-02-03 18:12:27,347,444723214531,58679,541,58166,40,40,100,41,40,100,0,0,0,0,0,131104,0x007F1FFF,0.002,2500,0.016,2500,0.004,2500,0.004,2500,0.01,2500,0.006,2500,0,0,0,0,0,0,154.068,0,0,0,0
2014-02-03 18:13:36,31,444723283215,0,0,0,0,0,0,0,0,0,0,0,0,0,0,0,0x00000000,0,0,0,0,0,0,0,0,0,0,0,0,0,0,0,0,0,0,154.068,0,0,0,0
2014-02-03 18:14:39,111,444723346295,58717,569,58178,40,40,100,41,41,100,0,0,0,0,0,131104,0x007F1FFF,0.002,2500,0.016,2500,0.004,2500,0.004,2500,0.01,2500,0.006,2500,0,0,0,0,0,0,154.068,0,0,0,0
2014-02-03 18:15:46,941,444723414125,0,0,0,0,0,0,0,0,0,0,0,0,0,0,0,0x00000000,0,0,0,0,0,0,0,0,0,0,0,0,0,0,0,0,0,0,154.068,0,0,0,0
2014-02-03 18:16:49,979,444723477163,58777,574,58234,100,100,100,100,100,100,0,0,0,0,0,131104,0x007F1FFF,1.776,2500,0.018,2500,3.044,2500,0.006,2500,0.01,2500,0.624,2500,0,0,0,63210,62061,65433,12.2145,0,0,0,0
2014-02-03 18:17:55,8,444723542192,58810,574,58266,40,40,100,41,40,100,0,0,0,0,0,131104,0x007F1FFF,2.218,2500,0.018,2500,1.618,2500,0.004,2500,0.01,2500,1.196,2500,0,0,0,0,0,0,154.068,0,0,0,0
2014-02-03 18:19:00,19,444723607203,58842,574,58299,100,100,100,100,100,100,0,0,0,0,0,131104,0x007F1FFF,2.8,2500,0.016,2500,0.108,2500,0.004,2500,0.01,2500,1.578,2500,0,0,0,62226,740,89,11.4772,0,0,0,0
2014-02-03 18:20:05,93,444723672277,58875,574,58331,40,40,100,41,42,100,0,0,0,0,0,131104,0x007F1FFF,2.42,2500,0.018,2500,0.002,2500,0.022,2500,0.01,2500,0.706,2500,0,0,0,62990,3539,286,11.0557,0,0,0,0
2014-02-03 18:21:10,203,444723737387,58907,574,58364,100,100,100,100,100,100,0,0,0,0,0,131104,0x007F1FFF,2.71,2500,0.016,2500,0.002,2500,0.868,2500,0.01,2500,0.004,2500,0,0,0,64338,4879,424,10.7395,0,0,0,0
2014-02-03 18:22:15,235,444723802419,58940,574,58396,40,40,100,100,100,100,0,0,0,0,0,131104,0x007F1FFF,3.086,2500,0.018,2500,0.004,2500,0.846,2500,0.026,2500,0.004,2500,0,0,0,65515,5204,486,10.3178,0,0,0,0
2014-02-03 18:23:20,299,444723867483,58972,575,58428,100,100,100,100,100,100,0,0,0,0,0,131104,0x007F1FFF,1.362,2500,0.016,2500,0.004,2500,0.004,2500,0.042,2500,0.006,2500,0,0,0,663,5155,465,10.0015,0,0,0,0
2014-02-03 18:24:25,762,444723932946,59005,575,58461,100,100,100,100,100,100,0,0,0,0,0,131104,0x007F1FFF,2.956,2500,0.018,2500,0.002,2500,0.004,2500,0.408,2500,0.006,2500,0,0,0,841,5156,381,9.68505,0,0,0,0
2014-02-03 18:25:30,800,444723997984,59037,575,58493,100,100,100,100,100,100,0,0,0,0,0,131104,0x007F1FFF,2.56,2500,0.018,2500,0.002,2500,0.004,2500,0.094,2500,0.004,2500,0,0,0,535,5325,192,9.57956,0,0,0,0
2014-02-03 18:26:35,907,444724063091,59070,575,58526,100,100,100,100,100,100,0,0,0,0,0,131104,0x007F1FFF,1.848,2500,0.016,2500,0.09,2500,0.004,2500,0.01,2500,0.006,2500,0,0,0,65314,5341,65393,9.36856,0,0,0,0
2014-02-03 18:27:41,94,444724128278,59103,575,58558,40,40,100,41,40,100,0,0,0,0,0,131104,0x007F1FFF,2.56,2500,0.018,2500,0.81,2500,0.004,2500,0.01,2500,0.004,2500,0,0,0,0,0,0,154.068,0,0,0,0
2014-02-03 18:28:46,174,444724193358,59135,575,58591,100,100,100,100,100,100,0,0,0,0,0,131104,0x007F1FFF,0.384,2500,0.016,2500,0.378,2500,0.004,2500,0.008,2500,0.004,2500,0,0,0,63534,2775,64541,9.05201,0,0,0,0
2014-02-03 18:29:51,245,444724258429,59168,575,58623,40,40,100,100,100,100,0,0,0,0,0,131104,0x007F1FFF,1.426,2500,0.018,2500,0.69,2500,0.004,2500,0.01,2500,0.004,2500,0,0,0,63487,65453,64383,9.05201,0,0,0,0
2014-02-03 18:30:56,255,444724323439,59200,575,58656,100,100,100,100,100,100,0,0,0,0,0,131104,0x007F1FFF,0.95,2500,0.016,2500,0.012,2500,0.004,2500,0.016,2500,0.004,2500,0,0,0,63999,63418,64436,8.94648,0,0,0,0
2014-02-03 18:32:01,677,444724388861,59233,575,58689,100,100,100,100,100,100,0,0,0,0,0,131104,0x007F1FFF,2.238,2500,0.018,2500,0.004,2500,0.004,2500,0.378,2500,0.006,2500,0,0,0,64481,62617,64531,9.05201,0,0,0,0
2014-02-03 18:33:06,282,444724453466,59265,575,58721,100,100,100,100,100,100,0,0,0,0,0,131104,0x007F1FFF,1.166,2500,0.016,2500,0.002,2500,0.436,2500,0.182,2500,0.004,2500,0,0,0,64582,62662,64557,8.94648,0,0,0,0
2014-02-03 18:34:11,753,444724518937,59298,575,58754,100,100,100,100,100,100,0,0,0,0,0,131104,0x007F1FFF,0.002,2500,0.016,2500,0.004,2500,0.922,2500,0.01,2500,0.006,2500,0,0,0,64235,63224,64595,9.05201,0,0,0,0
2014-02-03 18:35:16,434,444724583618,59330,575,58786,100,100,100,100,100,100,0,0,0,0,0,131104,0x007F1FFF,0.002,2500,0.016,2500,0.002,2500,1.798,2500,0.208,2500,0.006,2500,0,0,0,63584,64210,64802,9.15754,0,0,0,0
2014-02-03 18:36:21,947,444724649131,59363,575,58819,100,100,100,100,100,100,0,0,0,0,0,131104,0x007F1FFF,0.002,2500,0.016,2500,0.002,2500,0.446,2500,0.01,2500,0.004,2500,0,0,0,63083,65507,65281,9.36856,0,0,0,0
2014-02-03 18:37:27,28,444724714212,59396,575,58851,40,40,100,41,40,100,0,0,0,0,0,131104,0x007F1FFF,0.002,2500,0.018,2500,0.004,2500,0.51,2500,0.07,2500,0.006,2500,0,0,0,0,0,0,154.068,0,0,0,0
2014-02-03 18:38:31,975,444724779159,59428,575,58884,100,100,100,100,100,100,0,0,0,0,0,131104,0x007F1FFF,0.002,2500,0.454,2500,0.004,2500,0.004,2500,0.014,2500,0.004,2500,0,0,0,64006,1662,805,10.0015,0,0,0,0
2014-02-03 18:39:37,73,444724844257,59461,575,58916,40,40,100,41,40,100,0,0,0,0,0,131104,0x007F1FFF,0.002,2500,0.476,2500,0.004,2500,0.004,2500,0.01,2500,0.006,2500,0,0,0,0,0,0,154.068,0,0,0,0
2014-02-03 18:40:41,955,444724909139,59493,575,58949,100,100,100,100,100,100,0,0,0,0,0,131104,0x007F1FFF,0.002,2500,0.074,2500,0.462,2500,0.004,2500,0.01,2500,0.006,2500,0,0,0,65408,1862,1036,10.8449,0,0,0,0
2014-02-03 18:41:47,64,444724974248,59526,575,58981,40,40,100,41,40,100,0,0,0,0,0,131104,0x007F1FFF,0.002,2500,0.016,2500,0.524,2500,0.004,2500,0.01,2500,0.004,2500,0,0,0,0,0,0,154.068,0,0,0,0
2014-02-03 18:42:52,30,444725039214,59558,575,59014,100,100,100,100,100,100,0,0,0,0,0,131104,0x007F1FFF,0.002,2500,0.016,2500,0.454,2500,0.004,2500,0.01,2500,0.028,2500,0,0,0,350,2114,865,11.8986,0,0,0,0
2014-02-03 18:43:57,81,444725104265,59591,575,59046,40,40,100,41,40,100,0,0,0,0,0,131104,0x007F1FFF,0.002,2500,0.016,2500,0.448,2500,0.004,2500,0.01,2500,0.058,2500,0,0,0,0,0,0,154.068,0,0,0,0
2014-02-03 18:45:02,146,444725169330,59623,575,59079,100,100,100,100,100,100,0,0,0,0,0,131104,0x007F1FFF,0.002,2500,0.104,2500,0.382,2500,0.004,2500,0.01,2500,0.008,2500,0,0,0,70,2730,608,12.741,0,0,0,0
2014-02-03 18:46:07,159,444725234343,59656,575,59111,40,40,100,41,100,100,0,0,0,0,0,131104,0x007F1FFF,0.002,2500,0.484,2500,0.004,2500,0.004,2500,0.01,2500,0.004,2500,0,0,0,65250,2956,395,13.0567,0,0,0,0
2014-02-03 18:47:12,146,444725299330,59688,575,59144,100,100,100,100,100,100,0,0,0,0,0,131104,0x007F1FFF,0.002,2500,0.534,2500,0.004,2500,0.006,2500,0.01,2500,0.004,2500,0,0,0,64878,2932,116,13.2672,0,0,0,0
2014-02-03 18:48:17,688,444725364872,59721,575,59176,40,40,100,41,100,100,0,0,0,0,0,131104,0x007F1FFF,0.002,2500,0.016,2500,0.002,2500,0.52,2500,0.01,2500,0.004,2500,0,0,0,64628,2550,65313,13.6881,0,0,0,0
2014-02-03 18:49:22,187,444725429371,59753,575,59209,100,100,100,100,100,100,0,0,0,0,0,131104,0x007F1FFF,0.002,2500,0.016,2500,0.004,2500,0.56,2500,0.01,2500,0.004,2500,0,0,0,64611,1899,65010,13.7933,0,0,0,0
2014-02-03 18:50:27,239,444725494423,59786,575,59241,40,40,100,100,100,100,0,0,0,0,0,131104,0x007F1FFF,0.002,2500,0.016,2500,0.002,2500,0.432,2500,0.01,2500,0.004,2500,0,0,0,64820,1206,64784,14.1088,0,0,0,0
2014-02-03 18:51:32,215,444725559399,59818,575,59274,100,100,100,100,100,100,0,0,0,0,0,131104,0x007F1FFF,0.002,2500,0.016,2500,0.004,2500,0.122,2500,0.01,2500,0.428,2500,0,0,0,65060,786,64664,14.4243,0,0,0,0
2014-02-03 18:52:37,671,444725624855,59851,575,59307,100,100,100,100,100,100,0,0,0,0,0,131104,0x007F1FFF,0.002,2500,0.016,2500,0.004,2500,0.004,2500,0.01,2500,0.428,2500,0,0,0,65146,628,64604,14.6346,0,0,0,0
2014-02-03 18:53:42,250,444725689434,59883,575,59339,100,100,100,100,100,100,0,0,0,0,0,131104,0x007F1FFF,0.002,2500,0.016,2500,0.002,2500,0.004,2500,0.01,2500,0.514,2500,0,0,0,64962,499,64557,15.2653,0,0,0,0
2014-02-03 18:54:47,712,444725754896,59916,575,59372,100,100,100,100,100,100,0,0,0,0,0,131104,0x007F1FFF,0.002,2500,0.016,2500,0.008,2500,0.004,2500,0.01,2500,0.518,2500,0,0,0,64511,131,64586,15.1602,0,0,0,0
2014-02-03 18:55:52,417,444725819601,59948,575,59404,100,100,100,100,100,100,0,0,0,0,0,131104,0x007F1FFF,0.002,2500,0.016,2500,0.53,2500,0.004,2500,0.01,2500,0.004,2500,0,0,0,63982,64879,64759,15.3704,0,0,0,0
2014-02-03 18:56:57,863,444725885047,59981,575,59437,100,100,100,100,100,100,0,0,0,0,0,131104,0x007F1FFF,0.002,2500,0.016,2500,0.56,2500,0.004,2500,0.01,2500,0.004,2500,0,0,0,63606,63816,65102,15.5805,0,0,0,0
2014-02-03 18:58:02,493,444725949677,60013,575,59469,100,100,100,100,100,100,0,0,0,0,0,131104,0x007F1FFF,0.002,2500,0.016,2500,0.568,2500,0.004,2500,0.01,2500,0.004,2500,0,0,0,63583,62921,65506,15.7907,0,0,0,0
2014-02-03 18:59:07,885,444726015069,60046,575,59502,100,100,100,100,100,100,0,0,0,0,0,131104,0x007F1FFF,0.002,2500,0.016,2500,0.524,2500,0.004,2500,0.01,2500,0.004,2500,0,0,0,63800,62360,361,16.1058,0,0,0,0
2014-02-03 19:00:13,106,444726080290,60079,575,59534,40,40,100,41,100,100,0,0,0,0,0,131104,0x007F1FFF,0.002,2500,0.016,2500,0.516,2500,0.004,2500,0.062,2500,0.004,2500,0,0,0,64009,62143,654,16.3158,0,0,0,0
2014-02-03 19:01:17,970,444726145154,60111,575,59567,100,100,100,100,100,100,0,0,0,0,0,131104,0x007F1FFF,0.002,2500,0.016,2500,0.424,2500,0.004,2500,0.01,2500,0.004,2500,0,0,0,64019,62204,848,16.5259,0,0,0,0
2014-02-03 19:02:23,77,444726210261,60144,575,59599,40,40,100,41,40,100,0,0,0,0,0,131104,0x007F1FFF,0.002,2500,0.016,2500,0.476,2500,0.004,2500,0.01,2500,0.004,2500,0,0,0,0,0,0,154.068,0,0,0,0
2014-02-03 19:03:28,25,444726275209,60176,575,59632,100,100,100,100,100,100,0,0,0,0,0,131104,0x007F1FFF,0.002,2500,0.016,2500,0.528,2500,0.004,2500,0.01,2500,0.004,2500,0,0,0,63096,63539,932,17.1557,0,0,0,0
2014-02-03 19:04:33,177,444726340361,60209,575,59664,40,40,100,41,100,100,0,0,0,0,0,131104,0x007F1FFF,0.002,2500,0.016,2500,0.014,2500,0.004,2500,0.01,2500,0.438,2500,0,0,0,62464,65499,746,17.3657,0,0,0,0
2014-02-03 19:05:38,227,444726405411,60241,575,59697,100,100,100,100,100,100,0,0,0,0,0,131104,0x007F1FFF,0.002,2500,0.016,2500,0.004,2500,0.004,2500,0.01,2500,0.57,2500,0,0,0,62393,2417,381,17.6805,0,0,0,0
2014-02-03 19:06:43,694,444726470878,60274,575,59730,100,100,100,100,100,100,0,0,0,0,0,131104,0x007F1FFF,0.002,2500,0.016,2500,0.004,2500,0.004,2500,0.01,2500,0.454,2500,0,0,0,63148,4243,65484,17.7854,0,0,0,0
2014-02-03 19:07:48,259,444726535443,60306,575,59762,100,100,100,100,100,100,0,0,0,0,0,131104,0x007F1FFF,0.002,2500,0.016,2500,0.002,2500,0.342,2500,0.01,2500,0.192,2500,0,0,0,64186,5130,65189,17.9952,0,0,0,0
2014-02-03 19:08:53,787,444726600971,60339,575,59795,100,100,100,100,100,100,0,0,0,0,0,131104,0x007F1FFF,0.122,2500,0.016,2500,0.002,2500,0.404,2500,0.01,2500,0.004,2500,0,0,0,64983,5399,64989,17.9952,0,0,0,0
2014-02-03 19:09:58,325,444726665509,60371,575,59827,100,100,100,100,100,100,0,0,0,0,0,131104,0x007F1FFF,0.464,2500,0.016,2500,0.004,2500,0.004,2500,0.01,2500,0.004,2500,0,0,0,65338,5310,64848,18.1001,0,0,0,0
2014-02-03 19:11:03,701,444726730885,60404,575,59860,100,100,100,100,100,100,0,0,0,0,0,131104,0x007F1FFF,0.472,2500,0.016,2500,0.002,2500,0.004,2500,0.01,2500,0.004,2500,0,0,0,65290,4984,64641,18.205,0,0,0,0
2014-02-03 19:12:09,97,444726796281,60437,575,59892,40,40,100,41,40,100,0,0,0,0,0,131104,0x007F1FFF,0.424,2500,0.016,2500,0.004,2500,0.004,2500,0.01,2500,0.004,2500,0,0,0,0,0,0,154.068,0,0,0,0
2014-02-03 19:13:13,898,444726861082,60469,575,59925,100,100,100,100,100,100,0,0,0,0,0,131104,0x007F1FFF,0.244,2500,0.016,2500,0.21,2500,0.004,2500,0.01,2500,0.1,2500,0,0,0,64419,3054,64150,18.4147,0,0,0,0
2014-02-03 19:14:19,8,444726926192,60502,575,59957,40,40,100,41,40,100,0,0,0,0,0,131104,0x007F1FFF,0.002,2500,0.016,2500,0.532,2500,0.004,2500,0.01,2500,0.004,2500,0,0,0,0,0,0,154.068,0,0,0,0
2014-02-03 19:15:23,950,444726991134,60534,575,59990,100,100,100,100,100,100,0,0,0,0,0,131104,0x007F1FFF,0.002,2500,0.016,2500,0.438,2500,0.004,2500,0.01,2500,0.004,2500,0,0,0,63959,64728,64193,18.5196,0,0,0,0
2014-02-03 19:16:29,55,444727056239,60567,575,60022,40,40,100,41,40,100,0,0,0,0,0,131104,0x007F1FFF,0.202,2500,0.016,2500,0.374,2500,0.004,2500,0.008,2500,0.004,2500,0,0,0,0,0,0,154.068,0,0,0,0
2014-02-03 19:17:34,154,444727121338,60599,575,60055,100,100,100,100,100,100,0,0,0,0,0,131104,0x007F1FFF,0.434,2500,0.014,2500,0.004,2500,0.004,2500,0.01,2500,0.004,2500,0,0,0,64001,62984,64614,18.5196,0,0,0,0
2014-02-03 19:18:39,118,444727186302,60632,575,60087,40,40,100,41,100,100,0,0,0,0,0,131104,0x007F1FFF,0.304,2500,0.016,2500,0.004,2500,0.004,2500,0.162,2500,0.004,2500,0,0,0,63810,63052,64798,18.6245,0,0,0,0
2014-02-03 19:19:44,122,444727251306,60664,575,60120,100,100,100,100,100,100,0,0,0,0,0,131104,0x007F1FFF,0.002,2500,0.014,2500,0.004,2500,0.046,2500,0.496,2500,0.004,2500,0,0,0,63451,63537,65038,18.6245,0,0,0,0
2014-02-03 19:20:49,182,444727316366,60697,575,60152,40,40,100,100,100,100,0,0,0,0,0,131104,0x007F1FFF,0.002,2500,0.014,2500,0.004,2500,0.152,2500,0.364,2500,0.004,2500,0,0,0,63141,64386,65414,18.6245,0,0,0,0
2014-02-03 19:21:54,199,444727381383,60729,575,60185,100,100,100,100,100,100,0,0,0,0,0,131104,0x007F1FFF,0.002,2500,0.016,2500,0.004,2500,0.004,2500,0.514,2500,0.004,2500,0,0,0,63178,65373,329,18.8342,0,0,0,0
2014-02-03 19:22:59,232,444727446416,60762,575,60217,40,40,100,100,100,100,0,0,0,0,0,131104,0x007F1FFF,0.002,2500,0.016,2500,0.004,2500,0.004,2500,0.01,2500,0.004,2500,0,0,0,63640,633,748,18.939,0,0,0,0
2014-02-03 19:24:04,283,444727511467,60794,575,60250,100,100,100,100,100,100,0,0,0,0,0,131104,0x007F1FFF,0.002,2500,0.016,2500,0.004,2500,0.004,2500,0.01,2500,0.006,2500,0,0,0,64230,1121,1002,19.0438,0,0,0,0
2014-02-03 19:25:09,651,444727576835,60827,575,60283,100,100,100,100,100,100,0,0,0,0,0,131104,0x007F1FFF,0.002,2500,0.014,2500,0.004,2500,0.004,2500,0.01,2500,0.006,2500,0,0,0,64776,1298,1123,19.3583,0,0,0,0
2014-02-03 19:26:14,397,444727641581,60859,575,60315,100,100,100,100,100,100,0,0,0,0,0,131104,0x007F1FFF,0.002,2500,0.016,2500,0.004,2500,0.004,2500,0.01,2500,0.004,2500,0,0,0,65131,1320,1149,19.5679,0,0,0,0
2014-02-03 19:27:19,701,444727706885,60892,575,60348,100,100,100,100,100,100,0,0,0,0,0,131104,0x007F1FFF,0.002,2500,0.016,2500,0.004,2500,0.004,2500,0.01,2500,0.004,2500,0,0,0,65291,1305,1139,19.6726,0,0,0,0
2014-02-03 19:28:24,449,444727771633,60924,575,60380,100,100,100,100,100,100,0,0,0,0,0,131104,0x007F1FFF,0.002,2500,0.016,2500,0.004,2500,0.004,2500,0.01,2500,0.004,2500,0,0,0,65245,1344,1108,19.7774,0,0,0,0
2014-02-03 19:29:29,745,444727836929,60957,575,60413,100,100,100,100,100,100,0,0,0,0,0,131104,0x007F1FFF,0.002,2500,0.016,2500,0.004,2500,0.004,2500,0.01,2500,0.006,2500,0,0,0,65039,1459,1048,19.7774,0,0,0,0
2014-02-03 19:30:34,739,444727901923,60989,575,60445,100,100,100,100,100,100,0,0,0,0,0,131104,0x007F1FFF,0.002,2500,0.016,2500,0.004,2500,0.004,2500,0.01,2500,0.004,2500,0,0,0,64716,1643,932,19.7774,0,0,0,0
2014-02-03 19:31:39,757,444727966941,61022,575,60478,100,100,100,100,100,100,0,0,0,0,0,131104,0x007F1FFF,0.002,2500,0.016,2500,0.004,2500,0.004,2500,0.01,2500,0.004,2500,0,0,0,64331,1856,709,19.6726,0,0,0,0
2014-02-03 19:32:44,794,444728031978,61054,575,60510,100,100,100,100,100,100,0,0,0,0,0,131104,0x007F1FFF,0.002,2500,0.016,2500,0.004,2500,0.004,2500,0.01,2500,0.004,2500,0,0,0,64037,2003,390,19.5679,0,0,0,0
2014-02-03 19:33:49,848,444728097032,61087,575,60543,100,100,100,100,100,100,0,0,0,0,0,131104,0x007F1FFF,0.002,2500,0.016,2500,0.004,2500,0.004,2500,0.01,2500,0.004,2500,0,0,0,63940,2019,65518,19.4631,0,0,0,0
2014-02-03 19:34:55,6,444728162190,61120,575,60575,40,40,100,41,40,100,0,0,0,0,0,131104,0x007F1FFF,0.002,2500,0.016,2500,0.004,2500,0.004,2500,0.01,2500,0.004,2500,0,0,0,0,0,0,154.068,0,0,0,0
2014-02-03 19:36:00,4,444728227188,61152,575,60608,100,100,100,100,100,100,0,0,0,0,0,131104,0x007F1FFF,0.002,2500,0.016,2500,0.004,2500,0.004,2500,0.01,2500,0.004,2500,0,0,0,64499,1571,64817,19.1486,0,0,0,0
2014-02-03 19:37:05,233,444728292417,61185,575,60640,40,40,100,100,100,100,0,0,0,0,0,131104,0x007F1FFF,0.002,2500,0.016,2500,0.004,2500,0.004,2500,0.01,2500,0.004,2500,0,0,0,64989,1194,64617,18.939,0,0,0,0
2014-02-03 19:38:10,91,444728357275,61217,575,60673,100,100,100,100,100,100,0,0,0,0,0,131104,0x007F1FFF,0.002,2500,0.016,2500,0.004,2500,0.004,2500,0.01,2500,0.006,2500,0,0,0,65456,796,64525,18.6245,0,0,0,0
2014-02-03 19:39:15,510,444728422694,61250,575,60705,40,40,100,100,100,100,0,0,0,0,0,131104,0x007F1FFF,0.002,2500,0.016,2500,0.004,2500,0.004,2500,0.01,2500,0.006,2500,0,0,0,305,431,64501,18.3099,0,0,0,0
2014-02-03 19:40:20,158,444728487342,61282,575,60738,100,100,100,100,100,100,0,0,0,0,0,131104,0x007F1FFF,0.002,2500,0.016,2500,0.004,2500,0.004,2500,0.01,2500,0.006,2500,0,0,0,532,168,64479,18.205,0,0,0,0
2014-02-03 19:41:25,221,444728552405,61315,575,60770,40,40,100,41,100,100,0,0,0,0,0,131104,0x007F1FFF,0.002,2500,0.016,2500,0.004,2500,0.004,2500,0.01,2500,0.004,2500,0,0,0,577,65516,64437,17.6805,0,0,0,0
2014-02-03 19:42:30,172,444728617356,61347,575,60803,100,100,100,100,100,100,0,0,0,0,0,131104,0x007F1FFF,0.002,2500,0.016,2500,0.004,2500,0.004,2500,0.01,2500,0.006,2500,0,0,0,390,65412,64363,17.3657,0,0,0,0
2014-02-03 19:43:35,529,444728682713,61380,575,60836,100,100,100,100,100,100,0,0,0,0,0,131104,0x007F1FFF,0.002,2500,0.016,2500,0.004,2500,0.004,2500,0.01,2500,0.006,2500,0,0,0,65453,65384,64289,17.0508,0,0,0,0
2014-02-03 10:12:52,253,444694439437,0,0,0,0,0,0,0,0,0,0,0,0,0,0,0,0x00000000,0,0,0,0,0,0,0,0,0,0,0,0,0,0,0,0,0,0,154.068,0,0,0,0
2014-02-03 10:13:56,739,444694503923,0,0,0,0,0,0,0,0,0,0,0,0,0,0,0,0x00000000,0,0,0,0,0,0,0,0,0,0,0,0,0,0,0,0,0,0,154.068,0,0,0,0
2014-02-03 10:15:06,404,444694573588,0,0,0,0,0,0,0,0,0,0,0,0,0,0,0,0x00000000,0,0,0,0,0,0,0,0,0,0,0,0,0,0,0,0,0,0,154.068,0,0,0,0
2014-02-03 10:16:10,868,444694638052,0,0,0,0,0,0,0,0,0,0,0,0,0,0,0,0x00000000,0,0,0,0,0,0,0,0,0,0,0,0,0,0,0,0,0,0,154.068,0,0,0,0
2014-02-03 10:17:17,117,444694704301,0,0,0,0,0,0,0,0,0,0,0,0,0,0,0,0x00000000,0,0,0,0,0,0,0,0,0,0,0,0,0,0,0,0,0,0,154.068,0,0,0,0
2014-02-03 10:18:24,420,444694771604,44550,446,44129,30,100,30,31,100,100,0,0,0,0,0,131104,0x007F1FFF,0,2500,0,2500,0,2500,0,2500,0,2500,0,2500,0,0,0,0,0,0,154.068,0,0,0,0
2014-02-03 10:19:29,972,444694837156,0,0,0,0,0,0,0,0,0,0,0,0,0,0,0,0x00000000,0,0,0,0,0,0,0,0,0,0,0,0,0,0,0,0,0,0,154.068,0,0,0,0
2014-02-03 10:20:32,209,444694899393,44590,471,44145,100,100,100,100,100,100,0,0,0,0,0,131104,0x007F1FFF,0.268,2500,0.016,2500,0.002,2500,0.154,2500,0.01,2500,0.004,2500,0,0,0,63952,1426,65097,14.214,0,0,0,0
2014-02-03 10:21:37,116,444694964300,44623,471,44177,40,40,100,41,41,100,0,0,0,0,0,131104,0x007F1FFF,0.206,2500,0.016,2500,0.004,2500,0.004,2500,0.372,2500,0.006,2500,0,0,0,0,0,0,154.068,0,0,0,0
2014-02-03 10:22:42,126,444695029310,44655,471,44210,100,100,100,100,100,100,0,0,0,0,0,131104,0x007F1FFF,0.016,2500,0.016,2500,0.002,2500,0.004,2500,0.556,2500,0.004,2500,0,0,0,65165,3283,65433,14.214,0,0,0,0
2014-02-03 10:23:47,142,444695094326,44688,471,44242,40,40,100,41,100,100,0,0,0,0,0,131104,0x007F1FFF,0.002,2500,0.016,2500,0.268,2500,0.004,2500,0.208,2500,0.004,2500,0,0,0,141,3259,84,14.3192,0,0,0,0
2014-02-03 10:24:52,249,444695159433,44720,471,44275,100,100,100,100,100,100,0,0,0,0,0,131104,0x007F1FFF,0.002,2500,0.016,2500,0.432,2500,0.004,2500,0.01,2500,0.004,2500,0,0,0,407,3055,240,14.4243,0,0,0,0
2014-02-03 10:25:57,688,444695224872,44753,471,44308,100,100,100,100,100,100,0,0,0,0,0,131104,0x007F1FFF,0.002,2500,0.016,2500,0.484,2500,0.004,2500,0.01,2500,0.004,2500,0,0,0,483,2888,326,14.5295,0,0,0,0
2014-02-03 10:27:02,735,444695289919,44785,471,44340,100,100,100,100,100,100,0,0,0,0,0,131104,0x007F1FFF,0.002,2500,0.016,2500,0.424,2500,0.004,2500,0.01,2500,0.004,2500,0,0,0,407,2836,362,14.8449,0,0,0,0
2014-02-03 10:28:07,768,444695354952,44818,471,44373,100,100,100,100,100,100,0,0,0,0,0,131104,0x007F1FFF,0.002,2500,0.016,2500,0.53,2500,0.004,2500,0.01,2500,0.004,2500,0,0,0,229,2897,334,15.1602,0,0,0,0
2014-02-03 10:29:12,802,444695419986,44850,471,44405,100,100,100,100,100,100,0,0,0,0,0,131104,0x007F1FFF,0.002,2500,0.016,2500,0.454,2500,0.004,2500,0.01,2500,0.004,2500,0,0,0,0,2980,235,15.3704,0,0,0,0
2014-02-03 10:30:17,907,444695485091,44883,471,44438,100,100,100,100,100,100,0,0,0,0,0,131104,0x007F1FFF,0.002,2500,0.016,2500,0.464,2500,0.004,2500,0.01,2500,0.004,2500,0,0,0,65295,2977,70,15.7907,0,0,0,0
2014-02-03 10:31:23,6,444695550190,44916,471,44470,40,40,100,41,40,100,0,0,0,0,0,131104,0x007F1FFF,0.002,2500,0.016,2500,0.45,2500,0.004,2500,0.01,2500,0.004,2500,0,0,0,0,0,0,154.068,0,0,0,0
2014-02-03 10:32:28,150,444695615334,44948,471,44503,100,100,100,100,100,100,0,0,0,0,0,131104,0x007F1FFF,0.002,2500,0.016,2500,0.444,2500,0.004,2500,0.01,2500,0.004,2500,0,0,0,64961,2376,65170,16.2108,0,0,0,0
2014-02-03 10:33:33,753,444695680937,44981,471,44536,100,100,100,100,100,100,0,0,0,0,0,131104,0x007F1FFF,0.002,2500,0.016,2500,0.326,2500,0.004,2500,0.218,2500,0.004,2500,0,0,0,64948,1753,65001,16.5259,0,0,0,0
2014-02-03 10:34:38,215,444695745399,45013,471,44568,100,100,100,100,100,100,0,0,0,0,0,131104,0x007F1FFF,0.002,2500,0.016,2500,0.004,2500,0.004,2500,0.474,2500,0.004,2500,0,0,0,65020,1124,64887,16.7359,0,0,0,0
2014-02-03 10:35:43,286,444695810470,45046,471,44600,40,40,100,100,100,100,0,0,0,0,0,131104,0x007F1FFF,0.002,2500,0.016,2500,0.004,2500,0.004,2500,0.458,2500,0.006,2500,0,0,0,65128,510,64840,16.9458,0,0,0,0
2014-02-03 10:36:48,322,444695875506,45078,471,44633,100,100,100,100,100,100,0,0,0,0,0,131104,0x007F1FFF,0.002,2500,0.016,2500,0.004,2500,0.004,2500,0.512,2500,0.004,2500,0,0,0,65205,133,64830,17.2607,0,0,0,0
2014-02-03 10:37:53,666,444695940850,45111,471,44666,100,100,100,100,100,100,0,0,0,0,0,131104,0x007F1FFF,0.002,2500,0.016,2500,0.004,2500,0.004,2500,0.498,2500,0.004,2500,0,0,0,65215,65421,64835,17.6805,0,0,0,0
2014-02-03 10:38:58,376,444696005560,45143,471,44698,100,100,100,100,100,100,0,0,0,0,0,131104,0x007F1FFF,0.002,2500,0.016,2500,0.002,2500,0.004,2500,0.44,2500,0.004,2500,0,0,0,65125,65294,64846,17.8903,0,0,0,0
2014-02-03 10:40:03,692,444696070876,45176,471,44731,100,100,100,100,100,100,0,0,0,0,0,131104,0x007F1FFF,0.002,2500,0.016,2500,0.004,2500,0.004,2500,0.488,2500,0.004,2500,0,0,0,64928,65218,64890,18.5196,0,0,0,0
2014-02-03 10:41:08,434,444696135618,45208,471,44763,100,100,100,100,100,100,0,0,0,0,0,131104,0x007F1FFF,0.002,2500,0.016,2500,0.004,2500,0.004,2500,0.542,2500,0.004,2500,0,0,0,64642,65162,64942,19.0438,0,0,0,0
2014-02-03 10:42:13,832,444696201016,45241,471,44796,100,100,100,100,100,100,0,0,0,0,0,131104,0x007F1FFF,0.002,2500,0.016,2500,0.004,2500,0.004,2500,0.48,2500,0.004,2500,0,0,0,64302,65099,65093,19.6726,0,0,0,0
2014-02-03 10:43:18,455,444696265639,45273,471,44828,100,100,100,100,100,100,0,0,0,0,0,131104,0x007F1FFF,0.002,2500,0.016,2500,0.346,2500,0.004,2500,0.23,2500,0.004,2500,0,0,0,63998,65042,65325,20.3012,0,0,0,0
2014-02-03 10:44:23,881,444696331065,45306,471,44861,100,100,100,100,100,100,0,0,0,0,0,131104,0x007F1FFF,0.002,2500,0.016,2500,0.466,2500,0.004,2500,0.01,2500,0.004,2500,0,0,0,63813,65000,98,21.1389,0,0,0,0
2014-02-03 10:45:28,452,444696395636,45338,471,44893,100,100,100,100,100,100,0,0,0,0,0,131104,0x007F1FFF,0.002,2500,0.014,2500,0.436,2500,0.004,2500,0.01,2500,0.004,2500,0,0,0,63815,65007,427,21.8715,0,0,0,0
2014-02-03 10:46:33,887,444696461071,45371,471,44926,100,100,100,100,100,100,0,0,0,0,0,131104,0x007F1FFF,0.002,2500,0.014,2500,0.57,2500,0.004,2500,0.01,2500,0.004,2500,0,0,0,63945,65103,736,22.8129,0,0,0,0
2014-02-03 10:47:39,100,444696526284,45404,471,44958,40,40,100,41,40,100,0,0,0,0,0,131104,0x007F1FFF,0.002,2500,0.014,2500,0.574,2500,0.004,2500,0.01,2500,0.004,2500,0,0,0,0,0,0,154.068,0,0,0,0
2014-02-03 10:48:43,921,444696591105,45436,471,44991,100,100,100,100,100,100,0,0,0,0,0,131104,0x007F1FFF,0.002,2500,0.016,2500,0.436,2500,0.004,2500,0.01,2500,0.004,2500,0,0,0,64179,110,1134,24.485,0,0,0,0
2014-02-03 10:49:49,98,444696656282,45469,471,45023,40,40,100,41,100,100,0,0,0,0,0,131104,0x007F1FFF,0.002,2500,0.014,2500,0.566,2500,0.004,2500,0.01,2500,0.004,2500,0,0,0,64086,670,1209,25.2159,0,0,0,0
2014-02-03 10:50:54,17,444696721201,45501,471,45056,100,100,100,100,100,100,0,0,0,0,0,131104,0x007F1FFF,0.002,2500,0.016,2500,0.578,2500,0.004,2500,0.01,2500,0.004,2500,0,0,0,63816,1448,1156,25.9465,0,0,0,0
2014-02-03 10:51:59,54,444696786238,45534,471,45088,40,40,100,41,40,100,0,0,0,0,0,131104,0x007F1FFF,0.002,2500,0.014,2500,0.356,2500,0.004,2500,0.01,2500,0.192,2500,0,0,0,0,0,0,154.068,0,0,0,0
2014-02-03 10:53:04,44,444696851228,45566,471,45121,100,100,100,100,100,100,0,0,0,0,0,131104,0x007F1FFF,0.002,2500,0.016,2500,0.034,2500,0.004,2500,0.01,2500,0.432,2500,0,0,0,63092,3179,380,26.7811,0,0,0,0
2014-02-03 10:54:09,125,444696916309,45599,471,45153,40,40,100,41,100,100,0,0,0,0,0,131104,0x007F1FFF,0.002,2500,0.128,2500,0.004,2500,0.1,2500,0.01,2500,0.222,2500,0,0,0,63174,3678,65211,27.0939,0,0,0,0
2014-02-03 10:55:14,211,444696981395,45631,471,45186,100,100,100,100,100,100,0,0,0,0,0,131104,0x007F1FFF,0.002,2500,0.014,2500,0.004,2500,0.522,2500,0.01,2500,0.004,2500,0,0,0,63683,3680,64588,27.3024,0,0,0,0
2014-02-03 10:56:19,770,444697046954,45664,471,45219,100,100,100,100,100,100,0,0,0,0,0,131104,0x007F1FFF,0.002,2500,0.014,2500,0.002,2500,0.56,2500,0.01,2500,0.004,2500,0,0,0,64290,3309,64124,27.4067,0,0,0,0
2014-02-03 10:57:24,140,444697111324,45696,471,45251,100,100,100,100,100,100,0,0,0,0,0,131104,0x007F1FFF,0.002,2500,0.014,2500,0.004,2500,0.54,2500,0.01,2500,0.004,2500,0,0,0,64680,2677,63871,27.5109,0,0,0,0
2014-02-03 10:58:29,236,444697176420,45729,471,45283,40,40,100,41,100,100,0,0,0,0,0,131104,0x007F1FFF,0.002,2500,0.014,2500,0.004,2500,0.056,2500,0.01,2500,0.478,2500,0,0,0,64717,1807,63739,27.3024,0,0,0,0
2014-02-03 10:59:34,303,444697241487,45761,471,45316,100,100,100,100,100,100,0,0,0,0,0,131104,0x007F1FFF,0.002,2500,0.014,2500,0.002,2500,0.004,2500,0.01,2500,0.426,2500,0,0,0,64377,688,63733,27.4067,0,0,0,0
2014-02-03 11:00:39,782,444697306966,45794,471,45349,100,100,100,100,100,100,0,0,0,0,0,131104,0x007F1FFF,0.002,2500,0.014,2500,0.004,2500,0.004,2500,0.01,2500,0.566,2500,0,0,0,63741,64946,63927,27.3024,0,0,0,0
2014-02-03 11:01:44,292,444697371476,45826,471,45381,100,100,100,100,100,100,0,0,0,0,0,131104,0x007F1FFF,0.002,2500,0.014,2500,0.004,2500,0.004,2500,0.01,2500,0.46,2500,0,0,0,63041,63828,64364,27.1982,0,0,0,0
2014-02-03 11:02:49,818,444697437002,45859,471,45414,100,100,100,100,100,100,0,0,0,0,0,131104,0x007F1FFF,0.002,2500,0.014,2500,0.004,2500,0.004,2500,0.01,2500,0.508,2500,0,0,0,62532,63131,64956,26.8854,0,0,0,0
2014-02-03 11:03:54,464,444697501648,45891,471,45446,100,100,100,100,100,100,0,0,0,0,0,131104,0x007F1FFF,0.002,2500,0.014,2500,0.004,2500,0.004,2500,0.01,2500,0.462,2500,0,0,0,62428,62947,65535,26.5725,0,0,0,0
2014-02-03 11:04:59,553,444697566737,45924,471,45479,100,100,100,100,100,100,0,0,0,0,0,131104,0x007F1FFF,0.002,2500,0.014,2500,0.004,2500,0.004,2500,0.01,2500,0.004,2500,0,0,0,62522,63183,422,26.0509,0,0,0,0
2014-02-03 11:06:04,413,444697631597,45956,471,45511,100,100,100,100,100,100,0,0,0,0,0,131104,0x007F1FFF,0.002,2500,0.016,2500,0.004,2500,0.004,2500,0.01,2500,0.004,2500,0,0,0,62583,63828,626,25.6334,0,0,0,0
2014-02-03 11:07:09,690,444697696874,45989,471,45544,100,100,100,100,100,100,0,0,0,0,0,131104,0x007F1FFF,0.002,2500,0.014,2500,0.004,2500,0.004,2500,0.01,2500,0.004,2500,0,0,0,62551,65039,650,25.1115,0,0,0,0
2014-02-03 11:08:14,395,444697761579,46021,471,45576,100,100,100,100,100,100,0,0,0,0,0,131104,0x007F1FFF,0.002,2500,0.014,2500,0.004,2500,0.004,2500,0.01,2500,0.004,2500,0,0,0,62626,1154,516,24.7983,0,0,0,0
2014-02-03 11:09:19,670,444697826854,46054,471,45609,100,100,100,100,100,100,0,0,0,0,0,131104,0x007F1FFF,0.002,2500,0.016,2500,0.004,2500,0.004,2500,0.01,2500,0.004,2500,0,0,0,63073,2834,269,24.276,0,0,0,0
2014-02-03 11:10:24,483,444697891667,46086,471,45641,100,100,100,100,100,100,0,0,0,0,0,131104,0x007F1FFF,0.002,2500,0.014,2500,0.004,2500,0.004,2500,0.01,2500,0.004,2500,0,0,0,63821,3863,65522,23.7536,0,0,0,0
2014-02-03 11:11:29,731,444697956915,46119,471,45674,100,100,100,100,100,100,0,0,0,0,0,131104,0x007F1FFF,0.002,2500,0.016,2500,0.004,2500,0.004,2500,0.01,2500,0.004,2500,0,0,0,64643,4251,65267,23.3356,0,0,0,0
2014-02-03 11:12:34,772,444698021956,46151,471,45706,100,100,100,100,100,100,0,0,0,0,0,131104,0x007F1FFF,0.002,2500,0.016,2500,0.004,2500,0.004,2500,0.01,2500,0.006,2500,0,0,0,65293,4122,65075,23.022,0,0,0,0
2014-02-03 11:13:39,814,444698086998,46184,471,45739,100,100,100,100,100,100,0,0,0,0,0,131104,0x007F1FFF,0.002,2500,0.016,2500,0.004,2500,0.004,2500,0.01,2500,0.006,2500,0,0,0,151,3716,64914,22.7083,0,0,0,0
2014-02-03 11:14:45,2,444698152186,46217,471,45771,40,40,100,41,40,100,0,0,0,0,0,131104,0x007F1FFF,0.002,2500,0.016,2500,0.004,2500,0.004,2500,0.01,2500,0.004,2500,0,0,0,0,0,0,154.068,0,0,0,0
2014-02-03 11:15:49,872,444698217056,46249,471,45804,100,100,100,100,100,100,0,0,0,0,0,131104,0x007F1FFF,0.002,2500,0.014,2500,0.004,2500,0.004,2500,0.01,2500,0.006,2500,0,0,0,154,2614,64667,22.0807,0,0,0,0
2014-02-03 11:16:55,6,444698282190,46282,471,45836,40,40,100,41,40,100,0,0,0,0,0,131104,0x007F1FFF,0.002,2500,0.016,2500,0.004,2500,0.004,2500,0.01,2500,0.006,2500,0,0,0,0,0,0,154.068,0,0,0,0
2014-02-03 11:17:59,961,444698347145,46314,471,45869,100,100,100,100,100,100,0,0,0,0,0,131104,0x007F1FFF,0.002,2500,0.016,2500,0.004,2500,0.004,2500,0.01,2500,0.004,2500,0,0,0,65014,1227,64571,21.1389,0,0,0,0
2014-02-03 11:19:05,20,444698412204,46347,471,45901,40,40,100,41,40,100,0,0,0,0,0,131104,0x007F1FFF,0.002,2500,0.016,2500,0.004,2500,0.004,2500,0.01,2500,0.006,2500,0,0,0,0,0,0,154.068,0,0,0,0
2014-02-03 11:20:09,986,444698477170,46379,471,45934,100,100,100,100,100,100,0,0,0,0,0,131104,0x007F1FFF,0.002,2500,0.016,2500,0.004,2500,0.004,2500,0.01,2500,0.004,2500,0,0,0,64261,65288,64793,20.3012,0,0,0,0
2014-02-03 11:21:15,110,444698542294,46412,471,45966,40,40,100,41,100,100,0,0,0,0,0,131104,0x007F1FFF,0.002,2500,0.016,2500,0.004,2500,0.004,2500,0.01,2500,0.004,2500,0,0,0,63975,64766,65007,19.987,0,0,0,0
2014-02-03 11:22:20,135,444698607319,46444,471,45999,100,100,100,100,100,100,0,0,0,0,0,131104,0x007F1FFF,0.002,2500,0.016,2500,0.004,2500,0.004,2500,0.01,2500,0.006,2500,0,0,0,63733,64451,65250,19.5679,0,0,0,0
2014-02-03 11:23:25,240,444698672424,46477,471,46031,40,40,100,41,100,100,0,0,0,0,0,131104,0x007F1FFF,0.002,2500,0.016,2500,0.004,2500,0.004,2500,0.01,2500,0.006,2500,0,0,0,63545,64379,18,18.939,0,0,0,0
2014-02-03 11:24:30,168,444698737352,46509,471,46064,100,100,100,100,100,100,0,0,0,0,0,131104,0x007F1FFF,0.002,2500,0.016,2500,0.004,2500,0.004,2500,0.01,2500,0.004,2500,0,0,0,63495,64511,357,18.6245,0,0,0,0
2014-02-03 11:25:35,249,444698802433,46542,471,46096,40,40,100,100,100,100,0,0,0,0,0,131104,0x007F1FFF,0.002,2500,0.016,2500,0.004,2500,0.004,2500,0.01,2500,0.006,2500,0,0,0,63605,64849,711,17.9952,0,0,0,0
2014-02-03 11:26:40,293,444698867477,46574,471,46129,100,100,100,100,100,100,0,0,0,0,0,131104,0x007F1FFF,0.002,2500,0.016,2500,0.004,2500,0.004,2500,0.01,2500,0.006,2500,0,0,0,63839,65296,996,17.4706,0,0,0,0
2014-02-03 11:27:45,581,444698932765,46607,471,46162,100,100,100,100,100,100,0,0,0,0,0,131104,0x007F1FFF,0.002,2500,0.016,2500,0.004,2500,0.004,2500,0.01,2500,0.006,2500,0,0,0,64076,333,1203,16.9458,0,0,0,0
2014-02-03 11:28:50,308,444698997492,46639,471,46194,100,100,100,100,100,100,0,0,0,0,0,131104,0x007F1FFF,0.002,2500,0.016,2500,0.004,2500,0.004,2500,0.01,2500,0.006,2500,0,0,0,64186,1011,1301,16.1058,0,0,0,0
2014-02-03 11:29:55,547,444699062731,46672,471,46227,100,100,100,100,100,100,0,0,0,0,0,131104,0x007F1FFF,0.002,2500,0.016,2500,0.004,2500,0.004,2500,0.01,2500,0.006,2500,0,0,0,64100,1807,1281,15.4755,0,0,0,0
2014-02-03 11:31:00,413,444699127597,46704,471,46259,100,100,100,100,100,100,0,0,0,0,0,131104,0x007F1FFF,0.002,2500,0.016,2500,0.004,2500,0.004,2500,0.01,2500,0.006,2500,0,0,0,63820,2632,1109,14.7397,0,0,0,0
2014-02-03 11:32:05,689,444699192873,46737,471,46292,100,100,100,100,100,100,0,0,0,0,0,131104,0x007F1FFF,0.002,2500,0.016,2500,0.004,2500,0.004,2500,0.01,2500,0.006,2500,0,0,0,63429,3384,724,13.8985,0,0,0,0
2014-02-03 11:33:10,377,444699257561,46769,471,46324,100,100,100,100,100,100,0,0,0,0,0,131104,0x007F1FFF,0.002,2500,0.016,2500,0.004,2500,0.004,2500,0.01,2500,0.006,2500,0,0,0,63189,3826,156,13.162,0,0,0,0
2014-02-03 11:34:15,690,444699322874,46802,471,46357,100,100,100,100,100,100,0,0,0,0,0,131104,0x007F1FFF,0.002,2500,0.018,2500,0.004,2500,0.004,2500,0.01,2500,0.006,2500,0,0,0,63324,3855,65044,12.4251,0,0,0,0
2014-02-03 11:35:20,423,444699387607,46834,471,46389,100,100,100,100,100,100,0,0,0,0,0,131104,0x007F1FFF,0.002,2500,0.016,2500,0.004,2500,0.004,2500,0.01,2500,0.006,2500,0,0,0,63759,3504,64529,11.6879,0,0,0,0
2014-02-03 11:36:25,685,444699452869,46867,471,46422,100,100,100,100,100,100,0,0,0,0,0,131104,0x007F1FFF,0.002,2500,0.028,2500,0.004,2500,0.006,2500,0.01,2500,0.006,2500,0,0,0,64218,2872,64188,10.9503,0,0,0,0
2014-02-03 11:37:30,483,444699517667,46899,471,46454,100,100,100,100,100,100,0,0,0,0,0,131104,0x007F1FFF,0.002,2500,0.016,2500,0.002,2500,0.496,2500,0.008,2500,0.006,2500,0,0,0,64446,2071,64024,10.3178,0,0,0,0
2014-02-03 11:38:35,829,444699583013,46932,471,46487,100,100,100,100,100,100,0,0,0,0,0,131104,0x007F1FFF,0.002,2500,0.016,2500,0.004,2500,0.328,2500,0.008,2500,0.094,2500,0,0,0,64413,1029,63966,9.89601,0,0,0,0
2014-02-03 11:39:41,95,444699648279,46965,471,46519,40,40,100,41,40,100,0,0,0,0,0,131104,0x007F1FFF,0.002,2500,0.016,2500,0.002,2500,0.004,2500,0.01,2500,0.422,2500,0,0,0,0,0,0,154.068,0,0,0,0
2014-02-03 11:40:46,8,444699713192,46997,471,46552,100,100,100,100,100,100,0,0,0,0,0,131104,0x007F1FFF,0.002,2500,0.016,2500,0.004,2500,0.004,2500,0.008,2500,0.428,2500,0,0,0,63749,64188,64236,9.15754,0,0,0,0
2014-02-03 11:41:51,81,444699778265,47030,471,46584,40,40,100,41,40,100,0,0,0,0,0,131104,0x007F1FFF,0.002,2500,0.016,2500,0.002,2500,0.004,2500,0.01,2500,0.522,2500,0,0,0,0,0,0,154.068,0,0,0,0
2014-02-03 11:42:56,123,444699843307,47062,471,46617,100,100,100,100,100,100,0,0,0,0,0,131104,0x007F1FFF,0.002,2500,0.016,2500,0.254,2500,0.004,2500,0.01,2500,0.29,2500,0,0,0,63086,62727,64997,8.52427,0,0,0,0
2014-02-03 11:44:01,226,444699908410,47095,471,46649,40,40,100,41,100,100,0,0,0,0,0,131104,0x007F1FFF,0.002,2500,0.016,2500,0.34,2500,0.004,2500,0.01,2500,0.164,2500,0,0,0,62900,62627,65382,7.78512,0,0,0,0
2014-02-03 11:45:06,195,444699973379,47127,471,46682,100,100,100,100,100,100,0,0,0,0,0,131104,0x007F1FFF,0.002,2500,0.016,2500,0.108,2500,0.004,2500,0.008,2500,0.346,2500,0,0,0,62826,62929,177,7.46823,0,0,0,0
2014-02-03 11:46:11,753,444700038937,47160,471,46715,100,100,100,100,100,100,0,0,0,0,0,131104,0x007F1FFF,0.424,2500,0.016,2500,0.002,2500,0.004,2500,0.01,2500,0.004,2500,0,0,0,62704,63657,408,6.83424,0,0,0,0
2014-02-03 11:47:16,249,444700103433,47192,471,46747,100,100,100,100,100,100,0,0,0,0,0,131104,0x007F1FFF,0.536,2500,0.018,2500,0.002,2500,0.004,2500,0.01,2500,0.006,2500,0,0,0,62621,64803,517,6.30572,0,0,0,0
2014-02-03 11:48:21,723,444700168907,47225,471,46780,100,100,100,100,100,100,0,0,0,0,0,131104,0x007F1FFF,0.456,2500,0.016,2500,0.004,2500,0.054,2500,0.01,2500,0.004,2500,0,0,0,62692,865,557,5.98851,0,0,0,0
2014-02-03 11:49:26,418,444700233602,47257,471,46812,100,100,100,100,100,100,0,0,0,0,0,131104,0x007F1FFF,0.356,2500,0.016,2500,0.002,2500,0.07,2500,0.01,2500,0.006,2500,0,0,0,63038,2436,508,5.67124,0,0,0,0
2014-02-03 11:50:31,813,444700298997,47290,471,46845,100,100,100,100,100,100,0,0,0,0,0,131104,0x007F1FFF,0.208,2500,0.016,2500,0.002,2500,0.004,2500,0.218,2500,0.004,2500,0,0,0,63664,3655,383,5.45969,0,0,0,0
